Rpectbase_X,Rpectbase_Y,Rpectbase_Z,Rpecttip_X,Rpecttip_Y,Rpecttip_Z,Lpectbase_X,Lpectbase_Y,Lpectbase_Z,Lpecttip_X,Lpecttip_Y,Lpecttip_Z,Rpelvicbase_X,Rpelvicbase_Y,Rpelvicbase_Z,Rpelvictip_X,Rpelvictip_Y,Rpelvictip_Z,Lpelvicbase_X,Lpelvicbase_Y,Lpelvicbase_Z,Lpelvictip_X,Lpelvictip_Y,Lpelvictip_Z,snout_X,snout_Y,snout_Z,mid1_X,mid1_Y,mid1_Z,mid2_X,mid2_Y,mid2_Z,mid3_X,mid3_Y,mid3_Z,peduncle_X,peduncle_Y,peduncle_Z,caudaltip_X,caudaltip_Y,caudaltip_Z
200.1112,489.1961,0.8118,204.7708,512.6613,0.7531,196.7704,475.2405,0.8780,191.8138,451.6439,0.9361,156.9553,500.9173,-1.4628,159.3101,512.5083,-4.6878,154.3415,489.0708,-1.5612,152.0445,477.6302,-4.8118,219.8745,480.0985,2.4216,196.0506,482.6962,-1.9655,172.3753,488.1420,-3.6485,149.9845,497.4005,-0.1279,127.0711,504.0825,3.3414,102.4999,504.9693,2.2737
201.6969,489.3334,1.9325,202.7103,514.9288,-4.1994,198.7511,475.3700,2.2483,197.9957,452.2359,8.0327,158.5303,499.2667,-2.3646,161.8311,510.7912,-6.6041,156.0493,487.3838,-2.6390,152.8366,475.9049,-6.2271,221.6661,480.2021,3.0859,197.9560,482.6464,-0.5810,174.1594,487.0935,-3.5619,151.7174,495.8860,-1.4649,128.7850,503.9997,2.5046,104.5719,506.4773,3.0957
203.3211,489.9021,2.9496,202.1625,516.4286,-7.2496,200.7358,475.5632,3.0145,202.6501,452.4543,13.2491,159.8277,497.9098,-3.1168,164.1405,509.3141,-7.9211,157.6232,485.9899,-3.1897,153.2033,474.5988,-8.0243,223.9909,480.4345,3.4241,199.5226,482.8572,0.3183,176.0578,486.5003,-3.3893,153.1344,494.2354,-2.2483,130.6084,503.7190,1.7604,106.9664,507.1806,3.4782
205.6241,489.8310,4.0106,202.9884,517.0038,-8.4180,202.6100,475.6784,4.1640,206.3868,452.7710,16.7153,161.4005,496.0896,-3.1735,166.5277,507.4833,-8.8758,158.9947,484.5572,-3.3406,153.8384,473.5430,-9.0528,225.6263,480.3200,3.6404,201.5001,483.0577,1.2963,177.8129,485.7175,-2.7142,154.6112,492.5524,-3.0282,131.9571,502.4894,0.6377,108.9001,508.0010,3.5831
207.5051,490.3834,5.2095,203.9613,517.9705,-8.5455,204.4517,476.5967,5.1180,208.4597,452.8797,18.4337,163.2112,495.1105,-3.5149,168.8672,506.1989,-9.3233,160.5435,483.4732,-3.7220,154.4421,472.4985,-9.8048,227.2199,480.2010,3.2622,203.5032,483.6207,2.1777,179.4982,485.3667,-1.9793,156.0046,491.3081,-3.5046,133.8627,501.1026,-0.2627,110.5997,508.2757,3.1372
209.4904,490.6685,5.7230,205.9245,518.1577,-8.2822,206.5290,476.3559,5.7401,210.7586,453.4307,19.2861,165.1991,494.0503,-3.1901,171.2580,504.8867,-10.1132,162.4503,482.4613,-2.8442,155.6907,471.6464,-9.8489,229.0762,479.7863,2.9904,205.4973,483.7942,3.1882,181.2719,485.5093,-0.8682,157.6224,490.0733,-3.7787,135.3669,499.3813,-1.5256,112.4273,508.2828,2.8251
211.1389,491.0033,6.0602,207.6874,518.5799,-8.0322,208.1289,476.9939,5.7205,212.7912,453.6876,19.9143,166.7377,493.5778,-2.6961,173.8808,504.4501,-9.7179,163.9718,481.9224,-2.7482,156.8184,471.1506,-9.6536,230.7561,479.6452,2.0495,207.1691,484.1511,3.4012,183.2558,485.9357,0.3987,159.1973,488.9988,-3.2834,136.7937,497.6944,-2.2414,114.2649,508.0482,2.0741
213.1431,491.2313,5.9531,209.1999,518.7333,-8.0990,209.8997,476.8431,5.8332,215.2733,453.8086,20.1644,168.2939,493.4875,-1.6076,176.1823,504.1105,-9.0026,165.8786,481.6482,-1.7175,157.6649,471.2410,-8.9484,232.9495,478.7385,0.7592,209.4245,484.3375,3.4892,185.0039,486.3642,1.4465,160.8935,488.6261,-2.8854,137.8758,495.8856,-3.0877,116.0914,506.5165,0.7625
214.9183,490.8355,5.7322,211.0427,518.6293,-8.6277,212.1701,476.9456,5.4669,216.7188,453.8625,19.5150,170.0696,493.5943,-0.7477,178.4359,503.7836,-8.0229,167.7131,482.0350,-0.6396,159.4682,471.5135,-8.2089,234.3514,477.9906,-0.4257,211.3609,484.2289,3.4615,186.9739,487.0756,2.0817,162.8366,488.2213,-1.7853,139.6594,494.2876,-3.6903,117.3511,505.0196,-0.5484
216.6418,490.3714,4.8235,213.0993,518.1045,-9.4193,213.6393,476.3592,4.9712,218.4443,453.5276,19.1609,171.8634,493.8506,0.2447,181.1177,504.2617,-6.7832,169.4310,482.5495,0.2716,160.5322,471.8798,-6.6880,236.1787,476.9840,-1.3693,212.7157,484.1621,2.8404,188.9993,487.6593,3.0673,164.8877,488.1934,-0.7629,141.0395,492.8076,-3.5478,118.6164,503.3214,-1.6876
218.5080,490.2237,3.9067,214.6697,517.7357,-10.3833,215.5604,476.0500,3.7162,220.2405,452.8722,18.0600,173.9623,494.8054,1.0587,183.2264,504.7838,-5.7328,171.4747,482.8284,1.3754,162.2407,472.6724,-5.8847,237.4318,476.2613,-2.5311,214.8491,483.3807,2.1270,191.1291,488.1707,3.2176,166.7912,488.9275,-0.0155,142.7812,492.0654,-3.3561,120.2105,501.3206,-2.2724
220.2611,489.3969,2.9283,216.6521,516.7002,-11.1428,217.2512,475.1112,3.0675,221.7705,452.0160,16.6015,175.9875,495.5991,2.5070,185.4501,505.6567,-4.3217,173.2861,483.8974,2.5750,164.0128,473.5940,-4.4370,239.3143,475.5220,-3.0044,216.1019,482.7809,0.8706,192.8916,488.5070,3.8728,168.4858,489.6824,1.1977,144.4714,491.5085,-2.6275,121.6592,499.2669,-3.3799
221.6730,488.1042,1.8250,218.2716,515.8309,-12.1604,218.8832,474.0163,1.6154,223.5017,450.8721,15.5222,178.2342,496.2271,2.9919,187.4479,506.5040,-3.4153,175.5360,484.6455,3.2163,166.1795,474.2323,-3.2930,241.1582,474.3544,-3.3798,218.0025,481.8219,-0.1141,194.8527,488.3674,3.2378,170.6069,490.6441,2.0219,146.4204,490.7565,-2.0723,123.1785,497.4563,-3.5143
223.2229,487.3938,0.5508,220.2488,514.6786,-12.5515,220.4289,473.0414,0.6889,224.3436,449.9810,13.8321,179.7629,497.1837,3.3677,189.3692,507.2424,-2.7139,177.3534,485.1506,3.5231,167.8838,475.3655,-2.5728,242.5833,473.6447,-3.8438,219.5707,480.9818,-1.3233,196.4688,488.3076,2.6722,172.8651,491.2634,3.1361,148.0604,491.2507,-0.9568,124.5495,495.5169,-3.6987
225.0103,485.8353,-0.1242,222.8305,512.9077,-12.3122,221.6026,471.9682,-0.1690,225.3375,448.9276,11.7482,182.0117,497.1387,3.8869,191.3226,507.5333,-2.1055,179.1095,485.5501,3.9098,169.7799,475.1307,-2.0312,244.3570,473.0960,-3.5150,221.3686,479.5589,-2.3839,198.4591,487.8338,1.9146,174.7497,491.9678,3.5210,150.1006,491.9669,0.2095,126.1046,494.7265,-3.1444
226.2545,484.9553,-0.7534,225.6080,511.2027,-10.3141,223.6100,470.6552,-0.8826,225.0964,447.7889,8.1912,183.8559,497.6933,3.3395,193.0497,507.7544,-1.7035,181.2005,485.6955,3.4413,172.3507,475.6255,-1.6643,245.8978,472.5042,-2.8272,223.1197,478.3657,-3.0875,199.8636,487.0164,0.6592,176.7904,492.4482,3.8766,152.2196,492.9455,1.3745,128.0883,494.1583,-2.6846
228.3827,483.6895,-0.9221,230.4008,508.3695,-5.4804,225.1770,470.0284,-1.4711,223.0444,446.4396,3.1924,185.6394,497.1480,2.7218,194.6305,507.6625,-1.6474,183.1456,485.5994,2.5667,174.3281,475.2060,-1.7480,247.8295,472.1353,-2.0036,224.4318,477.3723,-3.6158,201.3896,485.8286,-0.4124,178.4772,492.7389,3.2406,154.1501,493.9191,2.1008,129.6885,493.8117,-1.5574
229.9251,483.0502,-1.0020,236.1064,505.9224,1.1726,226.9660,468.9479,-1.0453,220.3978,445.4499,-3.9251,187.2149,496.8824,2.0955,195.7887,507.1863,-1.6921,184.9233,484.8829,1.7825,176.4821,474.6617,-1.4203,249.7147,472.2190,-1.0574,226.2158,476.6500,-3.8809,203.4399,484.4951,-1.3976,180.6993,492.3616,2.8540,156.5113,495.0075,3.1304,131.6257,494.4088,-0.8725
231.5371,482.2284,-0.6513,241.4145,503.5317,7.1618,228.5438,468.4531,-1.0033,217.8337,444.9464,-8.5705,189.1854,496.0466,0.9994,197.1150,506.1910,-2.1330,186.4506,484.0147,0.7886,178.5711,473.6121,-1.8652,251.5174,472.3958,0.1467,227.6757,476.1327,-3.3618,204.9067,483.3143,-2.4459,182.0548,492.0523,1.7802,158.2796,496.0707,3.6064,133.6918,495.0130,0.4321
233.2583,482.0694,0.2109,245.4319,502.0775,11.1784,230.4132,467.9717,-0.0317,217.3825,444.2153,-11.3242,190.4754,494.3481,-0.3764,198.1509,505.2531,-2.2527,187.9759,482.6867,-0.4446,180.9878,472.0103,-2.0698,253.6500,472.3495,1.2025,229.7023,475.5162,-2.6426,206.2915,481.6720,-3.0646,183.8070,490.9090,0.8022,160.2459,496.6073,3.4502,135.7577,496.5063,1.5945
235.2000,482.0930,0.5827,248.1311,501.5862,13.8176,232.1000,467.7605,0.5323,218.2683,444.0173,-11.8286,191.9553,493.4941,-1.3260,198.6911,504.1862,-2.2439,189.8288,481.4893,-1.5098,183.0744,470.7697,-2.1918,255.3398,472.5569,2.2744,231.1908,475.2971,-1.9271,207.8958,480.6213,-3.5727,185.3931,489.8475,-0.1944,162.3735,496.6983,3.3965,137.8553,497.4566,2.4155
236.8136,481.6841,1.9220,250.2478,501.0343,15.6950,234.0120,467.8515,1.8308,219.5702,443.9586,-11.5530,193.7016,491.8204,-2.5980,199.4357,502.5930,-2.3145,191.1436,479.8958,-2.1829,185.1034,468.9609,-2.3821,257.0710,472.7855,3.0485,233.0721,475.5473,-0.7574,209.5425,479.3597,-3.3438,186.9324,488.4449,-1.3166,164.0880,496.7225,2.7354,140.1085,498.8602,2.8354
238.9909,481.9201,3.3935,252.2823,501.3175,16.9111,235.9741,468.1355,2.9876,221.3618,444.2316,-10.8258,195.3537,490.1181,-3.0417,200.1276,501.2918,-2.2516,192.7063,478.4991,-2.9683,187.7871,466.9504,-2.0109,258.9880,472.7025,3.6407,234.8500,475.3526,0.3796,211.2846,478.5763,-3.6523,188.3498,486.7217,-2.3948,165.8160,496.0949,1.8306,141.9681,499.8841,3.4420
240.6250,482.5004,4.1221,254.3263,501.7126,18.1383,237.4323,468.5257,3.9980,223.2027,444.6762,-10.0670,196.5605,488.9261,-3.5579,201.2326,500.2260,-1.5639,194.1950,477.2323,-3.4096,189.9635,465.6940,-1.6617,260.8837,472.9039,3.6198,236.7681,475.4963,1.4182,212.9281,478.1297,-2.7342,189.8751,485.0446,-2.9840,167.2245,495.0454,0.9650,144.1566,500.5731,3.6652
242.5680,482.8867,4.8581,256.2898,501.8357,19.4404,239.5640,468.6171,4.9274,224.9462,444.9437,-9.0867,198.2309,487.6400,-3.4855,201.7248,499.0512,-1.0811,195.9695,475.9386,-3.5981,192.4545,464.4381,-1.0483,262.6089,472.4046,3.2717,238.6329,475.8505,2.3317,214.8313,477.9868,-1.8509,191.3719,483.8128,-3.2861,169.0496,493.7485,-0.1195,145.7978,501.1391,2.9629
244.6910,483.4422,5.8770,258.3853,502.3277,19.9442,241.8250,469.1283,5.6119,226.9016,445.6266,-8.5614,199.7822,486.9192,-3.4321,202.4051,498.4203,0.0139,197.3649,474.8758,-3.5752,194.9237,463.1233,-0.2590,264.4984,472.2913,2.7032,240.7116,476.2778,3.1011,216.5645,478.1166,-0.9021,192.9172,482.4597,-3.4415,170.3915,492.2667,-1.3099,147.5555,500.7764,2.5283
246.5495,483.3334,6.1204,260.4176,502.5789,20.0349,243.3385,469.4032,5.9790,228.6036,445.7778,-8.2935,201.6066,486.1263,-2.6981,203.3056,498.1394,1.1410,199.1296,474.5403,-3.0140,197.5667,462.6671,1.5821,266.1879,472.0833,1.8271,242.6946,476.8088,3.4823,218.4400,478.5170,0.2209,194.4287,481.5010,-3.1766,171.8830,490.2209,-2.1829,149.1760,500.4309,2.0778
248.3927,483.3213,6.0219,262.0402,502.8452,19.8889,245.3892,469.6110,5.8147,230.6095,445.6543,-8.1015,203.4663,486.1337,-2.1054,204.2913,498.2394,3.2227,201.3756,474.2587,-1.9086,200.2949,462.1798,2.8884,267.7761,471.1208,0.6499,244.4139,476.9808,3.3096,220.5637,478.7948,1.1997,196.2204,480.7188,-2.6630,173.1927,488.4047,-2.9429,151.1607,499.0795,0.8784
250.1748,483.2950,5.5218,263.7743,502.8931,19.5534,247.2147,469.3190,5.4677,232.5680,445.6262,-8.5515,205.2138,486.0144,-0.8903,204.8624,498.4267,4.5615,202.8624,474.3267,-0.7347,203.0040,461.9117,4.8835,269.6450,470.6298,-0.2462,246.2249,476.8435,3.2779,221.9332,479.2422,2.1661,198.2406,481.0075,-1.8664,174.9222,486.5705,-3.3605,152.6182,497.5323,-0.4648
251.8223,483.0715,4.9112,265.3844,502.1950,18.5174,248.7130,468.8578,5.0733,234.1546,445.1559,-8.7934,207.5597,486.4324,0.4543,206.0211,498.9729,6.4139,204.8832,474.6855,0.1068,205.4384,462.6677,6.3088,271.2915,469.6960,-1.3447,248.1291,476.3912,2.7022,224.1218,480.2047,3.0270,199.8052,480.7408,-0.9994,176.1554,485.5380,-3.3109,153.9900,495.5839,-1.5757
253.8962,482.6885,3.7861,266.8551,502.0884,16.8886,250.7601,468.3318,3.8060,237.1181,444.6457,-9.1743,209.2899,487.1714,1.1881,207.5548,500.0018,7.6770,206.9739,475.5173,1.4530,208.3771,462.9712,7.6918,272.9302,468.8230,-2.5670,249.7227,476.2605,1.9710,226.3593,480.6454,3.6456,202.0826,481.3739,0.0987,177.8303,484.6180,-3.4481,155.2422,493.4509,-2.2528
255.2365,481.3597,2.7868,267.3294,501.8820,14.1886,252.1898,467.5030,2.8350,239.6587,443.7729,-8.6269,211.4264,487.7780,2.5120,209.0577,500.5259,9.2127,208.4662,476.2391,2.4750,211.2155,463.2929,9.2581,274.4346,467.5276,-3.0689,251.5626,475.2819,0.8702,228.0911,481.1257,3.3836,204.0702,481.9917,0.9338,179.7405,483.7026,-2.9213,157.0750,491.9385,-3.3875
256.7339,480.6228,1.5538,266.6030,501.9587,9.5389,253.8206,466.5655,1.6528,243.3786,443.0569,-6.2991,213.1986,488.8397,3.3117,210.2173,501.8514,10.0360,210.8498,476.7877,3.0982,213.5089,464.1007,10.1634,276.0232,467.1128,-3.5005,252.8653,474.4362,-0.4111,229.8905,481.0423,3.3930,205.9693,483.1772,2.4767,181.5012,483.7935,-1.7270,158.2820,489.7556,-3.5852
258.7861,479.3783,0.6758,265.0663,502.1946,2.8686,255.7432,465.5315,0.5194,248.7922,441.9962,-1.7445,215.5966,489.3817,3.3140,211.4893,502.3436,10.5732,212.6177,477.6432,3.3359,216.0879,464.6759,10.5855,277.8242,466.2577,-3.5030,254.8368,473.2982,-1.6540,231.6485,480.8876,2.9159,208.1496,483.8661,3.0984,183.2381,484.0017,-0.8106,159.9496,488.2810,-3.6842
259.9679,478.7567,-0.3039,262.4174,503.1497,-4.6885,257.4296,464.2545,-0.2402,255.0557,440.9873,3.9367,217.4146,489.9758,3.4869,213.3249,502.8857,10.9130,214.8736,478.3189,3.5626,218.4021,465.0431,10.9110,279.4296,465.7386,-3.2970,256.4585,472.1487,-2.5506,233.6626,480.2384,1.8283,209.9180,484.3800,3.4399,185.5107,484.3861,0.2217,161.5563,487.0155,-3.2775
261.8716,477.4776,-0.8557,261.3193,503.5527,-10.2131,258.8711,463.5208,-0.7674,260.1909,440.0277,8.5142,219.1003,490.0765,3.2805,214.8278,503.0604,10.2698,216.3869,478.5705,3.3874,220.5814,465.0695,10.6477,281.3298,465.0204,-2.7425,257.7693,470.9724,-2.7006,235.1555,479.2812,0.5765,211.8945,485.1165,3.6511,187.4899,485.4814,1.3146,163.2435,486.5103,-2.6272
263.2083,476.2031,-1.2236,260.8701,503.6953,-12.9447,260.3995,462.1658,-1.1216,263.5823,439.2591,10.8447,220.6283,489.8116,2.8755,216.4928,502.8475,9.8444,218.6149,478.3833,2.8674,222.9621,464.6272,9.5831,283.1042,465.0386,-1.8017,259.4705,469.9748,-3.3698,236.9141,478.2919,-0.2363,213.8059,484.8737,3.2650,189.5864,486.0896,2.3840,164.7639,486.3849,-1.7668
265.4765,475.8537,-1.2121,261.8740,502.9764,-14.5196,261.9575,461.4502,-1.4279,266.3344,438.3259,12.3014,222.5879,489.1529,2.0925,217.9475,502.4542,8.6921,220.3082,477.6111,1.9858,224.6290,464.0426,8.4455,284.6354,464.7628,-1.0319,261.4794,469.3469,-3.3171,238.6943,477.1147,-1.3002,215.3721,485.1448,2.6090,191.2724,487.2995,2.9909,166.7778,486.9918,-0.6231
266.8843,475.1045,-0.8083,263.4159,502.5714,-14.2273,263.7216,460.5349,-0.6567,268.5029,437.6073,13.0109,224.1526,488.2802,0.5126,219.8155,501.6248,7.0782,221.5232,476.6196,0.9716,226.3484,463.0968,6.9547,286.6412,464.8811,0.3203,262.9531,468.5775,-3.3569,240.1219,475.5001,-2.2681,217.3437,484.4992,1.7843,193.5059,488.5685,3.6672,169.1498,487.8980,0.1902
268.8953,474.3028,-0.1197,264.8492,502.5480,-14.0808,265.2437,460.4289,0.0690,270.1699,437.1277,13.7951,225.7556,487.2645,-0.4389,221.5456,500.4843,5.4958,223.3106,475.4255,-0.2255,227.6921,462.0139,5.3775,288.5697,465.0071,1.6417,264.4921,468.0382,-3.0779,241.5647,474.3044,-3.1514,218.6854,483.5539,0.8795,195.6391,488.7365,3.1606,170.8718,488.9086,1.4174
270.2440,474.1706,0.8793,266.5597,502.1051,-13.2279,267.2606,460.1870,0.8328,272.0908,437.0433,14.6112,227.3699,485.6929,-1.3252,223.2308,498.9099,3.8417,224.9448,474.0741,-1.2779,229.0202,460.7485,3.4591,290.3077,465.1175,2.5173,266.5058,467.4719,-1.8154,243.2884,473.2724,-3.3953,220.4185,482.3572,-0.0481,197.3200,489.4000,3.3626,172.9710,489.7879,2.6193
272.1023,474.6783,2.0131,268.2801,502.0401,-12.3213,269.3073,460.3282,2.0040,274.0266,437.2617,15.8465,228.8944,484.1939,-2.1277,224.8691,497.4774,1.7976,226.1904,472.5864,-2.4396,230.0500,459.2324,1.8698,292.2761,465.1103,3.1222,268.0979,467.7842,-0.6230,244.8314,471.9085,-3.4929,222.0887,480.5249,-1.4959,199.2488,489.2662,2.7670,175.1677,491.4759,3.1956
274.0179,474.7492,3.2969,270.5313,502.2454,-10.9722,270.8051,460.8006,2.9763,275.9040,437.3833,17.2860,230.6187,482.6751,-3.2134,227.0624,495.7603,0.4996,227.9944,470.8703,-2.8713,231.6196,458.1231,0.1841,294.3290,465.3480,3.5611,270.1095,467.6925,0.1365,246.3144,471.3691,-3.4660,223.4013,479.3963,-2.3560,200.8885,488.6901,2.0696,177.3144,491.9901,3.5758
275.9429,474.6867,4.1290,272.1260,502.7749,-9.6932,273.1834,460.7064,4.0867,277.7510,437.8337,18.2849,231.8449,481.2590,-3.7304,229.2111,494.1214,-0.6450,229.5664,469.6805,-3.2724,232.3108,456.2533,-1.0583,296.1070,465.3117,3.6342,272.1307,467.9572,1.0932,248.1275,470.7492,-2.7857,225.1025,477.8022,-2.9652,202.7780,487.3927,0.9479,179.1676,493.1768,3.6948
278.0869,475.0951,4.8719,274.3522,503.1427,-9.1322,274.9300,461.3070,4.9813,279.4064,437.8838,18.9098,233.5181,480.1101,-3.3723,231.4167,493.1374,-2.0181,230.7455,468.6161,-3.6520,233.3634,455.6449,-1.5208,297.9073,465.2131,3.3409,274.2785,468.5287,2.2047,249.8857,470.6564,-1.8173,226.2972,476.1900,-3.4887,204.1687,485.9774,-0.2828,180.9429,493.3598,3.1703
280.1416,475.7386,5.7098,276.2348,503.6450,-8.1437,276.7410,461.7118,5.6377,281.4778,438.2980,19.4485,235.0155,479.1342,-3.5455,233.2743,491.7167,-2.3470,232.6293,467.5052,-3.6329,234.2474,454.9930,-2.5438,299.6326,464.9517,2.6983,275.8401,468.8509,3.2776,252.0151,470.6113,-0.9622,227.8427,474.9550,-3.5483,205.5238,484.2787,-1.3484,182.7375,493.0560,2.7681
281.6610,475.9283,5.9063,278.3942,503.8585,-7.5067,278.6483,461.8946,5.8580,283.3839,438.6398,19.3530,236.8594,478.8419,-2.6173,235.9747,491.1942,-2.6081,234.5203,466.8348,-2.5858,234.8803,454.3964,-2.7905,301.5789,464.9366,1.6815,277.9194,469.2288,3.2576,253.5287,470.8378,0.3334,229.9564,474.2219,-3.2205,207.1386,482.5721,-2.2657,184.8176,492.8379,2.1107
283.6782,475.8956,6.1064,280.8579,503.4117,-6.6324,280.8775,461.9666,5.8405,284.1371,438.6981,18.3360,238.8362,478.7313,-2.0527,238.5477,491.0831,-2.7438,236.1953,466.7049,-1.7725,236.5743,454.2595,-2.5194,303.0699,463.7275,0.6625,279.6727,469.3442,3.5634,255.7303,471.4878,1.2698,231.4556,473.5922,-2.7059,208.5493,481.1907,-3.0825,186.1461,491.8041,0.4703
285.3427,475.8070,5.3816,284.1815,502.4749,-4.9714,282.4236,461.7789,5.3938,284.5388,438.8066,15.9374,240.5781,478.6360,-0.8809,241.3115,490.4326,-2.7574,238.2295,466.7869,-0.9761,237.1547,454.8283,-2.7826,304.7652,462.9092,-0.4919,281.5280,469.1500,3.4665,257.5879,472.3652,2.4445,232.9963,473.1924,-1.7419,210.1223,479.1348,-3.5024,187.6734,490.2433,0.0257
287.0610,475.3805,4.8834,288.5888,500.8872,-1.6555,284.2298,461.5935,4.6085,283.3050,438.1952,11.1442,242.3824,479.0125,0.3542,244.3864,491.0203,-2.3380,239.9793,467.3917,0.2036,238.5837,455.4764,-2.1536,306.5803,462.3646,-1.2939,283.2894,468.9724,2.6530,259.4065,472.8085,3.3257,235.1413,473.3610,-0.7987,211.4574,478.0795,-3.4639,189.1942,488.2978,-1.3444
288.8068,475.0202,3.9230,293.7038,498.2533,3.8586,286.0012,460.8342,3.9483,280.8945,437.7585,4.0866,244.5048,480.0461,1.4233,246.9289,491.4636,-1.9409,241.8995,467.7229,1.3934,239.3267,456.3022,-2.1075,307.9547,460.9870,-2.2767,284.9741,468.4961,1.7621,261.5173,473.1778,3.7400,237.2255,473.7744,0.2234,213.1674,476.6469,-3.5154,190.8928,486.1249,-2.5389
290.2610,474.1724,2.8714,299.4717,495.6504,8.9752,287.6335,459.9055,2.8195,278.1666,436.4511,-3.4204,246.5622,480.3989,2.4979,250.0746,492.1353,-1.8592,243.9869,468.4023,2.0956,240.7284,456.9405,-1.8940,309.7942,460.4244,-3.0013,286.6567,467.9683,0.8602,263.5725,473.4762,3.2588,239.3454,474.8369,1.4078,214.9464,476.0354,-2.8548,192.0124,484.2478,-3.0871
291.9176,473.5779,1.7030,303.4869,493.3243,12.2085,289.3547,459.2265,1.7351,277.1134,435.4066,-8.5032,248.5596,481.1029,3.0274,252.7319,492.6034,-1.9794,246.2192,469.4645,2.9091,241.4448,458.2917,-1.7301,311.2557,459.7258,-3.4313,288.3966,467.1520,-0.2067,265.2974,473.5240,3.2230,241.0015,475.2584,2.4083,216.8179,476.3817,-1.9424,193.7179,482.0544,-3.4493
293.7729,472.3133,0.7764,306.5221,491.8256,13.1309,290.6570,457.9359,0.6790,277.2261,434.2857,-11.8666,250.6882,481.9445,3.6130,255.5262,492.9796,-2.2153,247.9632,470.4324,3.4671,242.9586,459.1419,-2.0026,313.1991,458.5441,-3.6320,290.1463,466.1103,-1.2702,267.0966,473.3631,2.6837,243.2589,476.3259,2.8614,218.7864,476.5992,-0.8310,194.4892,480.8101,-3.6627
295.6294,470.5606,-0.1107,308.7319,490.3321,13.2131,292.3758,456.7598,-0.3012,278.0516,433.2689,-13.9128,252.4444,482.7516,3.3269,258.4273,493.3618,-2.5523,250.0323,470.7100,3.6366,243.7870,459.6826,-2.6709,314.7391,457.7602,-3.5594,291.5208,465.0130,-2.4744,268.5952,472.7944,1.7684,245.1882,477.2001,3.5634,220.5435,477.0729,0.3086,196.4320,480.0616,-3.1343
297.0098,469.8204,-0.7675,310.4423,489.3971,12.9465,293.8562,455.9834,-0.6559,279.5279,432.3459,-14.8775,254.3015,482.6875,3.2770,260.8414,493.3525,-3.0032,251.9167,470.8208,3.2230,245.0760,459.9182,-3.3250,316.1810,457.6387,-2.9157,292.9894,463.6953,-3.1505,270.5750,472.0854,0.7950,246.9140,477.7368,3.5557,222.6774,477.7236,1.5587,198.3886,479.1231,-2.8865
298.5266,468.8526,-1.0529,312.4554,488.4100,12.8960,295.7488,454.5859,-1.2738,280.9706,431.0854,-15.2908,255.9421,482.3438,2.7054,263.4745,492.8114,-4.1954,253.4490,470.5606,2.6273,246.0585,460.1955,-4.0220,318.3362,457.1882,-1.8806,294.6164,462.3707,-3.4227,272.0269,470.9196,-0.4109,249.0500,477.8796,3.0739,225.1068,479.0239,2.2922,199.7667,479.0937,-1.8384
300.3811,468.2245,-1.0711,314.5665,487.2889,12.9046,297.2769,454.1348,-0.9707,282.7218,430.3543,-15.3628,257.5831,481.8321,1.9916,265.9268,492.2308,-4.9801,255.2215,470.1488,1.9274,247.5079,459.4024,-4.9189,320.3017,457.3006,-0.6592,296.3430,461.5912,-3.7394,273.5586,469.4591,-1.7508,250.6903,477.2500,2.5925,226.5592,479.7902,3.3229,202.3757,479.6131,-0.6537
302.2259,467.5190,-0.8827,315.8453,486.3677,13.5059,298.8474,453.2381,-1.0145,284.4165,429.4825,-14.8451,259.4340,480.7112,1.0062,268.0564,491.3782,-6.3343,256.9542,469.0093,0.8679,248.4517,458.7303,-6.2547,321.7113,457.3907,0.1407,298.2742,460.8283,-3.6319,275.1015,468.6263,-2.0907,252.5082,476.8886,2.0491,228.6071,480.9631,3.4893,204.2007,480.2142,0.2384
303.5724,467.0679,0.0120,317.4440,486.0017,14.1059,300.5706,453.0921,-0.0005,286.0493,429.3586,-14.2509,260.9575,479.9538,-0.2069,269.8856,490.0570,-7.2559,258.4632,467.9602,-0.1832,249.6760,457.3095,-7.3851,323.7741,457.4628,1.3095,299.8904,460.4172,-2.6314,276.7282,466.8846,-3.0519,254.2474,475.9110,0.9748,230.3072,481.4952,3.7458,205.9993,481.2260,1.6285
305.6195,467.2481,0.7291,319.3532,486.0467,14.9290,302.5768,452.8058,0.9102,287.9044,428.9845,-13.4077,262.4645,478.0521,-1.3878,271.7260,488.6253,-8.5338,260.3463,466.5119,-1.5433,250.9562,456.2069,-8.7795,325.5354,457.4936,2.3675,301.5915,460.0715,-1.8769,278.2232,465.6504,-3.4049,255.6583,474.9236,-0.1704,232.7745,481.8430,3.3397,208.5373,482.6975,2.2116
307.5849,467.0740,2.1704,320.8796,486.3786,16.3141,304.3646,453.0410,2.1754,289.8515,429.1609,-12.0807,264.1175,476.7003,-2.2983,273.4152,486.9884,-9.1271,261.6163,464.9777,-2.3162,252.2942,454.7639,-9.2917,327.5047,457.6292,3.2640,303.3258,460.1317,-0.8574,280.0549,464.2244,-3.6294,257.1329,473.3804,-1.3047,234.4201,481.6384,2.9523,210.5649,483.7424,3.2698
309.3266,467.2549,2.9630,322.8692,486.2607,16.8860,306.3868,453.1094,3.1003,291.8975,429.1367,-10.8432,265.8238,475.4322,-2.8823,275.0069,485.5119,-9.5754,263.3093,463.6549,-3.1163,253.5077,453.2941,-9.7180,329.4223,457.8749,3.4412,305.2730,460.2429,0.1323,281.7657,463.6665,-3.1003,258.6521,471.7001,-2.2442,236.1766,481.1910,1.9138,212.3686,484.8868,3.4322
311.4275,467.5240,4.2355,324.5741,487.1134,17.4972,308.1154,453.4673,4.3379,293.9999,429.8893,-8.9784,267.0618,473.6359,-3.6668,276.5094,483.9929,-9.3575,264.4554,462.2240,-3.7808,255.0691,451.8098,-9.4937,331.2667,457.3411,3.4281,307.6495,460.5872,1.4002,283.2063,463.1219,-2.8697,260.2158,469.9848,-3.2355,237.5902,479.7584,0.9044,214.5418,485.7103,3.7703
313.1527,467.7989,4.8420,325.4626,487.6245,16.8576,310.0976,453.8073,5.0502,296.9813,429.9781,-7.0041,268.5029,472.4935,-3.8209,278.1332,483.1483,-9.2278,266.0298,460.6891,-3.5049,256.9883,450.4670,-8.8571,332.9927,457.7243,3.1133,309.2111,461.2328,2.4391,285.3073,462.8392,-1.8512,261.6396,468.8080,-3.7655,239.4726,478.6247,-0.3022,216.6016,485.8495,3.3436
315.0344,468.2263,5.6197,325.9759,488.9561,14.8271,311.9378,454.0952,5.7296,300.7573,430.4828,-3.8461,270.3132,472.0699,-3.4431,279.5314,482.0294,-8.2985,267.6467,460.1314,-3.3164,258.7037,449.4196,-8.4050,334.9500,457.3664,2.6789,311.1073,461.4173,2.8909,287.0407,462.8367,-1.0657,263.3546,467.5707,-3.8599,240.5423,476.9244,-1.2101,218.0248,485.7613,2.8894
317.0255,468.5548,5.8522,324.4900,490.7065,10.4536,314.0876,454.2471,5.8405,306.0315,430.9231,1.6931,272.1280,471.2182,-2.7345,280.9477,481.6551,-6.8826,269.6643,459.3255,-2.7021,260.8973,449.2064,-6.9130,336.1445,456.7678,2.0699,312.8183,461.8727,3.6593,288.8562,463.4547,0.1188,264.9355,466.7321,-3.1672,242.3567,475.2157,-2.4187,219.9085,485.1712,1.6642
318.6397,468.4516,5.8757,322.5664,492.7823,3.8651,315.6523,454.3723,5.9118,312.6250,430.7874,8.0526,273.9361,471.1421,-1.9664,282.2605,481.3767,-5.5961,271.3146,459.2056,-2.0206,262.8369,448.4314,-5.4583,338.4213,456.2869,0.7863,314.8742,462.0509,3.5185,290.8453,463.7544,1.5196,266.6106,466.0016,-2.8877,243.8230,473.2759,-3.0579,221.3549,483.9421,0.6627
320.7732,468.3908,5.3998,320.9842,494.6231,-2.5893,317.6491,454.4350,5.6215,318.2627,431.0790,13.3771,275.7466,470.8467,-0.7527,283.9142,481.7091,-3.7054,273.4437,459.2524,-0.6885,265.1586,448.7632,-3.5062,339.9844,455.8760,-0.1473,316.6975,461.9885,3.3507,292.9207,464.4986,2.2793,268.4475,465.7105,-1.7936,245.3549,471.7618,-3.2765,223.0497,482.7257,-0.2741
322.2942,468.3365,5.1223,320.5799,494.8510,-6.3851,319.3170,453.8904,5.1029,322.0977,430.7995,16.0202,277.8340,471.5320,0.2167,285.0755,482.2052,-1.5864,275.2862,459.8941,0.2749,267.9045,449.3433,-1.3231,341.7637,454.8968,-1.2651,318.6796,461.4991,2.5706,294.6687,465.2561,3.1497,270.0581,466.3736,-0.9161,246.4720,470.5564,-3.7414,224.5380,480.7444,-1.2539
323.9066,467.4063,3.9825,321.0448,495.1741,-9.1279,321.0281,453.2384,3.6000,324.9734,430.3026,16.8170,279.7510,472.4769,1.4063,286.5731,483.3163,-0.0067,276.9642,460.5791,1.4631,270.6840,449.8558,0.3867,343.2710,453.6075,-1.9873,320.4513,461.1543,1.9179,296.5651,465.7653,3.4970,272.2799,466.5691,0.4557,248.4146,469.9156,-3.7073,225.8173,478.5132,-2.4304
325.8411,466.6048,2.9741,322.4006,494.3705,-10.8115,322.7753,452.5185,2.9305,327.1823,429.3372,16.3750,282.0341,472.9584,2.1501,287.8394,484.3309,2.4347,279.1299,461.2929,2.4128,273.3299,450.0871,2.2290,345.0427,452.9507,-2.7881,322.0074,460.4617,0.8608,298.3947,465.7720,3.3048,274.3862,467.2600,1.3149,250.2487,468.9352,-2.6257,227.6224,476.9764,-3.1455
327.5634,465.7154,1.9896,323.8126,493.4064,-12.2550,324.3125,451.8159,1.8105,329.0704,428.4631,15.4852,283.6519,473.7830,3.1443,288.7762,484.8932,3.7322,281.4104,462.0475,3.1675,275.9146,450.7112,3.9153,346.5472,452.0164,-3.4147,323.6313,459.7090,-0.2202,300.1567,466.0911,3.4069,276.3149,467.8080,2.1925,251.9231,468.7534,-2.0792,228.6079,474.8305,-3.3559
328.9741,464.5690,0.6088,325.4925,492.5526,-13.1583,325.8752,450.3824,0.6810,330.3846,427.4179,14.6788,285.7869,474.4705,3.6137,289.9876,485.6208,5.0873,283.0145,462.5386,3.5646,278.9143,451.1717,5.4700,348.3150,451.2728,-3.2404,325.2453,458.3814,-1.3631,302.2405,465.8341,2.4732,278.1390,468.8245,3.0616,254.0736,468.8680,-0.7879,230.3160,473.5172,-3.5663
330.3029,463.4217,-0.3440,326.9586,491.3991,-14.4019,327.4304,449.4742,-0.3170,332.2967,426.2830,13.9970,287.5037,474.7770,3.4842,290.8465,486.4647,6.0932,285.0640,463.0264,3.7901,281.7308,451.5402,6.1927,349.8691,450.7399,-3.2588,326.6721,457.4176,-2.4060,303.8164,465.1435,1.9672,280.4142,469.4293,3.5534,255.7402,469.5556,0.2665,231.7637,472.0910,-2.9686
332.2845,462.4546,-0.8453,328.4925,490.1967,-15.1630,329.3453,448.5541,-0.8862,334.1236,425.2403,13.4271,289.5158,475.2277,3.3482,291.8499,487.1345,6.8934,286.9833,463.4533,3.5766,284.6869,451.5572,6.8853,351.5895,450.4616,-2.5490,328.1599,456.3660,-2.8934,305.8531,464.3630,0.9884,282.1823,470.1941,3.5591,257.9985,470.3585,1.4668,233.4403,471.3157,-2.7726
333.7948,461.4115,-1.4602,330.0469,489.3249,-15.3379,330.5706,447.5303,-1.0283,335.5607,424.3210,13.0259,291.5814,474.7206,2.9283,292.8379,486.5744,7.0389,288.8527,463.0917,2.5368,287.3465,450.9850,7.0531,353.5776,449.8664,-1.7649,330.1161,455.1159,-3.2981,306.9475,463.3253,-0.2225,284.3330,470.2908,3.3743,259.6338,471.3773,2.5095,235.5216,471.3452,-1.7267
335.1381,460.4467,-1.3055,331.8864,488.0793,-14.8489,332.4438,446.6459,-1.1471,337.2083,423.3037,12.9008,292.9245,474.2795,2.2365,293.4886,486.5616,6.8032,290.6744,462.5680,1.8563,289.9360,450.3170,6.7377,355.4312,449.8334,-1.0063,331.7209,453.7957,-3.8012,309.0903,461.9521,-1.3240,286.0050,470.2822,2.7059,262.1856,472.5020,3.1402,237.2572,472.2294,-0.9773
337.3546,460.2398,-0.8257,333.6131,487.8251,-14.5918,334.0647,445.7730,-0.9957,338.8369,422.7004,12.8531,294.6698,473.3174,0.6567,294.7978,486.1300,6.3722,292.2268,461.7474,1.1219,292.3040,449.1930,6.4465,356.8775,449.6528,0.3400,333.4306,453.4287,-3.4266,310.4043,460.6440,-2.1325,287.6964,469.4617,1.8959,264.2342,473.2189,3.5336,239.1981,472.6276,0.2200
338.7226,459.8006,0.3275,335.5397,487.1715,-13.7308,335.9913,445.4128,0.1585,339.9986,422.4443,13.5213,296.2802,472.1885,-0.1610,295.2778,484.8349,5.4426,293.8160,460.3238,-0.3017,294.5833,447.8434,5.7954,359.0858,449.8448,1.5117,334.9633,453.1502,-2.9861,312.0231,459.1742,-2.8830,289.3625,468.5816,0.8765,265.6232,474.1008,3.6890,241.4387,473.7720,1.6583
340.8384,459.5158,0.9651,337.8849,486.7900,-12.1359,337.6578,445.5014,0.8438,341.6069,422.1606,13.7318,297.8334,470.8038,-1.3897,296.3388,483.3838,4.9331,295.6068,459.0403,-1.3860,297.0807,446.2352,5.2359,360.6635,449.8401,2.1885,336.9997,452.6591,-2.0556,313.7371,457.9467,-3.3115,290.7629,467.3947,-0.5275,267.8686,474.2591,3.2104,243.6010,474.8453,2.3979
342.5534,459.2874,1.8699,340.7289,486.4263,-9.5630,339.6650,445.4171,1.7796,342.0177,422.3516,13.2805,299.2567,469.4583,-2.3751,296.9777,482.1255,4.6788,296.9646,457.3977,-2.3202,299.3761,444.6371,4.4147,362.7770,450.3211,3.0464,338.9096,452.7595,-0.8205,315.1473,457.2035,-3.3966,292.2337,465.5688,-1.3983,269.7516,474.1860,2.7231,245.5704,475.9976,3.1241
344.7301,459.6837,2.9616,344.8534,485.4673,-5.1008,341.5407,445.7870,3.1896,342.0895,422.4870,11.0156,300.9162,468.1462,-3.0657,297.8751,480.5799,3.6547,298.3125,456.2838,-3.3546,301.4221,442.9900,4.0275,364.6498,450.2429,3.4779,340.4242,452.8033,0.1171,316.7377,456.4272,-3.4274,293.8903,464.3409,-2.2845,271.3011,473.3996,1.7520,247.8153,477.1029,3.5087
346.4190,459.8953,4.5225,349.8873,484.0713,2.0337,343.3513,445.9669,4.0360,340.1083,422.5058,6.3162,302.2816,466.2133,-3.3573,298.5919,479.4544,3.4712,299.6446,454.8154,-3.6437,303.3377,441.5444,3.6603,366.1927,450.3622,3.4735,342.6776,453.0552,1.2882,318.7611,455.5146,-2.6246,295.5154,462.6617,-2.8528,272.8375,472.5786,0.7170,249.5680,478.3291,3.5866
348.3583,460.2243,5.1857,356.0618,482.7720,9.2647,345.4046,446.5705,4.9091,337.3059,422.7667,0.6657,303.9132,465.2784,-3.5110,300.2103,478.1822,3.4204,301.3999,453.2807,-3.7483,305.2064,440.0778,3.5370,368.2723,450.4204,3.3617,344.3028,453.8029,2.4210,320.4034,455.6489,-1.8043,296.9603,461.3434,-3.4739,274.6431,471.1281,-0.1970,251.6081,478.3301,2.7467
350.1597,460.8400,5.7688,360.9583,481.3751,15.0562,347.4685,446.5823,5.5910,335.8037,422.9501,-3.4526,305.6466,464.1640,-3.1978,301.1072,477.4824,3.7868,303.1835,452.4404,-3.1965,307.3258,439.2323,3.7392,369.9005,449.9312,2.8364,346.4352,454.0265,3.1796,322.0936,455.7057,-1.0056,298.6509,460.0224,-3.4256,276.1541,469.5340,-1.2070,253.4744,478.2513,2.6711
352.0183,461.0961,5.7982,364.4922,480.8986,17.8735,349.2484,447.0317,6.2536,335.8249,423.1680,-5.9844,307.2239,463.5749,-2.5577,302.7990,476.7308,4.4485,305.1452,451.8790,-3.0328,309.3763,438.7072,4.0157,371.9012,449.2907,1.6916,348.1422,454.2485,3.3339,324.0699,456.0997,0.1770,300.1901,459.2405,-3.3860,277.5886,467.7966,-2.4683,254.9763,478.0020,2.0808
354.0630,461.0019,5.9283,367.0505,480.5896,19.3074,351.1723,446.8404,5.8301,336.8904,423.2647,-7.1852,309.1128,463.4372,-1.6777,304.3177,476.6886,4.7795,306.5991,451.6907,-1.8121,311.4135,438.4711,4.4506,373.5997,449.0046,0.8160,350.1833,454.5872,3.5557,325.8416,456.5193,1.5199,301.6622,458.7990,-2.6709,279.1938,465.9914,-2.7921,256.5852,476.7429,0.6754
355.8017,460.8445,5.6693,369.2673,480.1131,19.2944,352.7244,446.4526,5.5490,338.2217,422.9989,-8.1844,311.2388,463.7608,-1.0795,306.2563,476.8818,4.9259,308.5477,451.8460,-0.7058,312.9854,438.7605,5.2716,375.2022,447.8354,-0.3853,351.8132,454.1869,3.0958,327.9700,456.9003,2.4463,303.4842,458.3264,-2.0556,280.4810,464.3725,-3.6167,258.3209,475.1755,0.0023
357.6566,460.7332,4.6811,371.2401,479.7427,18.9650,354.5623,446.5194,4.6264,339.7500,422.6203,-9.2287,312.5768,463.8504,0.1481,308.6496,477.2611,6.0542,310.3337,452.4613,0.2275,314.7968,439.1461,5.9260,376.7339,447.1347,-1.1652,353.6786,454.0266,2.7327,329.8077,457.3707,3.3452,305.7235,458.4329,-0.8821,282.0550,462.9333,-3.5956,259.6936,473.4692,-1.4118
359.2558,460.0985,4.0795,372.8084,479.0444,18.0893,356.0183,445.9861,4.1097,341.6810,422.2226,-10.0757,314.8979,464.6542,1.3749,310.7496,477.6209,6.1176,312.1682,452.9236,1.4711,316.6329,440.2114,6.3059,378.4697,446.3499,-2.4422,355.3675,453.8100,2.0108,331.9169,458.2942,3.3631,307.2202,459.2196,0.4776,283.4197,461.9582,-3.4754,261.0914,471.2608,-2.1683
361.1391,459.2283,2.7327,374.6470,478.4471,16.8039,357.6827,445.2717,2.7279,343.1285,421.4497,-11.1771,316.7602,465.5972,2.2133,313.0491,478.5453,6.7397,314.5474,453.9021,2.5882,318.4814,440.6461,6.6061,380.1926,445.3287,-3.0037,357.4213,452.9256,0.7861,333.7974,458.6541,3.6686,309.5654,459.7642,1.3768,285.2810,461.2463,-2.7621,262.7901,469.1339,-3.2039
362.6231,458.0529,1.7497,376.6328,477.4464,16.0117,359.5386,444.2908,1.6822,344.8288,420.6499,-12.5945,318.7574,466.3692,3.1707,315.3146,479.0684,6.3384,316.1028,454.5572,3.1214,319.7133,441.6315,6.8462,381.5015,444.4226,-3.6575,358.6906,452.1665,-0.2137,335.8258,458.6951,3.4321,311.6844,460.3820,2.2056,287.1841,461.0488,-1.9337,263.8877,467.3922,-3.4026
364.3636,457.1533,0.5263,377.8703,476.2406,14.7814,361.2849,443.1075,0.5763,346.6638,419.2679,-13.4581,320.9097,466.8970,3.5845,317.9268,479.9764,6.4177,318.3183,454.9378,3.4711,321.1992,442.3421,6.1699,383.4205,443.8838,-3.8319,360.6180,450.8504,-1.2771,337.4864,458.4305,2.8014,313.3013,461.3045,3.0890,289.1906,461.6351,-0.6309,265.4273,465.7584,-3.7139
365.8297,455.7905,-0.2681,379.5458,475.3182,13.8437,362.7304,442.0092,-0.2549,348.1245,417.7153,-14.0922,323.0258,467.6766,3.7365,320.4623,480.0346,5.3996,320.2880,455.6769,3.3651,322.4273,443.2002,5.2369,385.0737,443.3028,-3.0222,362.1428,449.9056,-2.0877,339.1972,457.8401,1.6284,315.3910,462.0154,3.4054,291.1641,462.0691,0.2390,266.9006,465.0825,-3.4274
367.4695,455.0669,-1.1081,381.0461,474.4084,13.0422,364.4954,440.9591,-0.6297,349.9420,417.0497,-14.7773,324.7922,467.4734,3.2295,323.1689,479.9836,4.2812,322.1449,455.9726,3.4574,323.8717,443.2696,4.0549,386.9330,442.9189,-2.6937,363.4990,448.7367,-3.3027,340.6011,457.1463,0.8035,317.7748,462.6659,3.6408,292.9753,463.0454,1.4489,268.8524,464.2293,-2.3672
368.9809,454.2965,-1.1625,382.1113,473.1623,12.2198,366.2347,439.7558,-1.3013,351.5161,416.0135,-14.7422,326.5105,467.0848,2.6819,325.5950,479.7589,2.3080,323.8262,455.7603,2.5786,325.1166,443.0378,2.9240,388.5959,442.5351,-1.5692,365.3298,447.9097,-3.6536,342.4829,456.0199,-0.2611,319.2938,462.5900,3.2718,295.1058,464.1467,2.3319,270.5937,464.2129,-1.5657
370.3931,453.2430,-1.2129,383.4519,472.9521,11.3977,367.4515,439.1213,-1.5063,353.9150,415.2756,-13.7631,328.2676,466.8537,1.8883,328.2634,479.2799,0.9136,325.7798,454.9839,1.8335,325.7404,442.7432,1.0462,390.5574,442.3099,-0.9585,366.9297,446.8098,-3.3244,344.0994,454.6750,-1.3331,321.0969,462.4715,2.7087,297.4424,465.0991,2.8936,272.6913,464.2180,-0.4782
372.1900,452.2517,-0.9368,383.5160,473.0205,9.7216,369.4561,438.4105,-0.9778,357.0626,414.6630,-11.2969,329.9025,465.9871,0.7519,330.5243,478.4026,-0.6730,327.2011,453.8645,0.5726,326.5000,442.0269,-0.9196,392.4020,442.0775,0.1226,368.3338,445.9860,-3.2878,345.4153,453.2512,-2.1911,323.4340,461.9297,2.0716,299.0126,466.0294,3.8863,274.6356,465.0398,0.2531
374.3244,452.1361,-0.2811,383.4503,473.7181,6.2778,370.8921,438.1742,-0.1735,361.9312,414.1679,-6.4195,331.1181,464.9636,-0.3503,333.1596,476.4924,-2.9511,328.9567,452.9631,-0.0496,327.3076,441.0892,-2.7416,394.3134,442.5969,1.2051,370.4970,445.3418,-2.7783,347.2578,452.1898,-3.2316,324.6316,461.0922,0.7237,300.9231,466.4961,3.6718,276.9028,466.3693,1.4826
376.1309,452.1145,1.3648,380.9792,475.5133,0.9100,372.9423,437.9641,0.9683,367.9018,414.3616,1.0088,333.0677,463.1501,-1.4411,335.3999,475.1201,-4.9433,330.2733,451.5120,-1.3954,327.8443,440.0477,-4.7300,395.9705,442.5958,2.2667,371.9945,445.0235,-2.1354,348.8737,450.6715,-3.3842,326.2100,459.9389,-0.3063,303.0702,466.7422,2.9330,278.5669,467.6284,2.2095
377.7054,451.9402,1.8077,379.1897,477.4705,-4.1831,374.9708,437.8520,1.8724,374.2085,414.5460,8.2808,334.3277,461.7902,-2.3071,337.6465,473.2169,-6.8885,332.2162,449.9818,-2.1248,328.9950,438.1598,-6.8002,398.1359,442.5850,2.9429,373.6856,445.0043,-1.1301,350.2151,449.7574,-3.8017,327.7588,458.3129,-1.3230,304.8386,466.6350,2.9931,280.4670,468.8137,3.2735
379.6905,452.4340,3.0547,378.1497,478.8651,-7.1771,376.5989,438.0862,3.0872,378.7186,415.0980,13.7031,336.1625,460.1378,-3.1299,340.2601,471.5557,-8.0179,333.3445,448.5768,-2.9840,329.0900,437.1978,-8.0693,400.0069,442.8186,3.5410,375.5975,445.1587,0.0845,352.1848,448.9146,-3.1457,329.4510,456.9428,-2.2935,306.8214,466.2850,1.9089,282.8849,469.9943,3.6569
381.7815,452.3417,4.2638,379.1108,479.7884,-8.4566,378.7551,438.5389,4.3880,382.5400,415.3278,16.6326,337.5077,458.9500,-3.3941,342.6151,470.1558,-9.2199,334.9926,446.9253,-3.4985,330.0082,435.8888,-9.0503,401.5562,442.8866,3.7358,377.8512,445.5949,1.3979,353.7717,448.1813,-2.7700,330.6910,455.2909,-3.1482,308.1476,464.9746,0.7647,284.7653,470.4717,3.4863
383.6794,453.0836,4.9392,380.1471,480.5604,-8.5556,380.6271,438.8291,5.1625,384.9027,415.6692,18.5623,339.1792,457.6795,-3.4344,345.1725,468.9446,-9.6633,336.8071,445.8970,-3.7998,331.0976,434.9832,-9.4140,403.7361,442.6442,3.2217,379.6123,446.1273,2.6130,355.6623,447.9523,-1.9426,332.2405,453.7340,-3.3240,309.7108,463.7585,-0.4633,286.8450,471.2357,3.1980
385.5221,453.4106,5.6539,382.0494,481.0064,-8.3573,382.2521,438.9995,5.3600,386.7457,415.8267,19.6980,340.7355,456.8031,-3.0864,347.7501,467.8774,-10.0027,338.5152,445.1103,-3.4700,331.4797,433.8879,-9.8787,405.0121,442.3975,2.7046,381.7883,446.3970,2.9834,357.3944,448.1911,-0.8764,333.7565,452.3973,-3.4468,311.2452,461.9878,-1.4155,288.4363,471.0935,2.9409
387.4387,453.7065,6.0127,383.6686,481.1592,-8.0349,384.3650,439.3420,6.0972,388.8396,416.1248,20.2333,342.3950,456.4152,-2.8595,349.9446,466.9123,-9.6319,340.0939,444.5771,-2.6164,332.8213,433.7027,-9.4930,406.6662,441.9457,1.9706,383.7709,446.7344,3.4960,359.2832,448.3848,0.1893,335.4451,451.7615,-3.7537,312.4519,460.3458,-2.5577,290.2641,470.3204,1.8968
389.2903,453.8104,5.8567,385.5449,481.4508,-8.2773,386.1857,439.4271,5.9811,390.7736,416.5427,20.1575,344.2761,456.1530,-2.2074,352.2411,466.6192,-9.1304,341.8413,444.3196,-1.8035,334.0994,433.6566,-8.8065,408.8196,441.0445,0.9403,385.6256,446.8942,3.8105,361.1681,449.0329,1.2601,337.0646,451.2504,-2.6537,314.3187,458.5239,-3.1345,292.0882,469.0891,0.8634
391.0379,453.0564,5.6226,386.9729,481.0881,-8.8074,387.6149,439.2534,5.4116,392.6217,416.2854,20.0812,346.1174,456.5153,-0.9675,354.6830,466.5417,-8.0465,343.5441,444.4958,-0.8839,335.0786,433.8952,-8.5440,410.2841,440.4954,-0.4095,386.9360,446.8204,3.4868,363.0966,449.7764,2.4950,338.9508,450.9147,-1.8244,315.4095,456.5213,-3.4831,293.6749,467.4515,-0.3159
392.7593,453.1711,4.6691,388.7158,480.7969,-9.2413,389.7695,438.6592,4.9170,394.4509,415.9956,19.0377,348.3098,456.7803,0.3242,356.9642,466.9669,-6.8792,345.7993,445.1225,0.2522,336.9363,434.5540,-6.7902,412.3348,439.8123,-1.4720,388.8796,446.6814,2.7928,365.1477,450.2178,2.8239,340.8656,450.9902,-0.4999,317.2999,455.2374,-3.8069,294.9360,465.7705,-1.2165
394.5066,452.4280,3.8677,390.7639,480.2861,-10.3310,391.3466,438.7045,3.9493,396.3747,415.3270,17.9948,350.1814,457.1326,1.1901,359.3835,467.5141,-5.6659,347.5759,445.4693,1.6107,338.3585,435.3084,-5.8647,413.6551,438.8048,-2.4436,390.5554,446.2665,1.9565,367.2991,450.6563,3.2011,342.6071,451.7295,0.4050,319.0013,454.2087,-3.4136,296.4273,463.8260,-2.4651
396.2865,452.0053,2.7331,392.5428,479.3117,-11.1722,393.4031,437.5203,2.8734,397.7149,414.4087,16.6020,351.8237,458.1713,2.2016,361.4675,468.3006,-4.3839,349.7984,446.3438,2.0781,340.1056,435.9232,-4.4945,415.6046,438.0613,-2.9414,392.2596,445.4670,0.7892,369.0863,451.0862,3.8247,344.7590,452.1682,1.4426,320.2671,453.9315,-2.9577,297.7895,461.7336,-2.9692
397.8912,450.7709,1.8062,394.3450,478.0294,-12.0484,394.5870,436.7407,1.6055,399.2729,413.6085,15.5112,354.2506,458.9859,2.9358,363.8100,468.9940,-3.6381,351.4433,447.0520,3.0865,341.9698,436.7442,-3.4675,416.8857,437.0738,-3.7806,393.7974,444.5764,-0.0227,370.7875,450.7777,3.2728,346.7038,453.0848,2.2976,322.4118,453.5884,-2.1241,299.1527,459.9986,-3.3018
399.3706,449.4434,0.6333,395.9696,477.1644,-12.5508,396.2518,435.6701,0.7477,400.5536,412.4444,14.2822,355.8554,459.4296,3.4669,365.7506,469.8279,-2.4705,353.5182,447.6815,3.4692,343.9406,437.4584,-2.6659,418.6563,436.3465,-3.6073,395.4868,443.3757,-1.3290,372.8449,450.8292,2.5424,349.1476,453.8940,3.1650,324.2615,453.9775,-0.9323,300.7251,458.4793,-3.7144
401.0218,448.5337,-0.2496,398.6622,475.8886,-12.3031,398.0870,434.3093,-0.2408,401.2776,411.3125,11.6089,358.0822,460.0307,3.6997,367.4967,470.2335,-2.0149,355.4669,448.2402,3.9117,345.8406,438.0487,-1.6955,420.3818,435.7514,-3.2055,397.0999,442.3699,-2.2237,374.3802,450.3592,1.8789,350.9140,454.6057,3.4233,326.4242,454.4859,0.2164,302.3822,457.2411,-3.2534
402.6091,447.4921,-0.9087,401.8174,473.7116,-10.2349,399.7176,433.2546,-0.7819,400.7792,410.0256,8.7666,360.0625,460.1485,3.3167,369.3022,470.3320,-1.4201,357.2961,448.3490,3.3413,348.1645,437.7928,-1.6871,422.1923,435.3916,-2.7877,398.9441,441.3012,-2.9653,376.1089,449.5678,1.0166,352.6955,455.0689,3.3759,328.3264,455.6085,1.2834,304.0372,456.4842,-2.8540
404.3128,446.3857,-1.1481,406.4432,471.1762,-5.6374,401.4665,432.8146,-1.1053,399.6451,408.9193,3.3973,361.6057,459.9172,2.7355,370.4489,470.1388,-1.6647,359.0451,448.1077,2.7714,350.1565,437.8373,-1.4189,424.0490,434.9158,-1.8594,400.3451,440.3452,-3.5198,377.7128,448.3294,-0.3122,354.8998,455.3423,3.5407,330.3482,456.6836,2.0122,305.8593,456.5768,-1.7850
406.1426,445.7598,-1.0095,412.2482,468.5797,1.1392,402.8591,431.7971,-1.2081,396.3434,407.9110,-3.1356,363.4547,459.3777,1.8914,371.8114,469.7925,-1.1646,361.0314,447.5207,1.6896,352.5279,437.1774,-1.7145,425.7453,434.8779,-0.5997,402.1798,439.3165,-3.5396,379.1186,447.2527,-1.3719,356.1949,455.0831,2.7763,332.4695,457.4000,2.8430,307.8414,457.0652,-0.9708
407.4777,444.8880,-0.5658,417.7458,466.2985,7.0944,404.4841,430.8726,-0.9301,394.2505,407.3300,-8.6998,365.1461,458.3643,0.8987,372.9631,469.1791,-1.9092,362.5764,446.6449,0.7814,354.8019,436.1688,-1.8996,427.7099,434.9038,0.5156,403.9779,438.4510,-3.2608,380.8692,445.8158,-2.0027,358.2050,454.5001,1.8057,334.5179,458.4801,3.6828,309.6300,457.2628,0.5049
409.2892,444.6759,0.0798,421.0300,464.7787,11.2661,406.2782,430.2994,0.2264,393.5953,406.8246,-11.1467,366.9154,456.9342,-0.3050,373.9306,468.0317,-1.8983,364.2658,445.4162,-0.3140,356.6795,434.8048,-2.0351,429.2574,434.9567,1.2052,405.6589,437.7366,-3.0473,382.2433,444.4619,-3.0041,359.7695,453.6262,0.8904,336.4470,459.0592,3.4233,311.9292,458.8120,1.5259
411.2439,444.1822,0.7085,424.1386,464.1509,13.8143,408.2035,430.2045,1.0556,394.2806,406.5807,-11.8003,368.2185,456.1137,-1.3060,374.8191,466.8782,-2.3012,365.8308,444.2920,-1.2190,358.8777,433.1769,-2.4723,431.1520,435.1265,2.1612,407.3356,437.9902,-2.0977,383.8722,443.0117,-3.4427,361.4323,452.2430,-0.1090,338.1066,459.3045,3.1858,313.7923,460.1138,2.1893
412.8425,444.7966,1.8611,426.2851,463.9929,15.6978,410.0182,430.3609,1.8352,395.7907,406.8993,-11.7249,369.5756,454.3754,-2.3321,375.5505,465.2529,-2.2611,367.2036,442.7920,-2.3079,361.3561,431.4977,-2.0531,432.7868,435.0877,2.9090,409.3705,437.6973,-1.1697,385.2930,442.0835,-3.7308,362.7141,451.0373,-1.3904,340.3184,459.2738,2.7842,316.1346,460.9703,3.1234
414.9861,444.5836,2.9077,428.7701,464.0375,17.1629,412.1221,430.5983,3.1418,397.3157,406.8329,-11.1852,371.4202,452.8096,-2.9056,376.1142,464.0330,-2.1395,368.7152,441.1974,-3.1325,363.5403,429.9315,-2.2776,435.0471,435.3973,3.5590,410.7303,437.8132,0.3611,386.7823,441.3037,-3.4213,364.3066,449.2201,-2.2568,341.8907,458.7566,1.9115,318.3415,462.4279,3.1345
416.8231,444.9829,4.1565,430.7173,464.2850,18.1281,413.6326,430.6419,4.2705,399.3860,407.2183,-9.7399,372.6539,451.6300,-3.5213,376.8824,462.6925,-1.8521,370.3198,439.4841,-3.4440,366.3503,428.2794,-1.4482,436.9070,435.2594,3.6671,412.8828,438.2780,1.3970,388.8024,441.0207,-2.8714,365.8418,447.5470,-3.0041,343.4073,457.5834,0.7317,320.0993,463.2334,3.6678
418.5550,445.4705,5.2658,432.5998,464.6145,19.2676,415.6410,431.2605,5.2260,401.0356,407.4981,-8.9854,374.1281,450.2248,-3.4159,377.6396,461.5097,-1.0553,372.0150,438.4495,-3.4525,368.7283,426.8140,-0.8889,438.9357,435.0062,3.2899,414.8278,438.6833,2.3587,390.6127,440.5471,-1.9503,367.4319,446.2820,-3.4299,344.9362,456.2178,-0.2003,322.0731,463.4459,3.2836
420.6434,445.8862,5.8149,434.3197,464.9057,19.6694,417.6741,431.6085,5.4741,402.9189,407.6583,-8.5576,376.1068,449.2263,-3.3819,378.3917,461.0055,0.0195,373.8138,437.4478,-3.4154,371.1156,425.8840,0.2205,440.5293,435.0145,2.6702,416.8060,438.9477,3.2344,392.6829,440.7526,-0.8615,369.1078,445.0084,-3.5597,346.3327,454.4874,-1.3235,323.9057,463.5143,2.8865
422.5637,446.3290,5.7435,436.5518,465.2499,20.1862,419.5999,432.1593,6.0824,404.7746,408.3126,-8.3557,377.6285,448.9048,-2.6470,379.1674,460.6491,1.4226,375.5510,437.2252,-2.6955,373.6660,425.1866,1.3649,442.3005,434.5153,2.0298,418.4378,439.3051,3.6713,394.4113,441.0495,0.1329,370.6111,443.8943,-3.2043,347.7411,452.8997,-2.4129,325.3442,462.8743,1.8704
424.3695,446.0314,6.1014,438.1118,465.4757,20.2031,421.4221,431.7750,5.7040,406.6237,407.8889,-8.1562,379.3595,448.5803,-1.8179,380.3166,460.6879,2.9922,377.0614,436.9634,-1.9398,376.0710,424.3944,3.1971,443.9415,433.7341,0.9474,420.4435,439.5955,3.5492,396.3665,441.5707,1.3164,372.3196,443.5671,-2.3687,349.5048,451.1026,-2.9835,327.0478,461.5394,1.0556
426.1681,446.1215,5.5091,439.7904,465.1622,19.3735,423.2843,431.8331,5.7970,408.8475,408.0095,-8.3120,381.6667,448.9045,-0.7303,381.4830,460.8567,4.6061,378.9287,437.0067,-1.0486,378.8526,424.7107,4.7773,445.4085,432.8796,-0.1958,422.6053,439.5602,3.3218,398.3407,441.9691,2.3184,374.1195,443.5272,-1.8812,350.9726,449.3749,-3.4875,328.6231,459.9295,-0.1701
428.2269,445.8635,5.1053,441.3602,465.0730,18.4519,425.2560,431.6257,4.9012,410.5464,407.6269,-9.0489,383.1155,449.6483,0.2549,382.3299,461.6675,6.1699,381.0505,437.6937,0.3870,381.6682,424.8481,6.7476,447.2305,432.1524,-1.2024,424.3490,439.2784,2.5838,400.3834,442.7748,3.0246,376.1907,443.4791,-0.7131,352.4809,448.0583,-3.4850,330.1177,458.4157,-1.7154
429.7545,445.1108,3.6992,442.8039,464.6606,16.8813,426.8883,430.8112,3.9661,412.7805,407.0289,-8.8875,385.2316,449.7925,1.2839,383.7060,462.3482,7.9287,382.7986,438.4972,1.0588,384.3673,425.1773,7.6895,448.8130,430.9841,-2.3824,426.1032,438.8238,1.8579,402.2988,442.9837,3.7090,378.0723,443.9291,0.1923,354.1480,446.7540,-3.3692,331.6305,456.2969,-2.1871
431.2792,444.2512,2.7552,443.3183,464.2154,14.0949,428.6725,430.0644,2.6403,415.6034,406.6200,-8.3602,387.3516,450.7637,2.3764,385.0218,463.2405,9.2536,385.0123,439.0825,2.4305,387.0224,425.9222,9.1649,450.5204,430.7457,-3.0152,427.4233,437.7880,0.8970,404.1435,443.2824,3.7520,380.1273,444.4951,1.6044,355.7702,446.1487,-2.7500,332.7652,454.4252,-2.8882
432.9678,443.2629,1.6480,443.0173,464.1115,9.7116,430.0225,429.3116,1.5601,419.5075,405.5431,-6.0230,389.3153,451.3714,3.1795,386.5369,464.4890,10.1721,386.8236,439.6518,2.8214,389.8014,426.7880,9.9710,452.1515,429.8555,-3.3855,429.2705,436.9480,-0.2030,406.0235,443.8313,3.2685,381.9403,445.5444,2.2601,357.6849,446.1141,-1.9438,334.4542,452.3228,-3.3157
434.6593,442.2312,0.7553,441.1437,465.0011,2.8819,431.6546,428.1110,0.7482,425.1122,404.4157,-1.7125,391.2723,451.7586,3.4444,387.7818,465.1277,10.8159,388.6406,440.3874,3.1572,392.2721,427.4700,10.6222,453.5900,428.9467,-3.7679,430.8313,435.8354,-1.1526,407.9937,443.4596,2.8693,383.8028,446.5296,3.1329,359.2947,446.4094,-0.8786,335.9248,450.9252,-3.2416
436.1486,440.9767,-0.4184,438.4091,465.8597,-4.7596,433.5302,426.9636,-0.0416,431.1746,403.5957,4.2394,393.2626,452.5478,3.5028,389.2720,465.6226,10.6902,390.7348,440.6259,3.6786,394.5788,427.4712,10.6969,455.6036,428.2509,-3.0468,432.2610,434.6969,-2.3290,409.5749,442.8107,2.1546,386.2510,446.9977,3.3714,361.1908,447.0012,0.4070,337.3634,449.7966,-3.6420
437.8800,440.1000,-0.8798,437.0866,466.2996,-10.2091,434.5347,425.9813,-1.0339,436.0155,402.6320,8.5337,394.9600,452.4935,3.1427,390.8928,465.8448,10.2249,392.8777,440.8324,3.4710,396.9157,427.7079,10.5482,457.2671,427.7184,-2.7917,433.9086,434.0250,-3.3757,411.3424,442.1467,0.8085,387.9058,447.5805,3.7006,363.5621,447.9934,1.3155,339.3848,449.1407,-2.7743
439.4949,438.8536,-1.1362,436.9318,465.8934,-13.1920,436.6372,424.8744,-1.4209,439.6066,401.7272,10.7675,396.8252,452.3994,2.9129,392.6316,465.4399,9.5308,394.2812,440.7300,2.7420,398.8289,427.2257,9.5733,459.1167,427.5758,-1.9769,435.7082,432.6989,-3.3497,412.7975,441.0837,-0.3462,389.6985,447.6132,3.3773,365.5378,448.9729,2.2187,340.9240,449.2759,-1.7954
441.3222,438.0027,-1.1808,438.0666,465.8283,-14.3195,437.9223,423.8146,-1.1538,442.3617,400.9600,11.8472,398.8569,451.6404,1.8759,394.0129,465.0624,8.2563,396.4024,440.1277,1.8363,400.8577,426.8347,8.3011,460.8585,427.1664,-0.8659,437.1788,431.6808,-3.6897,414.3840,439.8180,-1.2202,391.7280,447.5725,2.7293,367.6281,450.5114,3.3452,342.9312,449.5447,-1.0398
442.6763,437.5331,-0.8272,439.3760,465.1964,-14.6582,439.9190,423.4479,-1.0122,444.5581,400.3006,12.9491,400.2722,450.8053,0.7866,395.6297,464.2048,6.9966,397.6318,439.4885,1.1638,402.2748,425.9510,6.8892,462.9123,427.2445,0.4099,439.0799,430.7823,-3.4999,416.0588,438.4791,-2.4002,393.3998,446.8017,1.6142,369.6108,451.0928,3.5956,344.9846,449.9492,0.4077
444.4074,436.9925,0.0011,441.0626,464.7666,-14.2956,441.3072,422.8913,0.0111,446.4571,399.8197,14.1881,401.7782,449.6853,-0.1575,397.4676,462.8698,5.1134,399.3436,437.7891,-0.6164,403.5475,424.9039,5.3227,464.5281,427.5421,1.2711,440.5272,430.5838,-2.6905,417.5128,436.7424,-2.8955,395.1353,446.2122,0.8252,371.5525,451.6639,3.5590,346.9735,451.3885,1.1086
446.3850,437.0273,0.8756,442.5702,464.7634,-13.4400,443.3602,422.6995,1.1547,448.2299,399.7023,14.8629,403.4262,448.4839,-1.5458,399.2212,461.4476,3.6031,400.8526,436.3560,-1.4137,405.2414,423.5166,3.4890,466.4371,427.5912,2.1537,442.7312,430.1075,-2.0061,418.8250,435.7077,-3.2194,396.3742,444.9207,-0.2238,373.3781,451.8352,3.1674,349.2167,452.5616,2.5604
448.3007,437.0538,1.9881,444.6635,464.8409,-12.1510,445.0970,423.0114,1.9103,450.1837,399.8437,16.4007,404.8265,446.8993,-2.4378,401.1374,459.4266,1.9033,402.6746,435.0255,-2.2690,406.1865,422.1100,1.7432,468.2390,427.5800,2.8028,444.2474,430.5167,-1.1054,420.5799,434.5738,-3.6129,398.3412,443.5071,-1.0822,375.4217,451.5428,2.6805,351.3784,453.8692,2.9130
450.3767,437.3127,3.1967,446.4233,464.9492,-11.0508,447.0375,423.3472,3.1229,451.8546,399.8960,17.3298,406.2717,445.4532,-3.0421,403.1970,458.3847,0.3147,403.8273,433.7879,-2.7353,407.3280,420.5139,0.2377,470.3555,427.9699,3.4081,446.3556,430.3081,0.2914,422.6052,433.7592,-3.4788,399.3873,441.8608,-2.6972,377.0485,450.9190,1.8824,353.3143,455.1055,3.6698
452.0172,437.6475,4.3134,448.3943,465.1835,-10.0538,449.2608,423.0714,4.0854,453.6436,400.4527,18.3083,408.1855,444.0123,-3.3500,405.0997,456.6690,-0.8771,405.5131,432.2029,-3.6768,408.4036,419.4334,-0.8312,472.1603,427.9083,3.8558,447.9512,430.9235,1.2493,423.9706,433.2349,-2.6710,401.0636,440.2665,-3.2533,378.3972,450.2766,0.7692,355.3516,455.7207,3.6149
453.9719,437.9808,4.9515,450.2272,465.6323,-9.3527,451.1926,423.8523,5.2327,455.7937,400.3580,19.2170,409.5254,442.6240,-3.5637,407.0883,455.6166,-1.7936,407.0891,430.9745,-3.7160,409.2684,418.1631,-1.9125,473.8199,427.6716,3.4333,449.7909,431.2132,2.1548,425.9048,433.0777,-1.9205,402.9019,438.8360,-3.3877,380.0173,448.9104,0.1047,357.2388,456.2012,3.3313
455.7964,438.1270,5.6356,452.0762,466.0076,-7.9503,453.1692,424.3910,5.6066,457.3728,400.9488,19.3955,411.0696,441.8949,-3.5785,409.5435,454.4397,-2.1937,408.7496,429.8909,-3.5206,410.3855,417.5372,-2.3822,475.6864,427.5607,3.0173,451.9284,431.2125,3.2018,427.8835,433.2369,-1.0431,404.2090,437.6079,-3.5791,381.6721,447.1523,-1.2897,359.0473,455.9456,2.8271
457.7897,438.7266,5.9440,454.3798,466.2367,-7.5793,454.9592,424.4511,6.0152,459.2497,401.3612,19.5456,412.8554,441.4964,-2.7506,412.0390,454.0433,-2.6809,410.2813,429.1728,-2.6070,411.2896,416.7064,-2.7766,477.4054,427.1969,1.9077,453.7808,431.7359,3.6584,429.7159,433.6297,0.0082,405.7253,436.6213,-3.3644,383.0991,445.2773,-2.1750,360.8625,455.4716,1.8536
459.6370,438.7651,6.1788,456.8932,465.7724,-6.6909,456.6073,424.4048,6.2538,460.2960,401.1962,18.5890,414.8562,441.1047,-1.6086,414.9028,453.3042,-2.7225,412.1511,429.1428,-2.0349,412.1679,416.9992,-2.7418,479.3979,426.5787,0.8093,455.6837,431.8940,3.6917,431.6561,433.7900,1.4539,407.7380,436.1703,-2.7168,384.4230,443.4488,-3.0712,362.1488,454.1948,0.7574
461.2760,438.5130,5.5703,459.9912,465.2066,-4.8318,458.2540,424.7268,5.4119,460.8652,401.1777,15.8884,416.6477,441.1002,-1.0221,417.3331,453.1751,-2.5541,414.1620,429.4418,-1.0545,413.1843,417.4637,-2.7897,481.0938,425.5258,-0.0916,457.3302,432.0015,3.0577,433.7305,434.6029,2.0104,409.1072,435.7219,-1.9594,386.0533,442.0983,-3.5126,363.8352,452.7467,-0.1995
463.1598,437.8915,5.1655,464.2487,463.3666,-1.4081,460.2552,423.6800,5.0467,459.4531,400.6628,11.1949,418.5831,441.8851,0.1656,420.1369,453.4187,-2.5344,416.0535,429.9244,0.1476,414.5572,417.6859,-2.3938,482.3182,424.8065,-1.3770,459.4446,431.6442,2.8480,435.6284,435.1341,3.1252,411.0812,436.2250,-0.8085,387.3762,440.5848,-3.7917,365.3169,451.0808,-1.3753
464.9123,437.7060,3.9772,469.6627,460.9037,3.6520,461.8097,423.5122,3.8398,456.8273,400.1569,4.0463,420.6205,442.1352,1.1554,422.8834,454.0870,-2.1342,418.2729,430.9048,1.4862,415.5494,418.8006,-2.0821,483.8493,423.8584,-2.2302,461.3307,431.3535,1.9147,437.4195,435.8269,3.2944,413.2118,436.4834,0.1653,389.0911,439.3430,-3.2751,366.8403,448.8139,-2.4870
466.5599,436.8541,2.6416,475.5226,458.4096,9.1469,463.7189,422.8506,2.8972,454.3228,399.1364,-3.3872,422.6071,443.2225,2.1815,425.8564,454.8507,-1.9719,420.2607,431.4820,2.2525,416.8283,419.8064,-2.0373,485.6675,422.5508,-3.1365,463.0707,430.5561,0.6990,439.5862,436.0193,3.5502,414.9645,437.4478,1.2921,391.0552,438.8934,-3.1155,368.0887,446.8120,-3.1263
468.2841,435.5562,1.5010,479.4941,456.0858,12.2589,465.1172,421.7271,1.7293,452.9421,398.0958,-8.7376,424.7402,444.0076,2.9441,428.8170,455.2479,-1.5602,422.2074,432.1864,3.0206,417.9649,420.9626,-1.8675,487.5452,422.1378,-3.1925,464.1137,429.7592,-0.2459,441.3830,436.3428,3.6322,417.1805,438.1117,2.4770,392.7661,438.6316,-2.0801,369.6005,444.8580,-3.4453
469.7125,434.8782,0.7325,482.7024,454.2661,13.4255,466.7628,420.7505,0.4881,452.8286,397.2665,-11.8021,426.3585,444.3290,3.6127,431.5353,455.5806,-2.3132,424.0724,432.5735,3.5023,419.1606,421.6426,-2.0947,489.0990,421.1534,-3.6602,466.1792,428.5923,-1.4476,442.9231,435.9241,2.8302,419.1861,438.9743,3.2323,394.7377,438.9069,-0.8047,371.1986,443.2826,-3.8646
471.3143,433.5034,-0.3561,484.7680,452.7919,13.3198,468.6040,419.5503,-0.3036,454.2104,395.5978,-13.6726,428.5076,445.0004,3.7318,434.4726,455.8438,-2.7058,425.9235,432.9879,3.7138,420.0065,422.5427,-2.6273,490.7857,420.8484,-3.2089,467.3187,427.5690,-2.3223,445.0572,435.3958,1.6352,421.5948,439.3654,3.5426,396.6715,439.4045,0.2002,372.7320,442.3898,-3.3409
473.2428,432.6747,-1.0262,486.6296,451.8878,13.1562,470.3072,418.3187,-1.1185,455.4182,394.6284,-14.8446,430.4880,445.2438,3.4198,437.1511,455.9089,-2.9181,427.8238,433.2717,3.4389,421.1860,422.2731,-3.1864,492.7000,420.0429,-2.6944,469.1899,426.2324,-2.8594,446.5421,434.4868,0.7442,423.1413,440.0590,3.6311,398.6132,440.5157,1.1760,374.3583,441.7580,-2.8053
474.5536,431.4358,-1.0745,488.4885,450.9004,12.6166,471.7921,417.5878,-1.1745,457.2447,393.7853,-15.1488,432.1386,444.9196,2.8605,439.3675,455.6359,-3.9885,429.7976,433.0784,2.6648,422.3695,422.3060,-4.3522,494.7381,419.9685,-2.1228,470.7597,425.2946,-3.5375,448.3363,433.6269,-0.4950,425.0147,440.2345,3.2809,400.9090,441.7748,2.1968,376.3543,441.6317,-1.7368
476.2493,430.7178,-0.9893,490.1120,449.8974,13.1105,473.1124,416.6282,-1.0660,458.3479,392.6994,-15.1614,433.9703,444.2800,1.8470,441.9859,454.8919,-5.0253,431.2944,432.4461,2.0324,423.3120,422.0774,-4.9761,496.2333,419.6683,-0.7748,472.7067,424.1676,-3.6916,449.3822,432.2666,-1.3314,426.9213,439.9979,2.8213,402.8977,442.5180,3.2195,378.1824,441.9061,-1.2567
477.7723,429.9705,-0.8613,491.8322,449.3324,13.4620,474.7902,416.1491,-0.6976,460.3894,392.3588,-14.9739,435.6588,443.6622,0.8736,444.0539,454.0262,-6.4025,433.2828,431.7995,0.7981,424.8802,421.0455,-6.3197,497.8570,419.7174,0.3727,474.2104,423.4540,-3.4222,451.2739,430.8490,-2.2693,428.5229,439.5883,1.8813,404.6365,443.6549,3.1004,380.3285,442.8944,0.2248
479.9559,429.8297,0.1871,493.4557,448.8108,14.3010,476.6980,415.3919,-0.1240,462.1690,391.5440,-14.1283,437.0121,442.3596,-0.0334,446.0746,452.5117,-7.4729,434.3460,430.2951,-0.1756,425.7093,420.2494,-7.5304,499.8363,419.8815,1.4846,475.9479,422.9840,-2.7353,452.7560,429.2392,-3.0605,429.9392,438.6229,0.7722,406.8181,444.1693,3.5661,382.2350,443.9057,1.4258
481.7293,429.5412,0.7823,495.4373,448.5931,15.0540,478.6212,415.4171,0.8900,464.0547,391.6333,-13.3849,438.5856,440.7706,-1.2545,447.6477,451.3701,-8.5602,436.2066,429.0664,-1.3770,427.0051,418.9504,-8.4086,501.5187,420.1313,2.2477,477.8860,423.0306,-2.0262,454.3953,428.2861,-3.6731,432.0122,437.4696,-0.3214,408.9361,444.2785,3.2110,384.2681,445.0572,2.0288
483.4900,429.6586,1.9558,497.0743,448.5233,16.0942,480.4324,415.5174,1.7840,465.9647,391.4723,-11.9874,440.2164,439.3435,-2.0082,449.7106,449.5085,-9.4051,437.5538,427.5033,-2.2116,428.4418,417.4696,-9.1506,503.6166,420.2754,2.9113,479.6410,422.7407,-0.7277,456.1697,427.0697,-3.5618,433.1208,436.0584,-1.2747,410.5472,444.1438,2.7484,386.3812,446.0806,2.9530
485.3143,429.6680,3.0366,498.7354,449.0352,17.0105,482.1716,415.6825,3.1475,467.7669,391.8846,-10.8005,441.5892,437.7922,-3.0519,451.0012,448.2192,-9.3478,439.3409,426.4256,-3.0094,429.6221,415.8613,-9.6718,505.1511,420.3910,3.4598,481.3702,423.0848,0.0055,457.5635,426.3163,-3.2731,434.6583,434.2201,-2.2617,412.3793,443.7238,2.1315,388.5960,447.5078,3.4880
486.8940,429.8127,4.1539,500.3362,449.6636,17.3658,484.3687,416.1150,4.3581,470.1563,392.1045,-9.1650,443.2161,436.2134,-3.4713,452.9419,446.6683,-9.4714,440.9650,424.6230,-3.6584,431.3824,414.4909,-9.4848,507.2224,420.4749,3.7805,483.3188,423.1049,1.3503,459.6805,425.9062,-2.3775,436.1822,432.8634,-3.2019,413.7831,442.7337,0.6991,390.4050,448.3588,3.7913
489.2941,430.4775,4.9738,501.7679,450.1225,16.9895,486.2059,416.3368,4.8168,472.9125,392.6724,-7.1131,444.8147,434.9793,-3.4845,454.2288,445.6438,-9.1252,442.3062,423.5539,-3.7960,432.8190,413.3152,-9.3266,509.2310,420.3371,3.7386,485.3255,423.6173,2.1996,461.0172,425.3309,-1.9740,437.7239,431.4458,-3.4721,415.1098,441.1588,-0.3475,392.4583,448.6430,3.3532
491.3761,430.6058,5.7105,502.0362,451.4825,14.9009,487.9437,416.8719,5.7060,476.6243,393.3195,-3.7448,446.4498,434.4405,-3.4331,455.5972,444.6842,-8.2419,444.2087,422.8382,-3.3225,434.7475,412.3084,-8.1681,510.7057,420.1502,2.6326,487.1931,424.1445,3.0082,462.9344,425.5121,-0.8318,439.5379,430.0604,-3.4468,416.8977,439.6347,-1.2556,394.3675,448.4489,2.4993
493.1722,431.0818,5.7722,500.6933,453.1098,10.2278,489.9057,416.9266,5.9419,481.9245,393.2475,1.5485,448.3329,433.5548,-2.7605,457.1263,443.9776,-7.0682,445.7428,422.2013,-2.7011,437.0198,411.4662,-6.7676,512.6833,419.3318,1.7971,489.0403,424.2464,3.6803,464.9346,425.9190,0.4075,441.0780,429.1820,-3.4677,418.5115,437.8122,-2.3778,395.8126,447.5112,1.7667
494.8877,431.4192,5.9493,498.2559,455.4405,4.0237,491.8352,417.0761,6.1351,488.5594,393.8370,8.2220,450.0698,433.5349,-1.9114,458.2566,443.9022,-5.2804,447.3959,421.8599,-1.8058,438.8728,411.3658,-5.2752,514.2449,419.0042,0.6265,490.7832,424.2350,3.5668,466.8910,426.6031,1.0600,442.4897,428.6066,-2.6103,419.8098,435.7368,-3.2020,397.6715,446.5900,0.8323
496.7040,430.7822,5.6090,496.7161,456.7812,-2.5496,493.6953,416.9113,5.4720,493.7700,393.6062,13.4096,451.9601,433.9736,-0.7045,459.5031,444.2365,-3.2420,449.4466,422.0529,-0.8007,441.2677,411.3740,-3.6950,515.8966,418.3751,-0.1674,493.1034,424.3027,3.3875,468.8089,427.3046,2.1726,444.4514,428.2525,-1.8097,421.2039,434.3101,-3.3878,398.6770,445.0931,-0.1111
498.5519,430.7100,4.8503,496.4697,457.5981,-6.5232,495.6191,416.6454,4.8741,498.3537,393.5356,16.2123,453.5843,434.2337,0.5446,461.2888,444.7502,-1.7723,451.2846,422.5708,0.3459,444.2768,411.4384,-1.6263,517.3714,417.1329,-1.6013,494.5715,424.1886,2.8230,470.6309,427.3649,2.9746,446.6532,428.5710,-0.7617,422.6292,433.0482,-3.5537,400.5815,443.2470,-1.5569
500.1324,429.8512,3.8494,497.1056,457.3866,-9.0250,497.0601,416.0075,3.9755,501.1167,393.0287,16.9536,455.5393,434.8189,1.4271,462.1808,445.3832,0.5890,453.1389,423.0116,1.2601,446.6268,412.1231,0.5023,519.3478,416.3954,-2.4501,496.3040,424.0479,1.8951,472.4528,428.3904,3.5593,448.4563,428.9918,0.4087,424.6377,432.2239,-3.4142,401.9080,441.3648,-2.6041
501.9085,429.4268,2.7893,498.3617,456.7229,-10.8842,498.7213,414.9671,2.9023,503.0338,391.8673,16.2710,457.8511,435.7465,2.1206,463.5695,446.4723,2.2696,455.1996,423.7649,2.5097,449.3259,412.7332,2.1924,520.8776,415.3655,-3.0833,497.8861,423.2492,0.8634,474.7375,428.4792,3.5785,450.3407,429.8064,1.2547,426.2801,431.3267,-2.8947,403.3226,439.1780,-2.9568
503.0590,428.0925,1.6539,499.8336,456.0743,-12.4090,500.4496,414.1446,1.9239,504.9415,391.0416,15.6311,459.6902,436.3675,3.0590,464.5701,447.5430,4.1758,457.3407,424.5288,3.0515,452.1984,413.4369,3.8205,522.6454,414.4549,-3.3884,499.6979,422.1188,-0.3166,476.5050,428.4960,3.3613,452.2473,430.7731,2.3103,427.8492,431.1440,-1.7731,405.0038,437.1546,-3.5013
504.8637,427.3046,0.6980,501.0926,454.8175,-13.7248,502.1285,413.0668,0.5500,506.7883,390.0611,14.7435,461.7462,436.8926,3.3971,466.0226,448.3330,5.7511,459.2045,425.0923,3.4898,454.9204,413.9660,5.2108,524.4950,413.5627,-3.6888,501.2936,420.8283,-1.2425,478.6506,428.0808,2.4187,454.5426,431.1382,3.0409,430.0263,431.3124,-0.4992,406.1646,435.9417,-3.3686
506.5395,426.1331,-0.4040,502.7515,453.9544,-14.4044,503.8475,412.0960,-0.1118,508.3028,388.8075,13.8105,463.9592,437.2875,3.6613,466.9470,449.2591,6.1830,461.3215,425.8960,3.3650,457.6653,414.1151,6.0590,526.0964,413.2986,-3.3374,502.8710,419.7594,-2.4471,480.2552,427.7746,1.8846,456.7979,432.2084,3.6168,431.8942,432.1062,0.4914,408.1322,434.6811,-3.2537
508.3169,424.9694,-0.7846,504.5718,452.9435,-15.2890,505.2442,411.0987,-0.7547,510.0829,387.6457,13.2726,465.4140,437.6204,2.7403,468.1226,448.9293,6.9618,463.2030,425.7443,3.2737,460.3431,414.2669,6.8828,527.7350,412.6142,-2.9799,504.6219,418.5687,-2.4891,481.5222,427.1017,0.8389,458.3355,432.5620,3.7635,433.7943,432.9271,1.3228,409.4522,434.3729,-2.5278
510.0380,424.0172,-1.1901,505.9366,451.7156,-15.3800,506.5998,409.8616,-1.0984,511.3525,386.8627,12.9923,467.4460,437.2906,2.8392,469.0740,449.3487,7.0279,464.5641,425.3275,2.6362,463.1863,413.7021,7.1162,529.5799,412.4079,-2.1466,506.2311,417.5490,-3.3825,483.3902,425.9207,-0.3874,460.0471,432.7584,3.3476,435.9502,434.0260,2.2611,411.2053,434.3284,-1.8458
511.9270,423.0509,-1.2894,507.8998,450.7772,-15.4250,508.5975,409.1920,-1.2812,513.0398,385.9781,12.9625,469.0321,436.9010,1.8912,470.0515,449.0935,6.6940,466.6473,425.1739,1.9617,465.6207,413.1138,6.5998,531.2155,412.4418,-0.7433,507.7154,416.8646,-3.5878,484.8148,424.6277,-1.5068,461.8783,432.5470,2.6092,437.9390,435.0912,3.0715,413.4412,434.6781,-0.9165
513.4941,422.5047,-0.8324,509.6855,450.3601,-14.7270,510.7208,408.7240,-0.9125,514.9801,385.4647,13.2849,470.8679,435.8805,0.7919,470.5030,448.3416,6.3288,468.2665,424.2218,0.8112,468.4195,412.0500,6.4971,533.2813,412.0727,0.2728,509.0938,415.9137,-3.3817,486.3759,423.4907,-2.4289,463.8257,432.0607,1.9062,440.0475,435.8143,3.5140,415.3586,435.3151,0.2382
515.1909,422.2814,0.1013,511.5576,449.6006,-13.4863,511.8942,408.1622,-0.1738,516.4223,384.9346,13.5067,472.3492,434.7617,-0.3982,471.5170,447.2708,5.6927,469.8842,423.1072,-0.0783,470.6271,410.7832,5.4764,534.8902,412.4210,1.5167,511.4693,415.3485,-2.8294,488.0793,421.9311,-3.0929,465.4155,431.0333,0.7558,441.9630,436.7919,3.3384,417.4623,436.1133,1.2235
516.8201,421.7527,1.0571,513.9430,449.3044,-12.1228,513.5916,408.0759,0.6963,517.8544,384.9160,13.8678,473.8040,433.2362,-1.2879,472.1329,446.0697,5.0725,471.3292,421.6806,-1.1911,472.9806,409.0969,5.3936,536.9176,412.9385,2.2896,512.9404,415.7183,-1.7096,489.4945,420.7946,-3.4561,467.0894,429.8956,-0.4081,443.9186,436.8950,3.4737,419.7293,437.8081,2.1896
518.8314,421.9585,2.2238,516.8194,449.0166,-9.0725,515.7415,407.8620,2.0982,518.6559,385.2630,13.0323,475.3732,432.1278,-2.1627,473.2057,444.5933,4.8298,472.6408,420.1924,-2.7385,475.1748,407.4721,4.5243,538.7632,412.7217,3.0458,514.7240,415.1464,-0.9073,491.2136,419.4894,-3.4308,468.3575,428.4350,-1.0985,445.9320,436.7389,2.7804,421.3510,438.8095,2.8151
520.5117,422.0579,3.1436,520.6115,447.7849,-4.9169,517.6450,408.3323,2.9451,518.0920,384.9008,11.2347,476.9473,430.3919,-3.1156,473.9984,443.2330,3.8089,474.4184,418.6002,-2.9774,477.2181,405.5135,3.9601,540.7546,412.8267,3.2394,516.2851,415.5026,0.2776,492.9537,418.8644,-3.3433,469.9816,427.0480,-2.3264,447.4514,435.9706,2.0089,423.6385,440.1766,3.4665
522.4516,422.5290,4.2364,526.3502,446.5925,1.9205,519.5784,408.4486,3.9069,516.1296,385.0550,6.2906,478.3130,429.1122,-3.5349,474.7624,442.0077,3.5035,476.0277,417.2166,-3.4080,479.4538,404.3325,3.7543,542.3948,413.0033,3.6714,518.5756,415.6839,1.2877,494.6967,418.2905,-2.9015,471.5902,425.1843,-3.0020,449.0017,435.1738,0.7690,425.5103,440.4623,3.4701
524.2984,422.9771,5.0085,531.9992,444.9237,9.5894,521.3314,409.0414,5.0539,513.3616,385.2297,0.7096,479.9462,427.7928,-3.8537,476.2117,440.6303,3.4025,477.5459,415.8869,-3.3946,481.2591,402.6729,3.4271,544.0898,413.0062,3.4022,520.5773,416.3835,2.4568,496.3663,417.9613,-1.7645,473.0244,423.7670,-3.7915,450.6407,433.6408,-0.5551,427.6694,441.0451,3.3301
526.2520,423.1722,5.8786,537.2603,444.1609,15.1040,523.1823,409.1165,5.3468,512.0097,385.4461,-3.6909,482.0807,426.8997,-3.5435,477.2578,439.8889,4.0650,478.9431,414.9956,-3.3528,483.4403,401.9353,3.7829,545.8669,412.7277,2.7012,522.2236,416.3989,3.2957,498.2806,418.2383,-0.8390,474.7980,422.6728,-3.4952,452.0616,431.7184,-1.2262,429.3948,441.0768,2.8071
528.0845,423.5440,6.2589,540.6816,443.3371,18.1884,524.9427,409.4410,6.1508,512.1623,385.8013,-5.9274,483.4731,426.3459,-2.6581,478.8584,439.6325,3.8797,480.7611,414.5553,-2.8950,485.4229,401.4708,4.1111,547.6431,412.0607,1.7542,524.6743,416.6869,3.4784,499.9083,418.2538,0.3789,476.0845,421.4950,-3.3051,453.2656,430.2149,-2.2540,431.2390,440.2293,1.9619
530.2195,423.7079,6.0032,543.3561,443.0740,19.3613,527.0208,409.3326,5.9344,512.8552,385.7571,-7.3249,485.1141,426.1590,-2.1309,480.8953,439.2519,4.6632,482.4705,414.4128,-1.8022,487.3445,401.1459,4.8915,549.4405,411.4617,0.8594,526.3777,416.8455,3.4570,502.0875,418.8795,1.1125,478.3806,421.2548,-2.9930,455.0487,428.5238,-2.8394,432.6277,439.3659,0.6041
531.8208,423.6212,5.4290,545.0803,442.8878,19.2415,528.9384,409.6078,5.3210,514.1291,385.7757,-8.2314,487.0814,426.2249,-0.7515,482.3904,439.4590,5.1936,484.6502,414.5963,-0.8453,489.0770,401.2714,5.0045,551.1185,410.6263,-0.2339,528.1688,416.9921,3.4008,504.2111,419.4754,2.2503,479.5981,421.0314,-1.8819,456.7638,426.8355,-3.3635,434.4164,437.8276,-0.4699
533.4769,423.0629,4.8452,547.2242,442.2966,18.8991,530.6075,408.9086,4.9414,516.0177,385.1316,-9.5624,489.2827,426.6241,0.0533,484.3322,439.7417,5.8992,486.4930,414.7793,0.2085,490.8573,402.0652,5.9272,553.1487,409.9583,-1.4081,529.9965,416.6105,2.7468,505.8351,420.2655,2.8471,481.8371,421.0022,-0.9918,458.0135,425.2688,-3.5868,435.5194,435.9818,-1.0317
535.3336,422.3915,4.0908,549.3571,441.8543,17.7463,532.2577,408.5834,3.6056,517.7049,384.8000,-10.4317,491.0491,427.3084,1.2643,486.9494,440.5779,6.2689,488.4662,415.7461,1.3700,492.5114,402.4642,6.1333,554.5242,409.0572,-2.3670,531.6255,416.4408,2.0703,507.8353,420.7148,3.7875,483.8102,421.5613,0.3842,459.8066,424.4968,-3.4687,437.2765,433.7127,-2.3938
537.2418,421.9674,3.0035,550.8707,440.9830,16.8870,534.1554,407.8699,2.8475,519.3635,384.0079,-11.1542,492.9942,427.9380,2.4697,488.8343,441.3205,6.8016,490.4956,416.1062,2.2895,494.4906,403.1936,6.3537,556.0077,407.8750,-3.1767,533.3659,415.3684,0.7734,509.5757,421.1124,3.2625,485.4356,422.4013,1.1553,461.4720,424.0247,-2.6076,438.7193,432.0741,-2.7295
538.7028,420.7948,1.6650,552.0003,440.1325,15.8631,535.6530,406.9382,1.4193,521.2509,382.8693,-12.6163,494.9175,429.0193,3.1984,491.3393,441.8326,6.3788,492.6324,417.0941,3.2717,495.9194,403.8770,6.4997,557.5758,407.0793,-3.6540,534.8634,414.5342,-0.5011,511.8317,421.1902,3.1493,487.5276,423.0615,2.5259,463.4175,423.7243,-1.9175,439.9576,429.9587,-3.6265
540.1161,419.7601,0.7882,554.3318,439.1479,14.3923,537.4191,405.4427,0.8137,522.6582,382.0360,-13.5643,496.8599,429.5768,3.2374,493.7457,442.6245,6.2294,494.2954,417.8409,3.4210,497.3615,404.8257,6.0046,559.5349,406.2036,-3.5303,536.3858,413.8715,-1.4444,513.6938,420.7634,2.5406,489.5358,423.7382,2.9860,465.2175,423.7796,-0.6763,441.5466,428.4277,-3.6164
541.8332,418.4833,-0.0208,555.6185,437.7015,13.9646,538.8782,404.5752,-0.5685,524.3412,380.7311,-14.3321,499.1373,430.0261,3.7117,496.8172,442.6423,5.2242,496.2956,418.3224,3.5329,498.8451,405.4177,5.4966,560.9949,405.5979,-3.1111,538.1553,412.1873,-2.2477,515.3576,419.9420,2.0808,491.6422,424.7614,3.4958,467.2628,424.5997,0.1628,443.1334,427.3746,-3.2580
543.4740,417.6527,-0.7619,556.8428,436.6949,12.9893,540.2485,403.4299,-1.1174,526.1276,379.7099,-14.7201,500.9686,429.8798,3.2260,499.5171,442.6138,3.9028,498.0645,418.5009,3.4225,500.0077,405.4826,4.2267,563.0868,405.2195,-2.9454,539.7460,411.3267,-2.9450,516.9684,419.6617,0.9504,493.5148,425.2515,3.5439,469.2842,425.5108,1.2527,444.6273,426.5867,-2.7519
545.2349,416.6260,-1.1423,558.2291,436.2071,12.3287,541.9019,402.4857,-1.1835,527.8131,378.6771,-14.7116,502.7826,429.7865,2.9373,501.8642,442.4182,2.5890,500.0244,418.2047,2.7432,500.9516,405.6893,2.5788,564.6407,404.9068,-2.0699,541.3387,410.0331,-3.6606,518.6092,418.6545,-0.1090,495.4042,425.7322,3.1663,471.0470,426.5105,2.3058,446.7946,426.8922,-2.1736
546.6251,415.7379,-1.2020,559.3977,435.4441,11.4084,543.8038,401.7804,-1.2685,530.1282,377.7054,-13.6290,504.1487,429.2748,1.8186,504.0423,441.7576,0.7101,501.7933,417.4779,1.9024,501.7994,405.3717,0.8757,566.3541,404.9519,-0.8501,543.4046,409.3526,-3.5638,520.1149,417.0854,-1.0208,497.2246,425.0596,2.8139,473.1297,427.7893,3.0125,448.2534,426.8192,-0.8558
548.2833,414.9613,-0.8458,560.2173,435.2564,9.6357,545.4191,400.7905,-0.7562,533.3772,377.6489,-11.0598,506.3329,428.5088,0.8789,506.4329,440.5432,-0.9868,503.3603,416.5428,0.8153,502.8583,404.3603,-0.6687,568.1972,404.9802,0.3465,544.6026,408.4615,-3.2550,521.5753,415.6297,-2.2762,499.1149,424.6189,1.8724,475.1979,428.5091,3.6520,450.5360,427.6455,0.3355
550.0081,414.4419,0.3858,559.1987,436.0313,6.0574,547.5300,400.7851,-0.0453,537.9296,376.9478,-6.3765,507.5751,427.5876,-0.1303,509.1677,439.0196,-3.0982,504.6635,415.8428,-0.2523,503.4438,403.5692,-2.9725,570.4662,405.2523,1.3680,546.3249,407.9866,-2.8876,523.3813,414.5888,-2.7904,500.3289,423.7360,0.5941,477.3767,429.2323,3.6512,452.6092,428.9049,1.5645
551.9927,414.3593,0.6884,556.7927,437.8226,1.2149,549.1977,400.5515,0.7397,544.2418,377.0048,0.8996,509.0958,425.5704,-1.2378,511.8884,437.5911,-5.0539,506.7824,414.1391,-1.4681,503.9887,402.5912,-4.5206,572.3267,404.9851,2.1561,548.0474,407.6419,-1.9463,524.7338,413.2791,-3.6105,502.3295,422.1766,-0.3885,478.7249,429.5355,3.2180,454.4394,429.9104,2.4891
554.0313,414.4953,1.9248,554.9938,440.0437,-3.9410,550.8263,400.5814,1.7552,550.2668,377.2565,8.2265,510.7042,424.3123,-2.3465,513.8697,435.9936,-6.6896,508.1631,412.6548,-2.3148,504.9704,401.1279,-6.6279,574.1330,405.4511,3.1499,550.2538,407.6964,-0.8225,526.3982,412.4460,-3.5218,503.6192,420.8347,-1.2220,480.8784,429.0835,2.9365,456.8525,431.4572,3.2425
555.4342,414.8479,2.9422,554.3627,441.5248,-7.2200,552.7460,400.6130,3.5011,555.1979,377.6294,13.8458,511.9322,423.0223,-3.1501,516.4713,434.3554,-7.8897,509.7488,411.1030,-3.1383,505.3288,399.7754,-7.8300,576.0448,405.2840,3.4174,552.0270,408.3859,0.3301,528.0479,411.3752,-3.4632,505.0057,419.0832,-2.4072,482.8296,429.0257,1.9433,458.8020,432.6396,3.7257
557.7072,415.2377,4.4984,554.9530,442.3007,-8.1841,554.3752,401.0882,4.2050,558.1597,377.7256,16.5323,513.4694,421.4170,-3.7187,518.9557,432.4408,-8.7675,511.0728,409.6070,-3.3502,506.0066,398.3722,-9.2811,577.5632,405.4546,3.5315,553.6598,408.1749,1.3788,529.7211,410.8309,-2.3659,506.7580,418.1679,-3.0595,484.2930,427.6449,0.5288,460.8452,433.1005,3.6097
559.4604,415.2941,5.1087,556.2465,442.8038,-8.6507,556.4458,401.1582,4.9915,560.9829,378.1498,18.4591,515.0994,420.5808,-3.6109,521.1450,431.1888,-9.8283,512.6577,408.4100,-3.5825,506.8476,397.6580,-9.7676,579.4654,405.1874,3.1110,555.5488,408.6336,2.4953,531.6750,410.6700,-2.1549,508.2147,416.1966,-3.5417,485.8966,426.4437,-0.3569,462.7549,433.4573,3.6430
561.5799,415.7420,5.7271,557.7829,443.5850,-8.2838,558.8269,401.4183,5.6695,562.9723,378.6211,19.4372,516.9066,419.6304,-3.5670,523.6005,430.1224,-9.7831,514.5720,407.5598,-3.2793,507.6822,396.9122,-10.0144,581.3910,404.9970,3.0102,557.8476,408.9789,3.1350,533.3388,410.7061,-0.7314,509.7281,415.0855,-3.4645,487.2951,424.7353,-1.3708,464.6698,433.5231,2.7462
563.4270,416.2083,6.0299,559.6653,443.5963,-8.1752,560.2525,402.1446,5.7908,564.9438,378.8182,19.9877,518.3542,418.8419,-2.5847,525.9452,429.6756,-9.6995,516.1368,407.1134,-2.8762,508.9475,395.9578,-9.4704,583.0303,404.5954,1.6604,559.4793,409.3148,3.5623,535.1989,410.9671,0.1354,511.8808,414.2104,-3.1759,488.8401,423.0213,-2.4562,466.3622,432.7588,1.9408
565.2291,416.2743,5.8145,561.8947,443.9981,-8.3301,562.2490,402.2284,6.1276,567.1933,378.9793,20.2257,520.3965,418.3794,-2.0265,528.5013,429.1427,-8.9140,518.0657,407.0074,-2.2722,509.9005,396.2613,-8.7058,584.6404,403.8681,0.9621,561.3515,409.4290,3.5534,537.1291,411.5551,1.2451,513.2193,413.5895,-2.8005,490.2758,421.1953,-3.1948,468.0285,431.8024,0.8309
566.9793,415.8487,5.6060,563.4077,443.8941,-8.9005,564.3394,401.8629,5.5784,568.8057,378.9070,19.6868,522.4027,418.5944,-0.6380,530.6032,429.3152,-8.1955,519.6368,407.1635,-1.0066,511.0819,396.5902,-7.8101,586.4553,403.1531,-0.1971,562.9112,409.4815,3.3564,539.2112,412.3771,2.1835,515.0644,413.3270,-1.9403,491.6589,419.6010,-3.6035,469.4481,430.3229,-0.3139
569.0562,415.7022,4.7116,565.1275,443.5030,-9.3988,565.6065,401.6747,4.7587,570.5503,378.3307,19.0947,524.3616,419.3574,0.3057,533.0231,429.7211,-6.7749,521.7179,407.7745,0.6499,512.9867,396.9886,-6.8680,587.9107,402.5192,-1.2520,564.9270,409.3609,2.7093,541.4021,412.6328,2.8682,516.8359,413.7070,-0.8657,493.3815,418.2550,-3.8677,470.7616,428.1754,-1.3853
570.4807,414.9524,3.6735,566.4695,442.7506,-10.1902,567.5778,400.7775,3.9346,572.0795,377.7191,18.1184,526.1983,419.7253,1.1407,535.4195,429.9254,-5.8048,523.7907,407.6995,1.0081,514.5762,397.8091,-5.5215,589.6362,401.4299,-2.4332,566.6225,408.7463,2.0628,543.1582,413.2753,3.3000,518.8298,413.8287,0.2603,495.2830,416.8406,-3.2714,472.1191,426.3100,-2.4340
572.0912,414.1864,2.9594,568.6645,442.0921,-11.0501,569.2335,399.9069,2.8212,573.8869,376.9611,16.8379,528.4110,420.6206,2.2418,537.6316,430.6015,-4.3214,525.8866,408.7394,2.5614,516.2374,398.6102,-4.5601,591.2833,400.5302,-2.9045,568.7824,407.9491,0.9122,544.9570,413.5643,3.5706,520.8370,414.6459,1.2006,496.6132,416.2595,-2.6330,473.8904,424.2683,-2.8765
573.7893,413.0398,1.5652,570.3703,441.0257,-12.1776,570.9101,398.9916,1.4985,575.4227,376.2606,15.5366,530.3959,421.0767,3.2093,539.6631,431.6009,-3.2559,527.4739,409.5780,2.8117,518.0190,399.2018,-3.5395,593.2635,399.6011,-3.5532,570.2588,407.0390,-0.5057,546.8517,413.4016,3.1726,523.0201,415.5191,2.4979,498.5479,416.4085,-1.6536,474.9603,422.6669,-3.4605
575.7274,411.8822,0.5538,572.0978,439.4640,-12.6352,572.4204,398.4131,0.5774,576.6011,375.0022,14.1002,532.1629,422.0196,3.5794,541.7452,432.4912,-2.5370,529.6265,410.3307,3.5440,520.2063,399.9842,-2.5225,594.6850,398.8733,-3.4342,571.6359,406.3695,-1.4756,548.7755,413.6278,2.8545,524.6128,416.7708,3.3248,500.3181,416.4521,-0.7179,476.8217,420.9523,-3.5894
577.0427,411.1852,-0.0331,574.5025,438.3468,-12.2528,573.9908,397.0505,-0.1884,577.2379,373.7792,11.8493,534.2811,422.3447,3.3330,543.4067,432.5806,-2.0027,531.8009,410.7969,3.5189,522.0384,400.6459,-1.9911,596.5916,398.1645,-3.2196,573.4207,404.9497,-2.1766,550.3923,413.0392,2.0579,526.7715,416.9172,3.7475,502.1577,417.1170,0.2714,478.6690,419.8698,-3.4556
578.5411,410.1912,-0.7883,578.0991,436.3842,-10.2104,575.8364,396.0062,-0.8755,577.2581,372.5386,8.3881,536.0293,422.5238,3.3287,544.9592,433.0910,-1.7183,533.4095,410.7900,3.3776,524.2956,400.4617,-1.3604,598.1672,397.5599,-2.7684,574.7172,403.9510,-3.0263,552.0802,412.2022,0.7666,528.8160,417.5175,3.6029,504.2323,418.2140,1.4636,480.1904,419.4101,-2.4607
580.4319,409.0284,-1.2841,582.7152,433.5467,-5.7210,577.2426,395.0099,-1.2541,575.4214,371.7031,3.3226,537.9020,422.4651,2.5724,546.8399,432.8029,-1.8446,535.2478,410.8208,2.7327,526.4311,400.2559,-1.6336,599.9166,397.4224,-1.9813,576.6397,402.5862,-3.3865,553.7633,411.1284,-0.3033,530.5051,417.7917,3.2978,506.6741,419.1960,2.2541,481.9672,419.2707,-1.9621
581.9054,408.2678,-1.0618,588.4821,431.0411,1.2586,578.9365,394.1028,-0.9591,572.6177,370.8278,-3.2908,539.6380,422.0574,2.2042,547.9871,432.1661,-1.6809,537.1391,410.0939,1.8013,528.4853,399.6937,-1.4228,601.6276,397.5540,-0.6426,577.9944,402.1032,-3.7042,555.3554,409.9651,-1.3294,532.5631,417.6109,2.8329,508.5357,420.2863,3.1009,483.4473,419.5002,-0.8403
583.6340,407.5692,-0.4835,593.7064,428.6932,7.1184,580.5404,393.6777,-0.5719,570.3281,369.7086,-8.6086,541.1366,420.8887,1.0983,549.1726,431.5197,-1.5979,538.7039,409.3694,0.6922,530.5364,398.5148,-1.9766,603.5130,397.4463,0.0570,579.6904,401.0462,-3.4507,556.9519,408.7129,-2.3263,534.1537,416.9775,1.6113,510.4463,420.7679,3.2588,485.7210,420.1699,0.2602
585.3233,406.9436,0.0291,597.1874,427.2132,11.4113,582.2658,393.0998,0.0910,569.6759,369.3770,-11.2900,542.6861,419.9218,-0.3137,549.9188,430.5151,-2.1153,539.9252,407.8945,-0.2149,533.0973,397.5543,-2.0494,605.7776,397.4357,1.7274,581.5143,400.6253,-2.7905,558.5115,406.9743,-3.1441,535.7358,415.9638,0.7283,512.3348,421.6604,3.6828,487.9290,421.3477,1.5082
587.1970,406.9715,1.0538,600.2444,426.7114,14.0712,584.2737,393.2292,0.7457,570.4687,369.2263,-11.7880,544.4231,418.3964,-1.3448,551.0000,429.1668,-2.1487,541.8902,406.7719,-1.5051,535.1490,395.8163,-2.3646,607.3581,397.3543,2.2115,583.5120,400.3071,-2.1007,559.9553,405.8973,-3.4434,537.4160,414.7496,-0.3276,514.3856,421.9061,3.5146,489.8448,422.7314,2.3917
589.0927,407.1777,2.0578,602.3224,426.3287,15.6210,585.8898,393.0613,1.8459,571.5484,369.1977,-11.7019,545.4483,416.8925,-2.2014,551.7124,427.6340,-2.0964,543.5490,405.2869,-2.2987,537.2520,394.2369,-2.4199,609.2905,397.7413,3.1325,585.2665,400.2606,-0.4708,561.5380,404.5477,-3.7270,538.7845,413.5228,-1.5922,516.0802,422.2573,2.7438,492.2964,424.0171,2.8293
590.9992,407.4008,2.8614,604.8727,426.5447,16.9428,588.0160,392.9019,3.2835,573.6421,369.3834,-10.7400,547.3940,415.4365,-3.0772,552.2362,426.7475,-2.1174,544.6617,403.6440,-2.9602,539.7449,392.3488,-2.2020,611.0910,398.1030,3.4537,587.1644,400.6820,0.0939,563.2710,403.8750,-3.2965,540.3256,411.8300,-2.4349,517.8726,421.4855,1.8680,494.4156,424.9017,3.5252
592.9961,407.5630,4.3180,606.6517,426.9419,18.0331,590.0800,393.5085,4.1802,575.2084,369.7983,-10.0658,548.7830,414.0598,-3.5574,553.2246,425.4127,-1.6713,546.4265,402.0791,-3.4576,542.1677,390.5119,-1.7964,613.0237,397.8612,3.6088,588.9998,400.7127,1.2509,565.2682,403.6456,-2.8070,542.0105,410.2997,-3.0545,519.3606,420.3154,0.7489,496.0219,425.7210,3.8943
594.8730,408.1051,4.9095,608.5170,427.1407,19.1805,591.9565,393.6708,4.7362,577.0601,369.8319,-9.1173,550.6480,412.6615,-3.7475,553.8843,424.3762,-0.8792,547.8676,401.2478,-3.5073,544.7612,389.1308,-0.9331,614.7332,397.7318,3.2620,590.9623,401.1613,2.4061,566.6594,403.2239,-1.7648,543.3984,408.7831,-3.1950,520.9674,418.9733,-0.3348,498.0750,426.0600,3.2419
596.7207,408.3758,5.6545,610.6333,427.6370,19.7072,593.8988,394.0839,5.7054,579.0371,370.4478,-8.6583,551.7951,412.1329,-3.4410,554.4590,423.5455,0.3361,549.7197,400.1137,-3.4124,547.0408,388.5346,0.1855,616.3462,397.8126,2.9195,593.0871,401.5038,2.7479,568.5557,403.2747,-0.7109,544.7022,407.8602,-3.5842,522.5756,417.3853,-1.1819,499.7650,426.0516,2.8467
598.3949,408.9261,6.1032,612.2091,428.0401,20.0584,595.7473,394.4886,5.9594,580.7788,370.6818,-8.2000,553.8686,411.4559,-2.5605,555.2899,423.2599,1.5319,551.2947,399.5854,-2.7516,549.7506,387.7120,1.6817,618.2841,397.1946,1.7507,594.5226,401.7004,3.2253,570.5854,403.5536,0.1605,546.7734,406.7436,-3.4153,523.8431,415.4673,-2.1130,501.3774,425.4265,2.0831
600.6911,408.6646,6.1753,613.9658,428.0602,19.8069,597.5439,394.6946,5.8626,582.8199,370.7126,-8.5274,555.4970,410.8103,-1.9901,556.2442,423.2570,3.0809,553.0676,399.6921,-1.7501,552.2557,387.2099,2.9945,619.8580,396.4829,0.9766,596.6873,402.0416,3.5612,572.3982,404.1577,1.0647,548.4210,406.1566,-2.6073,525.6087,413.6474,-2.9097,503.1546,424.3626,0.8579
602.3020,408.7170,5.7908,615.7521,427.6987,19.5856,599.1246,394.0720,5.5839,584.6715,370.5063,-8.3734,557.6711,411.5074,-1.0784,557.3955,423.7976,4.9281,555.0590,399.5172,-0.7704,554.6244,387.4753,4.9719,621.4596,395.8039,-0.0148,598.3632,401.8120,3.6546,574.5180,404.6903,2.3045,550.2805,406.1521,-2.1173,527.0931,411.8299,-3.5818,504.5915,422.6479,-0.5591
604.0366,408.2685,4.9398,617.3781,427.7207,18.5539,600.8867,394.1238,4.8907,586.5684,370.4884,-8.6028,559.5980,411.7926,0.0936,558.3833,424.3267,6.6698,556.7721,399.9486,-0.0385,558.1226,387.5620,6.5122,623.3235,394.6520,-1.2274,599.9163,401.7868,2.7822,576.6117,405.2095,3.1175,552.2724,406.1962,-0.8747,528.4841,410.6526,-3.3837,506.1850,420.5831,-1.5789
605.8418,407.4521,4.1580,618.7772,427.2342,16.7258,602.8572,393.6873,4.0523,588.8479,369.9062,-9.1364,561.4484,412.3811,1.4937,559.5525,424.8736,7.9569,558.9226,400.6397,1.4510,560.7452,387.9911,7.9815,625.0976,393.6424,-2.4925,602.0335,401.0787,1.8626,578.4493,405.8630,3.3149,554.0865,406.8907,0.0311,530.2764,409.7456,-3.3139,507.6533,418.6574,-2.2541
607.5709,406.9645,2.4830,619.5413,427.1301,14.1359,604.3127,392.6082,2.6585,591.6403,368.8688,-8.4955,563.5338,413.1114,2.4416,561.1065,425.7964,8.9630,560.5590,401.2884,2.4552,563.1263,388.7337,9.0775,626.4854,392.8684,-3.1622,603.7370,400.4009,0.7672,580.4690,406.1488,3.3963,555.8278,407.5196,1.7329,531.8409,408.8273,-2.9253,509.0965,416.6983,-3.0814
608.9717,405.7659,1.4181,619.2576,426.7589,9.7332,606.0392,391.8796,1.5744,595.6800,368.2178,-6.2084,565.1625,414.2445,2.9286,562.3004,426.7377,10.4550,562.7324,402.1207,3.0406,565.8627,389.2677,9.8768,628.4584,392.1014,-3.4034,605.3392,399.5361,-0.2288,582.1227,406.1259,3.3558,558.1887,407.9951,2.2268,533.6258,408.8826,-1.7075,510.5977,414.9292,-3.6699
610.6107,404.7095,0.8696,617.0977,427.2998,2.9573,607.8595,390.8355,0.8778,601.1685,366.9676,-1.7167,567.3799,414.6402,3.6272,564.0120,427.7431,10.7915,564.9966,403.1500,3.5193,568.4361,389.9202,10.5492,630.2044,391.3538,-3.7604,607.0745,398.6743,-0.9175,583.9543,405.8716,2.5372,560.2503,408.9794,3.1306,535.5866,409.0855,-0.9476,511.9222,413.5210,-3.5573
612.1107,403.4236,-0.1391,614.4738,428.7299,-4.5236,609.4189,390.0484,-0.0466,607.2035,366.3627,4.0866,569.4619,415.0939,3.4320,565.3253,427.9651,11.0869,566.8263,403.4075,3.7618,570.8455,390.1473,10.7617,631.9255,390.8955,-3.0482,608.5412,397.4235,-2.4540,585.7212,405.1556,1.9173,562.1935,409.8438,2.9993,537.4266,409.8045,0.1007,513.5784,412.2778,-3.2456
613.6715,402.3411,-0.5337,613.3210,428.8992,-10.0296,610.8694,388.3550,-0.4259,612.3121,365.1350,8.4104,571.2167,415.5216,3.3918,567.0684,428.4877,10.3316,568.7063,403.2520,3.4586,572.9887,390.1888,10.5509,633.4791,390.4652,-2.6132,610.0894,396.1284,-3.0022,587.4611,404.6590,1.0272,564.0419,410.0589,3.5918,539.6750,410.7251,1.2120,514.9410,411.8209,-2.8968
615.6430,401.2204,-1.0265,613.0360,428.5869,-13.0525,612.6871,387.3782,-1.0902,615.8259,364.2319,11.2547,573.0603,414.7200,2.9790,568.9415,428.1083,9.7604,570.6769,403.1203,3.0415,574.7383,389.8250,9.4738,634.9642,390.1457,-1.8578,611.6814,395.3490,-3.5186,589.0261,403.5040,-0.2700,566.1137,410.4258,3.4185,541.6596,411.5169,2.2350,517.1681,411.5143,-1.8495
617.1002,400.8640,-1.2301,614.1984,428.4292,-14.2761,614.1784,386.7768,-1.2548,618.2263,363.5361,11.9928,575.0174,414.2343,1.5833,570.2989,427.3613,8.4789,572.2052,402.6102,1.9058,576.7507,389.2721,8.5334,636.8419,390.2150,-0.9702,613.2234,394.0285,-3.5487,590.5414,402.2811,-1.0521,567.9669,410.2951,2.8478,543.7244,412.6354,3.1258,519.0045,411.9570,-0.8976
618.8808,400.1262,-0.5955,615.4746,427.6996,-14.3545,616.1435,386.2395,-0.5863,620.3836,362.9149,12.9856,576.4258,413.5600,0.8887,571.9335,427.0566,7.1530,573.7217,401.6154,0.8291,578.4131,388.5480,7.0849,638.6980,389.8223,0.3193,614.9659,393.7674,-3.2980,591.9392,400.6573,-2.0208,569.2542,409.5641,1.9785,545.6668,413.6115,3.6215,520.9016,412.8115,0.1808
620.6473,399.6210,-0.0628,617.0814,427.6273,-14.1296,617.8973,385.8791,-0.0048,622.2846,362.6532,13.9433,577.9312,412.3950,-0.1881,573.4536,425.5361,5.2100,575.6837,400.5250,-0.1014,579.6402,387.3629,5.8447,640.6325,390.1260,1.2274,616.8975,393.0425,-2.5056,593.7057,399.6426,-2.9376,570.8587,408.9044,0.6735,547.7252,414.2611,3.8874,523.2357,413.8699,1.4050
622.3658,399.4258,0.8671,618.7155,427.6329,-13.3088,619.3997,385.3506,0.8955,624.2420,362.2899,15.1501,579.1285,410.8732,-1.4682,575.2095,423.9827,3.4898,577.0695,399.2756,-1.4103,581.0618,386.1915,3.8190,642.4021,390.1869,2.2043,618.8123,392.8650,-1.5409,595.2143,398.1800,-3.4892,572.5970,407.5582,-0.2299,549.6134,414.4322,3.2977,525.0852,415.4734,2.2769
624.1706,399.8895,1.8210,620.3334,427.1571,-12.0913,621.2669,385.5656,2.1258,626.2420,362.3471,16.2878,581.0948,409.4640,-2.4175,576.9419,422.4793,1.6637,578.3457,397.4743,-2.1440,582.4058,384.3836,1.7961,644.3167,390.2096,2.8546,620.3155,392.6959,-0.6400,597.0052,397.2869,-3.5800,574.0410,406.0454,-1.3487,551.2932,414.1565,2.9629,527.2455,416.1042,3.0773
626.2324,399.7090,3.0805,622.4619,427.6870,-11.3220,623.2480,385.8856,2.9823,627.7335,362.8033,17.1883,582.5351,408.0003,-2.9824,579.5076,421.0259,0.1696,579.8765,396.1755,-3.0882,583.4605,383.0524,0.2765,646.1189,390.6881,3.4221,622.3822,392.8293,0.0092,598.1921,396.4299,-2.9256,575.7841,404.4325,-2.4192,553.4327,413.7853,2.0019,529.4520,417.3312,3.6117
628.1069,400.2378,4.1083,624.3314,427.9865,-10.1749,625.1685,386.0285,3.9762,629.9778,362.8941,18.4987,583.8654,406.5468,-3.5056,580.9971,419.2457,-0.8792,581.6579,394.3956,-3.3583,584.5344,381.9245,-0.8673,648.2523,390.5324,3.5720,624.0562,393.1369,1.3498,600.3021,396.1662,-3.0026,576.9659,402.7947,-2.9030,554.6837,412.6733,0.7968,531.4701,418.3738,3.3693
630.1016,400.6358,4.9264,626.3671,428.3222,-9.0286,627.1512,386.3226,5.2195,631.5228,363.4681,19.2660,585.8447,405.1849,-3.4577,583.2679,418.0358,-1.9612,583.3219,393.4177,-3.7754,585.4753,380.7650,-2.0000,649.7473,390.5260,3.4004,626.1676,393.9449,2.2500,601.8185,395.6997,-2.1479,578.5068,401.5451,-3.2693,556.3318,411.4296,-0.1409,533.3580,418.5770,3.3425
632.2293,400.9664,5.7891,628.2090,428.9183,-8.6367,629.0130,387.0036,5.3804,633.5293,363.4803,19.5138,587.5350,404.3889,-3.2447,585.5035,416.8627,-2.2045,584.6682,392.7159,-3.4222,586.2394,380.1428,-2.4444,651.8359,390.3181,2.5180,628.0542,394.1004,3.1498,603.8032,395.6383,-0.9791,580.2775,400.2050,-3.6285,557.9522,409.5389,-1.2407,535.1166,418.7390,2.7970
633.7582,401.1498,5.7737,630.6998,428.3902,-7.5382,630.8497,386.9774,5.9278,635.1586,363.8366,19.3462,589.1204,403.7597,-2.8754,588.2603,416.5053,-2.6400,586.5006,392.2261,-2.5345,587.3994,379.7147,-2.7362,653.7375,389.5437,1.9471,630.2558,394.1686,3.2415,605.9051,395.9053,0.0737,582.1399,399.1520,-3.4950,558.9152,407.6499,-2.4370,536.7202,417.8645,1.8182
635.5248,401.0103,5.9310,633.1564,428.2287,-6.7324,632.5768,386.9841,5.7848,636.3223,363.8591,18.5867,590.8751,403.8300,-2.0040,590.7595,415.9138,-2.8530,588.5868,391.8354,-1.7233,588.5155,379.7240,-2.7182,655.4389,389.1746,1.0604,631.9305,394.5813,3.6022,607.6568,396.6907,1.3591,583.5895,398.7622,-2.8659,560.3510,405.9343,-2.9209,538.1764,416.7115,0.5663
637.3537,401.1796,5.6795,636.0958,427.6412,-4.7908,634.5507,386.9355,5.6208,636.6719,363.9066,15.8148,592.7384,403.8602,-0.8767,593.3484,416.0999,-2.8930,589.9580,391.9569,-0.9951,589.4409,379.8626,-2.8965,657.1040,388.3164,-0.2404,633.4722,394.5975,3.6080,609.8297,397.2730,2.7244,585.3945,398.3246,-1.9632,562.0008,404.4364,-3.4427,540.0210,415.3994,-0.2703
639.5648,400.7573,4.9015,640.3929,426.1109,-1.6117,636.3226,386.7113,5.1492,635.4908,363.1309,11.1058,594.8134,404.1687,0.3957,596.4136,415.9503,-2.3956,592.1763,392.3984,0.3228,590.5557,380.6074,-2.0353,658.5911,387.2518,-1.3966,635.2707,394.3308,2.4898,611.5665,397.7482,2.7760,586.9827,398.4222,-0.7704,563.7254,403.1465,-3.5736,541.4762,413.5011,-1.3121
640.8166,400.0441,4.1387,646.1228,423.6105,3.8972,637.9622,386.0725,4.1575,632.8835,362.4662,3.8064,596.6038,404.9790,1.4261,598.9995,416.9158,-2.0395,594.1378,393.1327,1.3078,591.7219,381.2783,-1.9262,660.0873,386.4359,-2.2861,637.3018,393.7371,1.6826,613.6177,398.2475,3.4061,589.2237,399.0696,0.1688,565.3906,402.0431,-3.1157,542.6861,411.2187,-2.3572
642.5750,399.6695,2.8734,651.4766,421.0814,8.9383,639.8539,385.1633,2.8261,630.2692,361.5426,-3.4733,598.4570,405.5529,2.3881,602.1127,417.0670,-1.8854,595.6667,394.0220,2.2071,592.8003,382.2424,-1.6340,661.9105,385.4873,-2.8043,638.9290,392.9352,0.9700,615.5623,398.5758,3.7698,591.0982,399.9129,1.6719,567.2167,401.5528,-2.5154,544.1828,409.2016,-3.5797
644.1249,398.4242,1.6968,655.6999,418.7285,12.2798,641.2428,384.1199,1.6234,629.4409,360.5408,-8.7210,600.8203,406.4113,3.0016,604.9571,417.6464,-1.9561,598.0829,394.4026,3.0547,593.9304,383.1128,-1.8420,663.4870,384.6530,-3.3309,640.4646,392.0597,-0.3336,617.1425,398.8257,3.0658,593.1114,400.7589,2.2443,569.0186,401.2094,-1.8217,545.6735,407.6142,-3.4404
646.1314,397.5874,0.6361,658.5474,416.9485,13.3034,643.0118,383.2645,0.5121,629.0649,359.1403,-11.9884,602.5486,407.4828,3.4567,607.8081,417.9441,-2.1665,600.1106,395.4852,3.5270,594.8896,384.1971,-2.3999,665.2451,383.7233,-3.6974,642.0511,391.1831,-1.4482,619.3103,398.3838,2.7015,595.2167,401.6572,2.6516,570.9664,401.4351,-0.7294,547.1919,405.7827,-3.6573
647.4343,396.0923,-0.4481,660.8226,415.5785,13.0053,644.2625,382.1566,-0.2433,630.1753,358.2771,-14.0715,604.3053,407.3464,3.4316,610.7982,418.3964,-2.1735,601.8505,395.7424,3.5966,595.8871,384.8804,-2.6294,666.9628,382.9361,-3.3462,643.8653,389.8242,-2.1117,621.1463,397.9349,1.8519,597.0103,402.2628,3.3489,572.7085,402.3039,0.3722,548.7416,405.0596,-3.4303
649.1423,395.2677,-0.9101,662.6210,414.3920,13.1927,646.1698,381.1514,-0.9891,631.6981,357.1117,-14.5208,606.7405,407.4468,3.6344,612.8800,418.4551,-3.3065,603.9478,395.8219,3.2499,597.2411,385.1916,-3.0706,668.4648,382.8092,-2.7729,645.1068,389.2085,-2.9633,622.8442,397.2476,0.9042,599.1635,402.7690,3.4913,574.7331,403.0778,1.3347,550.4478,404.3394,-2.7030
650.6005,394.1694,-0.9984,664.1707,413.2137,12.9492,647.9824,379.8964,-1.2534,633.0674,356.4034,-15.3460,608.2875,407.1203,2.6383,615.6624,418.2433,-4.0866,605.8323,395.7762,2.9881,598.4285,385.0276,-3.9469,670.2688,382.4164,-1.8693,646.8256,388.0030,-3.5496,624.0911,396.1512,0.2150,601.1433,402.6540,3.2702,576.9241,404.0375,2.4269,552.4064,404.4827,-1.7571
652.5301,393.3699,-1.1565,666.2946,412.3013,13.0825,649.4368,379.0751,-1.0268,634.8272,355.3220,-15.2797,609.7008,406.8836,1.7055,617.7022,417.6630,-5.0720,607.5848,395.4680,1.9411,599.3695,384.7028,-4.9699,672.3975,382.4783,-0.9551,648.6906,386.9259,-3.5751,625.7317,394.8058,-1.1214,602.6329,402.8220,2.8290,579.0336,405.2632,3.0003,554.5672,404.2417,-0.8390
653.9780,392.3462,-1.0133,668.1139,411.6958,13.5105,651.1276,378.5588,-0.5670,636.3749,354.4572,-15.0504,611.5511,405.8820,0.9611,620.2570,416.5851,-6.5134,608.9671,393.9951,0.8791,600.5549,383.8196,-6.1216,673.9895,382.4408,0.0078,650.5717,386.2366,-3.2304,627.4070,393.3677,-2.4209,604.5402,402.1143,1.6870,580.7234,405.9385,3.4936,556.3429,405.4655,0.1904
656.0766,392.2824,0.2395,669.4545,411.2052,13.9893,652.8259,378.1676,-0.0474,637.9879,354.2675,-14.3337,613.2901,405.1282,-0.1991,622.0578,415.2530,-7.5512,610.5958,393.1251,-0.0456,601.7204,382.6831,-7.2728,675.8320,382.2587,1.4634,652.1774,385.5950,-2.8863,628.6404,391.9641,-3.0854,606.5349,401.4984,0.8056,582.7834,406.6762,3.7411,558.1619,406.3388,1.4820
657.6650,392.2390,0.9173,671.2672,411.2530,15.1724,654.7252,378.1894,0.7227,640.2258,354.1737,-13.6327,614.7183,403.2433,-1.2673,623.8325,413.9392,-8.4673,612.1344,391.5955,-1.3693,602.7489,381.3503,-8.4298,678.0147,382.6313,2.0991,653.8293,385.2640,-2.0535,630.5218,390.5362,-3.5947,607.8495,399.8141,-0.2835,584.7835,407.0945,3.3879,560.4397,407.5722,2.3010
659.5399,392.2338,1.8451,673.1911,411.1019,15.8726,656.4891,377.8612,1.8941,642.0351,354.2837,-11.8602,616.3538,402.0475,-2.4720,625.6899,412.2372,-9.3223,613.6764,390.0339,-2.1264,604.3883,379.7361,-9.2799,679.7200,382.8118,3.0977,655.5682,385.1267,-0.9651,632.0778,389.8975,-3.4749,609.2295,398.5136,-1.3664,586.6469,406.7095,2.8355,562.4004,409.0615,3.1979
661.2612,392.3841,3.0992,675.2101,411.8886,16.9504,658.6092,378.0164,2.8995,644.0191,354.4364,-10.7462,617.8321,400.2650,-2.9961,627.0042,410.6188,-9.7962,615.3163,388.5207,-2.9345,605.7593,378.3878,-9.4190,681.8412,382.9128,3.6141,657.5067,385.3889,0.3872,633.9101,388.6192,-2.9632,611.0028,397.1681,-2.3254,588.2715,406.1281,2.0142,564.5498,409.9599,3.7047
663.3380,392.8082,4.0129,676.5868,412.4364,17.4678,660.2685,378.6937,4.0390,646.3958,354.8456,-8.7454,619.3320,398.7675,-3.3996,628.7151,409.2666,-9.6579,616.6254,387.3900,-3.8609,607.2858,376.9842,-9.3371,683.3416,383.1339,3.4750,659.6083,385.4496,1.4144,635.6387,388.3020,-2.6843,612.6469,395.1996,-3.4285,590.2653,405.2442,0.5610,567.1063,411.0942,3.3707
665.5466,393.0765,4.9224,677.7291,412.8247,17.2219,662.2718,378.8442,4.8622,648.7961,355.2458,-6.8569,620.9129,397.5760,-3.4071,630.5741,407.8869,-9.1163,618.3053,385.8129,-3.7837,608.9927,375.6499,-9.4238,684.8084,382.8795,2.9026,661.1834,386.3530,2.0680,637.2042,387.9510,-2.0384,613.9732,393.9259,-3.1547,591.5554,403.6771,-0.2350,568.4119,410.9520,3.3853
667.1821,393.4405,5.6015,678.0716,414.1067,15.2586,664.3136,379.2191,5.7811,652.6976,355.6500,-3.5679,622.4539,397.0764,-3.4975,631.5119,407.4781,-8.3413,619.9729,385.3875,-2.9699,610.9400,374.7284,-8.3692,687.0629,382.6712,2.4529,663.3042,386.3985,3.0942,639.1918,388.3760,-0.9727,615.5432,392.8613,-3.5970,592.6973,402.4311,-1.4765,570.3802,411.1970,2.5725
669.2406,393.6975,6.0274,676.5335,416.0624,10.4297,666.0938,379.1416,5.9091,658.1885,356.1096,1.5063,624.2857,396.2155,-2.7352,633.1446,406.6839,-6.9629,621.5929,384.6832,-2.5591,612.9584,374.2557,-6.9622,688.6780,382.0992,1.9984,665.2100,386.9662,3.3906,640.9877,388.5400,0.3242,617.3762,391.7088,-3.2460,594.6303,400.3957,-2.3726,571.7802,410.4029,2.0220
670.8934,393.4426,5.8319,674.6194,417.7497,3.6837,667.8845,379.3939,5.9635,664.6631,355.8863,8.2755,625.9782,396.1312,-2.0449,634.6166,406.5024,-5.2225,623.7044,384.5601,-1.7693,615.3624,373.8378,-5.3313,690.4084,381.9619,0.6807,666.9959,387.3874,3.5774,642.9110,389.4099,1.2980,618.8116,391.2469,-2.7120,595.9978,398.3614,-3.3575,573.5028,409.7681,0.8094
672.6978,393.7026,5.5549,673.2348,419.5319,-2.6221,669.6927,379.5147,5.6625,670.3003,356.4056,13.4591,627.7942,396.2143,-1.0098,635.8997,406.8114,-3.5743,625.1104,384.4116,-0.7752,617.3264,374.0261,-3.3667,692.2430,380.5847,-0.1652,668.7996,387.1332,3.4841,644.7798,389.7957,2.1919,620.6654,390.7416,-1.9823,597.4901,397.0093,-3.3963,574.9183,407.8773,-0.3788
674.3933,393.2910,5.1593,672.3873,420.1861,-6.5564,671.6349,379.1129,4.6563,674.1882,356.0540,16.0649,630.0208,396.9484,0.4541,637.1572,407.5194,-1.6910,627.1228,385.2942,0.2098,620.1232,374.1112,-1.4563,693.9166,380.1099,-1.4270,670.5617,386.8110,2.5760,646.8459,390.2104,3.2856,622.4585,391.1785,-1.0373,599.1128,395.4239,-3.4573,576.4625,406.0577,-1.6138
675.8431,392.8823,3.6777,672.9568,420.0258,-9.0703,673.1483,378.4835,3.6997,677.2874,355.5134,16.7518,631.9074,397.4474,1.1965,638.4344,408.3489,0.5832,629.3199,385.9298,1.2003,622.8359,374.8349,0.4426,695.1588,379.1640,-2.2759,672.2050,386.5402,1.6214,648.7548,390.8623,3.4944,624.4002,391.6047,0.3545,600.5278,394.5192,-3.3052,578.0055,404.1863,-2.1699
677.9928,391.8294,3.3979,674.5380,419.4529,-10.9042,675.2723,377.7991,2.7797,679.5024,354.8315,16.3375,633.7626,398.1890,2.5022,639.8027,409.2265,2.1931,631.2727,386.2806,2.4134,625.4405,375.2961,2.4386,697.1939,378.1590,-3.0318,674.2277,385.7595,0.9015,650.5126,391.3603,3.5711,626.4277,392.4534,1.4417,602.2168,394.1050,-2.5471,579.1053,401.9863,-2.9991
679.4904,390.6191,1.4780,675.7434,418.4857,-12.1695,676.2958,376.9122,1.7570,681.3627,353.6332,15.6374,635.8769,398.9564,3.0386,640.8689,410.0410,3.7969,633.2785,387.1752,3.1915,628.2084,376.2731,3.8591,698.6986,377.1714,-3.2746,675.6522,384.4843,-0.7550,652.6933,391.1843,3.4007,628.7510,392.9650,2.3444,604.3503,393.8914,-1.8540,580.8153,400.1422,-3.5789
681.3280,389.9233,0.4791,677.2813,417.5254,-13.7720,678.0869,375.6153,0.5259,682.7602,352.3745,14.8145,637.8547,399.6737,3.6894,641.6897,410.8966,5.2079,635.5608,387.5841,3.4432,630.9674,376.6479,5.2500,700.3967,376.5499,-3.6195,677.5766,383.4475,-1.2868,654.4878,391.1724,3.0047,630.1664,393.9809,3.1924,605.9223,393.8082,-0.8347,582.3206,398.6223,-3.7979
682.7914,388.6888,0.0052,679.1431,416.1976,-14.4393,679.9501,374.6460,-0.3249,684.5298,351.4255,13.8386,640.0064,400.0912,3.7223,643.0890,411.7038,6.2885,637.2557,388.3596,3.8644,634.1091,376.4996,6.0110,702.3333,375.7187,-3.5705,679.1036,382.5370,-2.1947,656.1631,390.1881,1.8669,632.3649,394.9304,3.3830,608.1532,394.7225,0.0055,584.1216,397.3765,-3.1583
684.0086,387.7089,-0.9196,680.5876,415.3376,-15.2459,681.2310,373.7777,-0.9242,685.9994,350.4484,13.4378,641.7330,400.0990,3.2786,644.2423,411.9766,6.7093,639.0155,388.7328,3.3420,636.4822,376.8738,6.6325,703.7537,375.1778,-2.5663,680.6997,381.0187,-3.0418,657.9559,389.4590,1.0045,634.6414,395.2446,3.6380,609.7200,395.5223,1.3964,585.7117,396.7813,-2.7603
685.9052,386.6339,-1.3106,682.0235,414.1369,-15.3806,682.9374,372.5210,-1.3001,687.6801,349.4629,13.0427,643.5762,400.0786,2.7833,644.9007,411.9605,6.9466,641.0081,388.4133,2.4745,639.2246,376.3134,7.0112,705.5716,375.1580,-1.6353,681.9723,380.2357,-3.4145,659.5035,388.5323,-0.1642,636.4208,395.3704,3.3071,611.8157,396.6128,2.3509,587.4534,396.6807,-1.9997
687.5954,385.9343,-1.2613,683.8186,413.3545,-15.4697,684.6123,371.5800,-0.9414,689.2907,348.6282,13.0104,645.0346,399.2508,2.2095,645.8451,411.4560,6.8776,642.2919,387.3825,1.9823,641.9254,375.8176,6.9095,707.3638,374.8465,-0.6722,684.0690,379.7400,-3.5764,660.9288,387.2432,-1.3805,638.0641,394.8630,2.6832,614.1295,397.8485,2.8360,589.4570,397.0494,-0.6182
689.1019,385.3513,-0.7462,685.6640,412.7799,-14.6653,686.3083,370.8822,-0.5265,691.0906,347.9891,13.3281,646.8249,398.3978,0.8461,646.4663,410.8028,6.4703,644.2351,386.8215,1.1246,644.4562,374.4608,6.4252,709.3265,374.7817,0.2614,685.4186,378.5922,-3.6442,662.6776,385.9464,-2.4315,639.8405,394.2098,1.8844,616.0304,398.7334,3.3389,591.3982,397.5384,0.2862
690.7484,384.9795,-0.0647,687.6269,412.3072,-13.7515,687.9789,370.8085,0.2572,692.5955,347.0081,13.4668,648.2188,397.4216,-0.3353,647.2906,409.9617,6.0479,645.7794,385.5775,-0.3220,646.7417,373.2564,6.1646,711.0381,374.9958,1.2480,687.3515,378.1751,-2.6257,663.9606,384.5970,-3.3058,641.5965,393.7935,0.8002,617.9899,398.9548,3.5602,593.4384,398.8864,1.3129
692.8487,384.3508,0.8915,689.8754,412.0609,-11.8442,690.1190,370.5475,1.0313,693.7590,347.3675,14.0111,649.6915,395.7957,-1.2730,648.0605,408.3846,4.9656,647.1794,384.0511,-1.1685,649.0557,371.7791,5.2724,713.1143,375.4293,2.3348,688.9618,377.8723,-1.8361,665.8306,383.3470,-3.3576,643.0773,392.4777,-0.2954,620.1476,399.5905,3.1938,595.4166,400.1479,2.1687
694.4172,384.6338,2.0607,692.6313,411.6409,-9.5502,691.8032,370.4561,1.9549,694.5652,347.2345,13.1948,651.4398,394.4830,-2.0396,648.9116,406.9632,4.3103,648.8477,382.6001,-2.5685,651.4705,369.9323,4.3621,714.4976,375.6034,2.8313,690.9989,377.6635,-0.6209,667.4714,382.1395,-3.9234,644.8653,391.1000,-1.2499,621.9625,399.3580,2.4120,597.7417,401.4958,2.8625
696.5191,384.7342,3.1539,696.6819,410.7713,-4.8288,693.7669,370.9796,3.2245,694.1664,347.3268,11.1990,653.0882,393.1865,-3.2289,650.2325,406.1355,4.0002,650.3696,381.2519,-3.2025,653.2665,368.5357,3.8965,716.8709,375.2059,3.6087,692.5900,378.2407,0.4221,669.0994,381.3209,-3.3528,646.1539,389.4792,-2.3025,623.6799,398.7814,1.7271,599.7451,402.9106,3.4757
698.6732,385.0445,4.0705,702.2380,409.2198,2.2022,695.4711,370.9680,4.0973,691.9109,347.7808,6.3205,654.5098,391.7437,-3.4248,650.8647,404.7512,3.6190,651.9923,379.8227,-3.5336,655.3286,366.6770,3.5643,718.5187,375.3154,3.7176,694.4622,378.4303,1.2590,670.3761,380.7841,-2.7489,647.7322,387.8980,-3.1740,624.9517,397.7946,1.1326,601.8879,403.2368,3.7659
700.5078,385.7444,5.1851,708.2385,407.6986,9.2795,697.2736,371.4704,4.9357,689.3838,347.6686,0.9092,656.0884,390.4324,-3.4178,652.2216,403.3754,3.5901,653.6799,378.4491,-3.9458,657.8516,365.8454,3.6061,720.7079,375.4900,3.4247,696.2464,378.8597,2.4610,672.5574,380.6225,-2.0282,649.1257,386.4553,-3.3132,626.7279,396.1806,-0.2030,603.8354,403.5556,3.4558
702.3665,386.0206,5.6454,713.2048,406.6313,15.1972,699.2840,372.0028,5.6148,687.8420,347.9100,-3.7481,657.4694,389.4137,-3.4649,653.5762,402.5814,3.7648,655.1036,377.3184,-3.4197,659.5411,364.4818,3.7779,722.1970,375.1832,2.6889,698.4892,378.9272,3.1249,674.0969,380.3856,-0.9995,650.8944,385.4864,-3.2927,628.0229,394.5554,-1.2021,605.3863,403.6012,2.7709
704.2623,386.1667,6.2192,716.4980,406.1088,18.2070,701.1551,372.0988,5.7677,688.2636,348.4566,-6.3189,659.4519,388.5822,-2.7280,655.0501,402.0048,3.8275,656.7474,377.1328,-2.6373,661.4134,363.9703,4.0921,723.7229,374.7310,1.9569,700.2936,379.4288,3.3265,676.1774,381.0040,0.2871,652.1503,384.4085,-3.4588,629.4783,392.9841,-2.2665,607.1542,402.8617,1.8668
706.1615,386.0566,5.9516,719.4414,405.9915,19.3527,702.9366,372.0632,6.1446,688.9556,348.5399,-7.1124,661.0535,388.8812,-2.0183,656.6320,402.0461,4.6698,658.7196,376.9538,-1.7910,663.3541,363.7275,4.5499,725.4102,374.0466,0.8458,702.3204,379.4632,3.4439,678.2279,381.4146,1.4717,653.9687,383.6665,-2.6588,630.9926,391.5138,-3.1920,609.0283,401.9262,0.9290
707.8364,385.8754,5.4318,721.5239,405.5348,19.2103,705.0133,371.9685,5.8664,690.3323,348.4099,-8.4217,663.1168,388.6882,-0.4647,658.5131,401.9809,5.5885,660.5597,377.0566,-0.6804,665.2017,363.8183,5.2902,727.2287,373.4780,-0.1725,703.7601,379.6801,3.4378,679.9579,382.1448,2.2277,655.9194,383.7547,-1.9405,632.6106,389.5010,-3.3383,610.5861,400.2789,-0.1517
709.6735,385.8493,5.1709,723.3035,405.1922,18.9890,706.6042,371.5284,4.8502,692.0194,347.8101,-9.2579,664.8496,389.2380,0.2726,660.8574,402.2762,5.9855,662.4724,377.7083,0.2383,666.9038,364.3322,5.8193,728.9679,372.2777,-1.1844,705.5928,379.4423,2.6848,682.0754,382.8440,2.9701,657.7399,383.7657,-0.8408,634.0468,388.3247,-3.8818,611.5730,398.4781,-1.1852
711.5629,385.1779,3.8208,725.2362,404.5233,18.0050,708.6214,371.1714,3.9542,693.8344,347.4097,-10.3459,666.7915,390.2310,1.1713,662.8536,403.2231,6.0816,664.6287,378.1682,1.4634,669.0218,364.9856,6.2830,730.2256,371.1711,-2.4402,707.5831,378.5925,1.9020,683.9708,383.3269,3.4413,659.5416,384.3161,0.3755,635.6015,386.8168,-3.5148,612.9471,396.5008,-2.4482
712.9791,384.6254,2.6045,727.1500,403.8059,16.9171,710.0675,370.1620,2.9139,695.3957,346.5218,-11.5950,668.6145,390.6123,2.4191,665.3587,403.9225,6.6320,666.6889,378.9010,2.5773,670.4483,366.0933,6.3920,731.9105,370.5431,-2.7552,709.4286,378.0336,0.8684,685.9347,383.5509,3.6964,661.8702,384.7411,1.4784,637.6650,386.5051,-2.6074,614.7035,394.5540,-2.8983
714.6686,383.4770,1.8333,728.6184,402.4552,16.1705,711.5886,369.3479,1.6104,696.9076,345.5539,-12.3392,671.2131,391.5773,3.1637,667.1325,404.3587,6.5788,668.6040,379.7313,3.1018,672.1899,366.9042,6.5471,734.0781,369.4346,-3.5121,711.2743,377.3494,-0.2744,688.0709,383.7922,3.6368,663.5803,385.5954,2.2984,639.0554,386.4614,-2.2273,615.9950,392.3300,-3.4306
716.3575,382.2811,0.5250,730.0218,401.7308,14.6378,713.3582,368.1624,0.7303,698.5917,344.3924,-13.7623,673.0615,392.1514,3.5410,670.1288,405.2317,6.1569,670.3929,380.4476,3.4766,673.3385,367.3912,6.3568,735.6997,368.8094,-3.6338,712.4641,376.2732,-1.3280,689.3270,383.3974,2.7971,665.8803,386.7040,2.9557,641.0143,386.8957,-0.8605,617.6603,390.7562,-3.4399
718.0224,381.2488,0.1715,731.6259,400.3002,14.0835,714.9591,367.3615,-0.1695,700.3296,343.6090,-14.3525,674.7879,392.5270,3.5167,672.9451,405.1308,5.7226,672.0999,380.8486,3.7635,674.9153,367.8346,5.4878,737.2607,368.3873,-3.0527,714.1071,374.8903,-2.4488,691.4368,383.0975,1.5905,667.4598,387.2183,3.5939,643.4753,387.5055,0.3159,619.2805,389.9482,-3.4661
719.7636,379.7718,-0.7428,733.2305,399.3991,12.9399,716.5002,366.2665,-0.8241,702.1047,342.2282,-14.8835,676.9458,392.5775,3.3002,675.2042,405.3149,4.2802,674.4925,380.8715,3.3022,675.8350,368.5542,4.1029,738.9414,367.9807,-2.8767,715.8412,373.9808,-2.9178,692.7702,382.1623,0.9399,669.5209,387.9310,3.8202,645.1283,388.0350,1.3390,621.0881,389.1207,-2.6756
720.8293,379.0342,-1.0887,734.5576,398.1603,12.2390,718.0188,364.8240,-1.0626,703.9452,341.3356,-14.4527,678.4821,392.3883,2.9109,677.7913,405.1297,2.9520,676.0202,380.7961,2.7236,677.0489,368.2146,3.0102,740.9446,367.6603,-2.2174,717.5023,372.7817,-3.3421,694.4995,381.0426,-0.2510,671.5939,387.9324,3.5132,647.2556,389.0012,2.4107,622.8192,389.2661,-2.0089
723.1058,378.4579,-1.1066,735.3375,398.3565,11.4031,719.9892,363.9107,-1.3126,706.4536,340.5056,-13.5336,680.1980,391.9569,1.6091,680.1349,404.2994,1.0129,677.7673,380.3316,1.8797,678.1470,367.8105,0.9711,742.2732,367.4462,-0.9417,718.7455,371.7108,-3.6647,695.9656,379.8345,-1.2036,673.3183,387.7504,2.7728,649.3838,390.0853,3.0236,624.7773,389.6202,-1.0401
724.6538,377.7037,-0.8265,736.0694,397.8573,9.3085,721.4740,363.7497,-0.7715,709.2658,339.9257,-11.3814,681.8915,391.1080,0.9045,682.5577,403.1791,-0.9209,679.3788,379.2295,0.7276,678.9405,367.3007,-1.0000,744.7871,367.3177,0.2583,720.7548,370.9426,-3.3065,697.7094,378.6065,-2.4900,674.7851,387.0870,1.6064,651.2971,391.0554,3.6395,626.3440,390.2107,0.5135
726.4578,377.5546,0.1229,735.3016,398.7230,6.3730,723.3077,363.2557,0.0524,713.9396,339.6177,-6.2283,683.7421,390.0285,-0.4274,685.1480,401.9703,-3.0329,681.1189,378.0828,-0.2430,679.3849,366.5634,-2.5962,746.1421,367.7425,1.1018,722.6238,370.7835,-2.7070,699.1222,376.9403,-3.3262,676.8642,386.3865,0.6576,653.5099,391.8882,3.5869,628.9286,391.1890,1.6417
728.3329,376.7462,1.0606,732.8624,400.5639,0.8269,725.3045,363.0191,0.5865,719.9158,339.5538,0.7968,685.0544,388.5127,-0.8797,687.5634,400.2960,-4.8698,682.5650,376.9060,-1.4328,680.3522,364.8090,-4.5219,748.0463,367.4325,2.4414,724.2750,370.4357,-1.7370,700.5611,375.8623,-3.0575,678.4957,385.1521,-0.2412,655.1301,391.7481,3.4370,631.0898,392.8325,2.2110
730.0785,377.1920,1.8836,731.0803,402.5689,-4.2771,726.8393,363.4208,2.0962,726.2790,339.5908,8.2704,686.6253,386.8092,-2.5803,689.8392,398.3639,-6.5305,684.2431,375.1667,-2.3229,680.8345,363.5826,-6.4258,750.4526,367.8065,3.0344,725.7744,370.4043,-0.7715,702.4878,374.7050,-3.4843,679.7328,383.5593,-1.0278,657.0408,392.2810,3.0066,633.2128,393.8179,3.0882
731.8342,377.2956,3.1063,730.5141,403.8984,-7.4595,728.9455,363.3174,3.1284,730.8326,339.9405,13.2650,688.0912,385.3309,-3.0235,692.6505,396.9357,-7.7864,685.5798,373.8269,-3.3595,681.5724,362.1090,-7.9698,751.8935,368.2444,3.4123,728.2215,370.3576,0.2863,704.1134,374.1577,-3.4294,681.3690,381.8866,-2.3779,658.9101,391.1110,1.6816,634.9895,394.9785,3.6797
733.9709,377.3891,4.1440,731.0341,405.0709,-8.3419,730.6217,363.6729,4.2058,734.4926,340.4669,16.6452,689.8733,384.0332,-3.3184,694.6653,395.2437,-9.0129,687.0421,372.2007,-3.5186,682.2166,360.9012,-9.0399,753.7866,368.1758,3.5861,729.9203,370.6757,1.3521,705.4761,373.4013,-3.0078,682.8495,380.6725,-3.1176,660.4437,390.4314,0.9881,637.0719,395.7010,3.7367
735.8366,378.0748,5.2475,732.4598,405.7721,-8.5728,732.7068,364.0020,5.0783,737.0106,340.7991,18.4407,691.1669,382.7717,-3.4839,697.0343,393.8390,-9.5424,689.1171,371.0688,-3.6348,682.9740,360.2308,-9.4539,755.5212,368.2327,3.2977,732.0021,371.1864,2.3263,707.6722,373.0427,-1.9352,684.2847,378.9032,-3.6942,661.8162,388.8012,-0.3301,639.0796,396.2029,3.1163
737.7057,378.3103,5.5746,733.9097,406.0940,-8.3645,734.6872,364.3778,5.8389,739.2638,341.1747,19.6126,692.9290,382.0634,-3.1671,699.6017,393.0311,-9.8468,690.5806,370.3212,-3.2734,683.8466,359.4706,-9.7769,757.3338,367.5663,2.7209,733.6381,371.5984,3.3128,709.6827,373.2441,-0.8303,686.0744,377.7406,-3.5994,663.6772,387.3362,-1.5511,640.8202,396.3146,2.6750
739.2420,378.8135,5.7483,735.8737,406.2286,-7.6964,736.2158,364.3209,6.1542,741.2333,341.3818,20.0564,694.4428,381.1096,-2.8321,702.0530,392.0005,-9.5625,692.1652,369.8574,-2.7170,684.4113,359.0178,-9.4964,759.3358,367.4661,1.7190,735.6007,371.9151,3.6689,711.2090,373.6238,0.3322,687.2727,376.7788,-3.1314,664.6873,385.4230,-2.4298,642.6587,395.3343,1.7318
741.2527,378.9874,5.9253,737.4816,406.4213,-8.2894,738.2328,364.7605,5.9623,743.0082,341.6701,20.2360,696.2609,380.9852,-1.8366,704.5704,391.9077,-8.8562,693.8951,369.5352,-1.7205,685.8479,358.7579,-9.0009,760.6850,366.5262,1.1752,737.4196,372.1434,3.6650,713.4540,373.8779,1.5103,689.2919,376.2655,-2.7882,666.1647,383.5340,-2.8829,644.3526,394.0763,0.9536
743.4285,378.5082,5.4273,739.2937,406.5005,-8.6226,740.0246,364.2637,5.6238,744.9452,341.3586,19.6585,698.5728,380.9155,-0.7274,706.7429,391.7551,-7.9559,695.8997,369.5819,-0.9820,687.2459,359.1306,-8.1060,762.3959,365.5837,-0.2028,739.1855,372.0276,3.3718,715.4567,374.4962,2.4121,690.9621,375.9628,-1.9628,667.8985,381.7473,-3.4741,645.4775,392.6612,-0.2806
745.1007,378.3713,4.8339,741.0725,405.9656,-9.3243,741.7753,364.3038,4.8826,746.5941,340.9741,19.0711,700.1254,381.6535,0.4700,708.9603,392.0398,-7.1500,697.8153,370.0040,0.3339,688.9136,359.7503,-6.8349,763.9441,364.8862,-1.1692,740.9075,371.8865,2.9474,717.6249,375.3243,3.2725,692.7676,376.0452,-0.7286,669.4478,380.7835,-3.8089,646.7715,390.8457,-1.5703
746.5858,377.5469,3.7584,742.7087,405.4739,-10.2214,743.6621,363.2913,3.7818,748.2488,340.8745,18.0371,702.4104,382.3543,1.2347,711.2084,392.7624,-5.8143,699.9491,370.5763,1.2573,690.5804,360.6566,-5.5775,765.8666,364.0849,-2.2691,742.6493,371.4655,2.0655,719.0980,375.8836,3.5185,694.9592,376.7596,0.1608,670.9117,379.4936,-3.3201,648.3561,388.8954,-2.4594
748.3138,376.6029,2.7654,744.4501,404.7511,-11.0609,745.2577,362.5801,2.9761,750.0408,339.8905,16.8794,704.2068,383.5944,1.9611,713.4880,393.4813,-4.6816,701.6122,371.2988,2.3032,692.3434,360.8866,-4.6917,767.5728,362.8416,-3.2660,744.5882,370.6863,0.7279,721.3578,376.0520,3.4753,696.9552,377.3522,1.3131,672.5451,378.7097,-2.7175,649.8961,387.1502,-3.2016
750.1059,376.1076,1.6258,746.4569,403.7159,-12.4123,746.8304,361.5375,1.7562,751.4768,338.4458,15.4857,706.3204,383.9456,2.8949,715.7518,394.3849,-3.4693,703.6598,372.1755,3.1253,694.1140,361.6901,-3.3249,768.9088,362.0169,-3.5259,745.9338,369.7885,-0.6360,723.0078,376.1813,3.3201,699.0196,378.2682,2.3198,674.6493,378.8306,-2.0164,651.4088,385.0244,-3.6515
751.5890,374.8960,0.6901,748.2259,402.2600,-12.6901,748.5255,360.8872,0.6868,752.6195,337.5621,13.6381,708.0520,384.7314,3.5373,717.4222,394.7626,-2.4686,705.7741,372.9660,3.3878,696.0873,362.5652,-2.3525,770.7020,361.5744,-3.6047,747.8023,368.6177,-1.5963,724.8137,376.0617,2.8193,700.6071,378.8202,3.1610,676.5721,379.2757,-1.0604,652.5758,383.6887,-3.8343
753.2114,373.4425,-0.3796,750.6587,400.9360,-12.1236,750.4705,359.6814,-0.2437,753.7983,336.4423,11.9210,710.3035,385.0294,3.7785,719.3282,395.3918,-1.6893,707.7806,373.3409,3.6798,698.1780,363.0638,-1.9696,772.3096,360.8245,-3.5228,749.1610,367.5380,-2.2380,726.7865,375.3741,1.8015,703.0033,379.8032,3.5199,678.4623,379.6237,0.4051,654.5449,382.4683,-3.0496
754.6428,372.4989,-0.7986,753.7626,398.9194,-10.2303,751.9402,358.5732,-0.8778,753.3718,335.3125,8.3293,711.9165,385.2553,3.4056,721.2669,395.2575,-1.5361,709.4071,373.3093,3.1862,700.4148,363.2287,-1.4146,774.3888,360.3328,-2.4145,751.0419,366.3063,-3.0257,728.0022,374.7079,1.0042,704.5847,380.3938,3.8322,680.3780,380.6570,1.2705,655.9569,381.5461,-2.7788
756.3163,371.5999,-1.1102,758.4804,396.6240,-5.6274,753.4781,357.3932,-1.3090,751.6001,333.9933,3.4257,713.6615,385.0853,2.5759,722.7039,395.4076,-1.3893,711.2628,373.4148,2.6067,702.4547,362.7127,-1.9559,775.9060,360.1028,-2.2565,752.5819,365.3108,-3.1916,729.9986,373.5164,-0.5569,706.8446,380.3807,3.6103,682.3498,381.6238,2.6793,658.2450,381.8272,-2.1183
757.8008,370.8131,-1.2871,764.3758,393.5747,1.0277,754.9562,356.7427,-1.0150,748.3063,333.2235,-3.2269,715.6030,384.6340,2.0296,724.1883,395.0693,-1.5298,712.8437,372.8162,2.0202,704.6072,361.9432,-1.6560,777.8797,360.0552,-0.8007,754.1196,364.1428,-3.7695,731.4661,372.0613,-1.4587,708.4010,380.0919,2.8175,684.3262,382.6473,3.1918,660.0827,382.0565,-0.7950
760.1346,370.2454,-0.9150,769.3805,391.2345,7.3501,756.8796,355.8975,-0.5673,746.2703,332.6109,-8.5915,717.3450,383.4883,0.9026,725.5664,394.2494,-1.7492,714.9304,371.6453,0.9300,706.8282,361.2178,-2.0372,779.5266,360.0907,0.3770,755.9355,363.5931,-3.3180,732.8240,371.0240,-2.3622,710.2175,379.4894,2.1244,686.6241,383.6686,3.5085,661.6469,382.9827,0.1619
761.4377,369.7783,0.0238,773.3269,389.9085,11.2657,758.6715,355.4919,-0.0254,745.6165,332.1300,-11.5409,718.7431,382.3552,-0.1183,725.9625,393.4652,-1.8849,716.4502,370.8678,-0.3068,708.9822,359.7245,-2.2696,781.3348,360.1744,1.1764,757.4359,362.8284,-2.7983,734.5570,369.5057,-2.7773,712.0470,378.5053,0.9712,688.6780,384.3770,3.5065,663.9457,383.8650,1.2980
763.2479,369.7115,0.9890,776.5283,389.3951,13.9110,760.7224,355.4659,1.1389,746.3705,331.6015,-12.1215,720.6598,380.9803,-1.5426,727.0174,392.0764,-2.2303,717.8455,369.1009,-1.0389,711.6722,358.5898,-2.2609,783.1784,360.2731,2.1216,759.3148,362.8605,-1.9912,736.1051,368.3594,-3.4363,713.4929,377.7315,-0.1539,690.4799,384.5065,3.2250,666.1922,384.9550,2.4215
764.8307,369.6315,1.8336,778.4167,389.1373,15.8167,762.1848,355.5189,1.8460,747.9012,331.9627,-11.6691,721.7831,379.2699,-2.4317,727.6257,390.4430,-1.9596,719.2142,367.5942,-2.1542,713.2307,356.7917,-2.3775,785.1572,360.5666,3.0772,761.2793,363.0397,-1.0740,737.6905,367.4008,-3.6484,714.9454,376.2417,-1.0890,691.9921,384.4276,2.8792,668.1881,386.3724,3.2688
767.0314,369.8717,3.0157,780.7666,389.3933,17.1369,764.0000,356.1151,3.3616,749.1724,331.8089,-10.7547,723.2997,377.9860,-3.2401,728.3028,389.1232,-2.2904,720.8466,366.0968,-3.0411,715.7349,355.0048,-2.1750,787.3117,360.6784,3.4136,763.2806,363.0240,0.3256,739.6386,366.3951,-3.1680,716.6336,374.4755,-2.4611,693.6797,384.1095,2.0954,670.5093,387.5238,3.4993
769.0261,370.1031,4.0389,782.7504,389.3662,18.4514,766.0271,356.0574,4.1726,751.1784,332.2637,-9.9559,724.9333,376.3324,-3.4865,729.3362,388.1238,-1.8887,722.6763,365.1405,-3.4722,718.3006,353.4341,-1.6388,788.9841,360.3504,3.6416,764.8930,363.2066,1.2814,741.1549,365.8991,-2.6541,718.0180,372.8978,-3.0276,695.4781,382.8389,0.7707,671.9856,388.3344,3.5464
770.6300,370.6615,4.9736,784.4478,389.6459,19.4362,768.0710,356.6367,5.0261,753.1571,332.8453,-9.1145,726.7147,375.1830,-3.4394,730.1654,387.1821,-0.8813,723.8391,363.5616,-3.4968,720.8626,351.8108,-0.9917,790.5443,360.2809,3.3352,766.9476,363.5104,2.4291,742.7667,365.6080,-2.0691,719.5381,371.4448,-3.4656,697.2552,381.4480,-0.1067,674.3129,388.4996,3.4593
773.1021,370.9690,5.4047,786.2639,389.9990,19.8101,769.9108,356.7770,5.8204,755.1085,333.0172,-8.4317,728.3632,374.3609,-2.8658,730.5700,386.1629,0.1381,725.7497,362.7589,-3.1004,723.4376,350.9631,-0.3304,792.6182,360.2562,3.0218,769.0862,364.0436,3.4068,744.5856,365.8073,-1.0333,721.2828,369.9829,-3.6039,698.6564,379.9142,-1.3410,676.1222,388.4459,2.6536
774.5161,371.3136,5.9943,788.5094,390.2042,20.3004,771.7085,357.1213,5.9777,756.8298,333.0926,-8.2516,729.9184,373.8929,-2.6093,731.1207,385.7280,1.6177,727.1935,362.1044,-2.7577,725.7144,350.2663,1.5396,794.3548,359.5676,1.7903,770.6359,364.4785,3.3673,746.5757,365.9824,0.3307,722.9706,369.3221,-3.4790,700.1216,377.8305,-2.2465,677.7793,387.7062,2.1394
776.3871,371.4701,5.9654,790.4538,390.1329,19.9910,773.5078,357.3955,5.8640,758.6889,333.1935,-8.3488,731.7870,373.8516,-1.8293,732.3523,385.7785,3.1635,729.1803,362.0786,-1.7034,728.4197,349.7930,2.8759,796.0533,359.0973,1.0654,772.7887,364.6495,3.5748,748.5526,366.4304,1.3844,724.3913,368.6082,-2.8330,701.6786,376.2021,-2.9982,679.1869,386.8075,0.6603
778.0781,371.2432,5.4058,792.1808,390.5678,19.4134,775.3790,357.1847,5.5072,760.4946,333.1493,-8.4405,733.6283,373.8849,-1.4350,733.1305,386.0454,4.7602,731.1276,362.2749,-0.9452,730.9004,349.8627,4.7029,797.6324,358.3300,-0.1125,774.5325,364.3979,3.6574,750.5589,366.8975,2.3032,726.3251,368.3543,-2.0031,703.1176,374.5640,-3.4041,680.9407,385.1338,-0.4060
780.1612,370.7322,4.5499,793.8041,390.0691,18.5470,777.2178,356.5914,4.6186,762.7038,332.8150,-9.0002,735.5866,374.0901,0.5529,734.4790,386.7625,6.1456,732.9638,362.5799,0.5409,734.0199,350.1644,6.3283,799.2981,357.3662,-1.1285,776.2476,364.5871,2.7953,752.4847,367.8526,2.8077,727.8231,368.6462,-0.9694,704.5936,373.0137,-3.5348,682.0639,383.5094,-1.6372
782.1085,370.0735,3.9677,794.8458,389.9669,16.9956,778.7924,356.2177,3.7811,765.2475,332.3849,-8.7991,737.6033,375.2124,1.3155,735.6512,387.4109,7.8655,735.1433,363.0139,1.4139,736.9701,350.5806,7.8032,801.0642,356.4768,-2.3795,778.2118,363.8022,2.0085,754.5214,367.9174,3.3376,730.0352,369.3341,0.2203,706.1673,371.9922,-3.2788,683.6933,381.4521,-2.3579
783.5715,369.5433,2.9714,795.4299,389.2729,14.0397,780.8202,355.0896,2.8961,767.3713,331.7263,-8.6066,739.5785,375.4469,2.1545,737.1727,388.2865,9.0234,736.9369,363.8785,2.5966,739.5719,351.0739,9.3411,802.6581,355.5991,-2.8428,779.8091,363.1557,0.9005,756.2133,368.6415,3.5917,731.9705,369.8114,1.0655,707.7748,371.5130,-2.8167,685.0375,379.5585,-2.9938
784.8618,368.5401,1.6989,794.8486,389.5217,9.6745,782.2884,354.5691,1.5252,771.7909,330.8429,-6.3617,741.4862,376.4549,3.1144,738.8322,389.4793,10.2174,739.0389,364.6799,2.9052,742.0257,351.8375,10.1169,804.2833,354.7733,-3.1047,781.4802,362.2668,-0.4058,758.1792,368.6662,3.2873,734.2103,370.7832,2.2515,709.7873,371.5630,-1.7051,686.6039,377.6865,-3.5208
786.6450,367.5826,0.6013,792.8468,389.8934,2.8445,783.6217,353.2850,0.4412,777.1609,329.8124,-1.5162,743.5822,376.9660,3.2243,739.8949,390.2080,10.5666,741.2560,365.5554,3.4593,744.6143,352.6061,10.7951,806.0152,353.9162,-3.6721,783.0060,361.0886,-1.3525,760.0179,368.3840,2.6886,735.9453,371.3926,3.0057,711.6680,371.5489,-0.9879,687.7292,376.1048,-3.2127
788.3908,365.9954,-0.5881,790.5235,390.9140,-4.6704,785.4888,352.1640,-0.2354,783.4995,328.6977,4.2216,745.3404,377.6414,3.5118,741.5661,390.9519,11.0769,743.1744,365.9122,3.4610,746.7031,352.8378,10.8543,807.8094,353.2305,-3.1190,784.6964,359.9398,-2.2322,761.7318,367.9668,1.8218,738.1812,372.4812,3.2321,713.7311,372.0303,0.4983,689.9470,374.8637,-3.3261
789.7626,365.0099,-0.8873,789.4724,391.3905,-10.5815,786.7448,351.1859,-1.1149,788.3771,327.9210,8.4254,747.3350,377.6229,3.2295,742.9419,390.8407,10.5053,745.0194,366.0814,3.4003,749.3836,352.9743,10.3725,809.4302,352.9730,-2.6474,786.2638,358.6239,-3.0629,763.6043,367.2059,0.9308,740.1120,372.6309,3.6897,715.7282,373.2451,1.1396,691.2960,374.2806,-2.6120
791.6211,364.3102,-1.3610,789.0955,391.5307,-13.4525,788.4740,350.1728,-1.1397,791.9000,326.9050,11.0126,749.3147,377.4865,2.7714,744.7502,390.4595,9.2832,746.6597,365.7006,2.7031,750.7512,352.7391,9.5615,811.2181,352.3655,-1.7368,787.8640,357.8227,-3.8266,765.1316,366.1114,-0.1123,741.9421,372.7912,3.5011,717.4864,374.1544,2.2969,693.1531,373.9374,-2.0649
793.1796,363.3726,-0.9487,790.1381,390.7802,-14.4653,790.2220,349.3060,-1.2718,794.4422,326.1807,12.2258,750.7853,376.9500,1.9764,746.2330,390.4161,8.4040,748.4319,365.4845,1.6955,752.8714,352.0581,8.3097,813.1657,352.5397,-0.8191,789.5158,356.7591,-3.7279,767.0387,364.6853,-1.3782,743.5177,372.6184,2.9071,719.7341,375.0417,3.1616,694.8717,374.5763,-0.9523
794.9523,362.5144,-0.6982,791.3345,390.1459,-14.5526,791.9225,348.7731,-0.5402,796.6349,325.4629,13.1232,752.4384,376.0986,1.0685,747.5977,389.3815,6.9457,750.0414,364.3712,0.8925,754.3358,351.0881,7.0962,814.8529,352.5815,0.3105,790.8968,356.0914,-3.5762,768.3991,363.7024,-1.9943,745.3223,372.1316,1.9487,721.7177,376.3461,3.2636,697.3647,375.3977,0.2462
796.8024,362.1212,-0.0050,792.7657,389.8894,-13.8857,793.5612,348.2747,-0.1045,798.1630,324.9803,13.7007,753.7953,374.6657,-0.0207,749.5645,388.0053,5.4388,751.6780,363.1331,-0.1876,755.9053,349.8727,5.3278,816.7459,352.7429,1.6654,793.0712,355.5082,-2.8771,769.8150,362.0900,-2.8858,747.1686,371.2215,1.0230,723.7380,376.8369,3.6711,699.0071,376.3814,1.3819
798.7216,362.3796,0.7470,794.9489,389.7541,-13.4469,795.7084,348.1220,0.9907,800.3583,325.1679,14.9029,755.7066,373.5493,-1.2842,751.4796,386.4852,3.8693,753.1291,361.9639,-1.2612,757.4959,348.5007,3.6176,818.6402,352.7911,2.2069,794.5944,355.5344,-1.8412,771.2502,360.8141,-3.4877,749.0975,369.8993,-0.3495,725.4679,377.0130,3.1816,701.1947,377.6293,2.2515
800.4464,362.1085,2.1786,796.4750,390.1365,-12.3667,797.4339,348.0450,1.8904,802.1434,324.9574,16.1482,757.2193,371.7729,-2.5580,752.9794,385.3974,1.9834,754.6125,359.8687,-2.2164,758.6296,346.9082,1.5950,820.4366,352.9569,3.1562,796.2457,355.4944,-0.9078,772.8642,359.9511,-3.4304,750.1541,368.5388,-1.1643,727.4015,376.9931,2.9071,703.2430,379.0111,3.0320
802.3522,362.4571,3.1088,798.5931,389.9847,-11.0302,799.2095,348.4228,3.0060,803.9360,325.1070,17.4047,758.5028,370.2614,-2.6979,755.1403,383.4657,0.8608,756.2925,358.6771,-2.9619,759.6906,345.9153,0.4482,822.5023,352.9245,3.5558,798.4214,355.4749,0.3702,774.6125,358.8763,-3.6271,751.6678,366.9199,-2.1978,729.2668,376.3295,2.1719,705.2934,379.9149,3.4550
804.0797,362.8752,4.0557,800.7616,390.1827,-9.8595,801.1786,348.4583,4.1657,806.1109,325.4954,18.6285,760.1735,368.9880,-3.4887,757.1282,382.0856,-1.0514,757.3849,357.2680,-3.3785,760.8443,344.5180,-1.0664,824.4264,352.8620,3.5769,800.2931,355.7671,1.3979,776.5062,358.4669,-2.7457,753.2762,365.2381,-3.1263,731.0371,375.3269,0.7555,707.3117,380.7901,3.6388
805.9881,362.9588,4.9298,802.2941,390.7355,-8.8752,803.1601,348.7242,5.0651,807.9584,326.1493,19.1176,761.7022,367.8099,-3.5399,759.3392,380.6472,-1.7791,759.1587,356.1276,-3.7874,761.6069,343.4844,-1.7987,826.1338,352.8677,3.4467,802.1463,356.3685,2.1566,778.1517,358.2213,-1.9673,754.9252,364.0047,-3.6561,732.2176,373.8700,-0.0866,709.5128,381.0685,3.1506
807.8976,363.4551,5.6453,804.5506,390.9888,-8.2950,805.1193,349.6459,5.5765,809.3905,326.0344,20.0027,763.2497,367.0873,-3.4931,761.5997,379.4921,-2.3927,760.7014,355.3947,-3.3004,762.7571,342.6820,-2.0359,827.9684,352.5915,2.9706,804.1760,356.5981,3.0110,779.9121,358.2654,-1.0791,756.4749,362.5563,-3.9642,733.9328,372.2067,-1.4058,711.0564,381.2804,2.7750
810.0316,363.7528,6.0833,806.9047,391.1693,-7.3908,806.9945,349.4853,5.8423,811.2725,326.9222,19.4917,764.8008,366.3723,-2.6380,764.3557,378.7175,-2.7408,762.5777,354.6087,-2.8603,763.3788,342.4589,-2.8467,829.4080,352.0448,1.8840,806.0261,356.9107,3.4074,781.8625,358.8783,0.0317,758.0678,361.8231,-3.2245,735.3891,370.5016,-1.8819,713.1040,380.5063,1.9575
811.7971,363.6397,5.6948,808.7606,390.9778,-6.7857,808.8114,349.6317,6.1371,812.3415,326.6298,18.6145,766.7677,366.3992,-1.9599,766.5308,378.5016,-2.8687,764.4494,354.5259,-1.7352,764.4947,342.2682,-2.8270,831.1453,351.6016,0.5611,807.8241,357.1226,3.3470,783.7455,359.2514,1.6936,759.6234,361.2766,-2.9036,736.6378,368.9877,-3.0020,714.4781,379.4842,0.9512
813.4193,363.6111,5.4745,812.5014,390.4750,-4.8319,810.6490,349.6500,5.2729,812.7386,326.2278,16.0153,768.5691,366.3216,-0.9542,769.5705,378.4549,-2.6586,766.0629,354.5652,-0.7739,765.4504,342.4725,-2.6502,832.8652,351.0116,-0.4993,809.7743,357.2160,3.2380,785.7777,359.7317,2.2733,761.4934,360.8921,-2.2257,738.3802,366.9252,-3.6761,715.8217,377.7601,-0.3650
815.4919,363.2720,5.1028,816.2270,388.5531,-1.3935,812.4005,349.2624,5.0843,811.3788,325.6055,11.2362,770.9576,366.7204,0.3312,772.4806,378.7595,-2.3264,768.2691,355.2912,0.6049,766.6682,343.0436,-2.4043,834.6900,349.6684,-1.1844,811.6119,356.7777,2.5855,787.8509,360.6557,3.0730,763.1801,361.3003,-0.6281,739.9194,365.6519,-3.5979,717.4317,376.1182,-1.4641
817.2438,362.8867,4.0574,822.1926,386.0758,3.9090,814.1391,348.8893,3.9203,809.2214,325.1663,3.8546,772.6711,367.3436,1.4018,775.2147,379.1670,-1.9463,769.9741,355.6094,1.4291,767.9073,343.7605,-1.9464,836.2645,349.1205,-2.3490,813.0407,356.4177,1.8444,789.4472,360.8765,3.3157,765.2536,361.4984,0.4999,741.3535,364.5406,-3.4054,718.6834,374.0559,-2.2994
818.7672,362.1244,2.7387,827.7120,383.5267,8.8527,815.4899,347.6959,2.7983,806.4059,324.2304,-3.5678,774.7368,368.3972,2.1367,778.1799,379.7872,-1.7680,772.3341,356.4071,2.1680,768.7907,345.0432,-1.7531,837.8572,348.0826,-2.8785,815.2220,355.5529,0.6947,791.7106,361.2439,3.7868,767.3504,362.2524,1.4471,743.2013,364.1823,-2.7448,720.4746,371.9973,-2.8432
820.0805,361.0771,1.5705,831.7097,381.1864,12.0849,817.6086,346.9126,1.5570,805.1363,323.2619,-8.8302,776.5857,369.1879,3.0987,781.1820,380.5450,-1.7903,774.4054,357.5782,3.1226,770.0952,345.9624,-1.8771,839.4104,347.2947,-3.5883,816.5244,354.7360,-0.4559,793.4293,361.1500,3.4261,769.3083,363.0402,2.3989,744.9877,363.7303,-1.8616,721.6678,369.8256,-3.3639
821.9225,359.5482,0.9938,834.8337,379.4597,13.3316,818.9305,345.7744,0.4417,805.4977,321.9887,-11.5971,778.7947,369.4293,3.7512,784.1544,380.9053,-2.1764,776.1199,357.9017,3.3632,771.0161,346.7941,-2.0261,841.1950,346.4108,-3.4072,818.4554,353.7699,-1.3541,795.5794,361.3077,2.7805,771.3116,363.8259,2.9609,746.9567,364.2854,-0.9119,723.3545,368.6774,-3.3368
823.6961,359.0125,-0.3237,836.9596,378.4045,13.3034,820.5913,344.6375,-0.2748,806.5141,320.8605,-13.6166,780.2093,369.9884,3.5396,786.5147,381.3598,-2.5984,778.2189,358.4831,3.6241,772.2119,347.1283,-2.3509,842.7533,345.7043,-3.3627,819.8485,352.5204,-2.1280,796.9956,360.4758,1.7938,773.4643,364.9032,3.5645,748.5959,364.7224,0.4078,724.7897,367.5465,-3.3821
825.1091,357.8091,-0.9300,838.6928,376.9250,13.1101,822.4592,343.2970,-0.8556,807.6195,319.7246,-14.8614,782.4788,370.4985,3.4127,788.9729,381.3655,-3.0187,779.9637,358.6192,3.1645,773.3636,347.4734,-3.1666,844.4508,345.2957,-2.7761,821.5335,351.3786,-2.9981,798.9701,359.6298,0.6331,775.2568,365.1272,3.6387,751.0648,365.4614,1.4314,726.7298,366.8532,-2.7562
826.7816,356.8484,-1.1794,840.3799,375.8425,12.8381,823.6293,342.5952,-1.2213,808.9655,318.8147,-15.3207,784.3533,370.1451,2.8930,791.5924,380.8725,-4.2322,781.8480,358.3499,2.5740,774.4851,347.4124,-4.2669,846.2803,344.9969,-1.7659,823.0792,350.3208,-3.4869,800.2657,358.8512,-0.2348,777.2395,365.3961,3.4382,753.0186,366.2748,2.3136,728.3143,366.7220,-1.7897
828.3405,355.9602,-1.2956,842.1476,375.0256,13.2633,825.5623,341.5592,-1.2057,810.8592,317.9231,-15.4633,785.8812,369.3896,2.0493,793.7974,380.3305,-5.1522,783.3755,358.0350,2.0562,775.5932,347.3065,-5.3320,847.9758,344.7855,-0.6888,824.6616,349.3643,-3.7659,801.7424,357.2830,-1.2861,778.9922,365.2089,2.8388,754.8151,367.7961,3.0206,730.4084,367.3743,-0.7811
830.2467,355.2222,-0.8581,843.8155,374.4126,13.4701,827.1543,341.1897,-0.5264,812.5731,317.2007,-15.2170,787.5094,368.6972,0.7519,796.2129,378.9752,-6.3341,785.1833,356.9126,1.1903,776.7297,346.1434,-6.3130,850.2353,344.9896,0.5509,826.4590,348.8383,-3.3453,803.1592,355.9707,-2.2011,780.6417,364.8203,1.9499,757.0328,368.4275,3.7479,732.1578,367.5274,0.4790
832.0369,355.1209,-0.0958,845.6812,374.1828,13.9181,828.9042,340.5873,-0.1973,814.2751,316.9070,-14.2243,789.2050,367.3622,-0.4945,798.4564,377.6526,-7.3889,786.7659,355.5893,-0.2956,778.0087,345.1025,-7.5830,852.0163,345.1377,1.4132,828.3258,348.3920,-2.9213,805.1928,354.3452,-3.1201,782.4374,363.7814,0.7513,758.9965,369.1663,3.6853,734.5955,368.9778,1.3831
833.6446,354.6822,0.9468,847.3011,373.6449,15.1962,830.9090,340.5665,1.1808,815.9103,316.9157,-13.4128,790.8762,366.2921,-1.6178,799.8860,376.2343,-8.2133,788.4684,354.2104,-1.3893,779.1179,343.8713,-8.7135,853.8052,345.0477,2.0675,829.8438,347.8783,-1.9065,806.6594,353.5246,-3.3464,784.2928,362.6892,-0.3278,760.8584,369.6570,3.3832,736.3206,370.4811,2.1502
835.7078,354.7713,1.9695,849.4151,374.0383,16.0358,833.0347,340.7939,2.0164,818.0926,316.5534,-12.1901,792.4282,364.3365,-2.2606,801.6372,374.7476,-9.3775,789.9425,352.6124,-2.3669,780.2664,342.5386,-9.1925,855.8535,345.6701,3.0114,831.9895,347.7685,-0.6110,807.9458,352.1893,-3.4416,785.3457,360.9840,-1.2308,762.8217,369.2343,2.4007,738.6026,371.6814,3.1323
837.5696,355.0283,2.9852,850.8898,374.4315,16.6340,834.4479,340.6951,3.1581,820.1418,317.1207,-10.5920,793.9373,362.9231,-2.7897,803.0231,373.1622,-9.5585,791.2826,351.1700,-3.0279,781.6698,341.0067,-9.4071,857.4352,345.5750,3.3532,833.5894,347.8637,0.1467,809.7927,351.5655,-3.2213,786.8990,359.3567,-2.4212,764.1881,368.8780,1.7703,740.6669,372.1737,3.6220
839.4641,355.0995,4.1085,852.4041,374.8407,17.4603,836.4263,341.2550,4.2256,822.4098,317.3280,-9.2993,795.3629,361.5337,-3.6018,804.7903,371.6486,-9.8814,792.6505,349.7807,-3.6180,783.0318,339.6855,-9.2566,859.2808,345.5491,3.4610,835.4041,348.3649,1.4298,811.4296,350.8288,-2.7765,788.6277,357.7637,-2.9771,766.1557,367.8043,0.9900,742.5211,373.2170,3.6115
841.4079,355.9386,5.1219,853.6280,375.3948,17.0380,838.2761,341.3005,5.0273,825.0317,317.7757,-6.9649,796.8805,360.3520,-3.5173,806.3273,370.5967,-9.2747,794.6754,348.6955,-3.7379,784.8845,338.2688,-9.3951,861.2303,345.5718,3.1763,837.4497,348.6885,2.4103,813.2651,350.5722,-1.9473,789.9997,356.3852,-3.3508,767.4400,366.2738,-0.2664,744.6220,373.7222,3.3948
843.1429,355.7350,5.7308,853.8583,376.4165,15.0799,839.8947,341.7445,5.8377,829.0005,318.1200,-3.4520,798.4295,359.3417,-3.2016,807.7169,369.9543,-8.2705,796.1845,347.9061,-3.2556,786.8245,337.1104,-8.0891,862.9598,345.1156,2.9117,839.2204,349.0414,2.9086,815.1426,350.8184,-0.8912,791.4116,355.3922,-3.4691,768.9925,364.6838,-1.2863,746.1885,373.7828,2.7394
845.0102,355.9538,5.9463,852.8424,378.6643,10.3089,841.7766,342.2328,5.9669,834.0255,318.7222,1.3660,800.5786,358.8306,-2.1898,808.9110,369.0494,-6.9656,797.8522,346.9132,-2.7275,788.8846,337.0589,-7.0296,864.8987,344.7646,1.6998,841.3710,349.4386,3.2034,816.9272,351.2255,0.2697,793.3008,354.2188,-3.3740,770.3924,362.9635,-2.2422,748.0623,373.0248,1.8267
847.3562,356.1610,5.8802,850.2970,380.3073,3.5115,844.0480,341.8499,5.8911,840.6509,318.6865,7.8934,802.0241,358.5380,-1.9330,810.5646,369.1993,-5.2366,799.6555,346.8779,-1.9391,791.1735,336.4588,-5.2487,866.4225,344.4495,0.8655,843.2282,349.5123,3.5383,819.0625,351.6975,1.2653,794.9343,353.9301,-2.8759,772.0958,361.0082,-2.9203,749.5384,372.1434,0.6617
848.5149,356.0604,5.4630,848.7266,382.1732,-2.5484,845.9081,342.2878,5.3341,846.0333,318.8054,13.7299,803.9894,358.8965,-0.6422,811.9334,369.4786,-3.5077,801.4876,347.2893,-0.6548,793.5969,336.4294,-3.4392,868.1078,343.3350,-0.0753,844.8581,349.6826,3.2675,821.0029,352.1316,2.3281,796.6912,353.5131,-1.5349,773.6429,359.4545,-3.6015,751.4102,370.3050,-0.3370
850.6342,355.8612,4.8890,848.6549,382.8447,-6.5481,847.6051,341.4680,5.0810,850.1559,318.5611,16.2782,805.7754,359.3952,0.3810,813.0497,370.1106,-1.4055,803.7424,347.3994,-0.0061,795.9771,336.9080,-1.6525,869.8777,342.3080,-1.2845,846.6254,349.3974,2.8084,822.9129,353.1302,2.6917,798.7172,354.0022,-0.7122,774.9226,357.8078,-3.3758,752.4635,368.7076,-1.4875
852.0979,355.2561,3.8678,849.4143,382.4195,-8.9798,849.3723,341.3077,3.7646,853.2120,317.8418,16.9541,808.0398,360.0301,1.4502,814.5692,370.7844,0.4218,805.2183,347.9919,1.2426,798.7730,337.4485,0.5727,871.4941,341.4390,-2.4244,848.3504,348.7682,1.5968,824.8423,353.6175,3.6479,800.6937,354.4587,0.3535,776.3818,357.0732,-3.5264,754.1875,366.3631,-2.2690
854.0867,354.1896,2.8495,850.4440,382.0712,-11.0363,851.0304,340.3472,2.9069,855.6730,317.0940,16.5544,810.1853,360.8450,2.5546,815.6971,371.5909,2.1421,807.1987,348.9969,2.4959,801.3726,338.1920,1.9239,872.9441,340.8456,-3.0637,850.2496,347.8751,0.5831,826.5458,353.8207,3.2978,802.4644,355.0039,1.1518,777.8779,356.5483,-2.5355,755.6106,364.5867,-3.6078
855.5194,353.4403,1.5287,851.9326,381.1230,-12.2493,852.5631,339.5479,1.6778,857.1358,316.4072,15.7677,811.8505,361.7472,3.1378,816.7088,372.7109,4.1950,809.4311,349.6129,3.0472,804.3815,338.6809,3.8441,874.5315,339.9655,-3.4333,851.7458,347.2045,-0.0056,828.5955,353.6611,3.3065,804.7761,355.7983,2.3439,779.9760,356.2402,-1.9462,756.8732,362.4410,-3.6790
856.9871,352.2895,0.5572,853.7138,380.0554,-13.5439,854.3647,338.4815,0.9216,858.8830,315.4268,14.4796,813.7632,362.3358,3.5264,818.2846,373.4128,5.5006,811.3997,350.5645,3.4762,807.2664,339.2665,5.2238,876.4250,339.3002,-3.5807,853.2261,346.1160,-1.4611,830.6485,353.5781,2.9216,806.8400,356.5766,2.9850,781.8299,356.9339,-0.6795,758.3896,361.0980,-3.2819
858.8130,351.3336,-0.0647,854.9196,379.1337,-14.2079,856.0180,337.1257,-0.4457,860.5276,314.2680,14.0497,815.7613,362.6974,3.6319,819.1992,374.1783,6.0111,813.3283,350.7760,3.6725,810.1348,339.3888,6.1666,878.3111,338.2187,-3.3183,854.8708,344.8280,-2.0357,832.4556,353.0150,1.9990,808.4641,357.1325,3.4967,783.8232,357.5843,0.1566,760.0131,360.0675,-3.3461
860.4132,349.9929,-1.0074,856.4455,377.7749,-15.0537,857.6499,336.0914,-0.5445,862.4845,313.0525,13.4228,817.6956,362.9646,3.3212,820.2378,374.3819,6.7213,815.3667,350.9972,3.2368,812.8265,338.9773,6.9119,879.9158,337.7193,-2.6144,856.4339,343.7302,-3.1257,833.8012,351.9239,0.8723,810.6518,357.8351,3.8061,786.2305,358.2927,1.2255,761.8079,359.1433,-2.9855
861.8967,349.2385,-1.3105,858.5501,376.7942,-15.3484,858.9433,335.1613,-1.1899,863.7315,312.1235,13.1337,819.4331,362.4608,2.7613,820.8854,374.4659,6.6884,816.9942,350.6990,2.5582,815.4868,338.8476,6.8384,881.3418,337.6751,-1.7628,858.1412,343.0790,-3.5960,835.3144,351.1212,-0.3856,812.4064,357.9916,3.1526,788.1864,359.2608,2.0078,763.5930,359.1707,-1.9688
863.6264,348.5416,-1.2702,859.7719,376.0005,-15.3551,860.6471,334.2594,-1.2565,865.3458,311.0503,13.2265,821.2046,362.2849,1.8620,821.9278,374.0085,6.8455,818.5278,350.1774,2.0566,817.6705,338.1665,7.3110,883.5016,337.5713,-0.7392,860.0417,341.8960,-3.2717,837.0011,350.0957,-1.3485,814.2367,357.4276,2.7868,790.0263,360.0810,3.1126,765.4851,359.6799,-0.8291
865.5594,347.7023,-0.9110,861.7884,375.3322,-14.5906,862.2990,333.9510,-0.6830,867.2567,310.5211,13.0649,822.5940,361.3166,0.5584,822.5050,373.5432,6.4656,820.4013,349.2738,0.9772,820.5732,337.3500,6.3654,885.1393,337.6404,0.2493,861.6127,341.4096,-3.2932,838.5985,348.6103,-2.3973,816.0083,357.4249,1.8852,792.1329,361.1678,3.3676,767.2019,360.3818,0.2351
866.8173,347.1772,-0.0836,863.4285,374.8982,-13.5022,863.9539,333.1724,-0.1632,868.7603,310.1331,14.3410,824.6888,359.9349,0.0056,823.6910,372.3977,5.8754,822.0550,348.3524,0.0166,822.9299,335.6734,5.8138,887.1542,337.3127,1.3263,863.1779,340.8676,-2.8127,840.2575,347.1821,-3.2642,817.4552,356.4092,0.9636,794.2461,362.1103,3.5013,769.8389,361.4782,1.4766
869.1000,347.0514,1.1140,865.8779,374.5158,-11.9864,865.7737,332.7222,0.6293,869.7679,309.8879,13.6840,826.0953,358.6196,-1.3413,824.2893,370.9330,5.2129,823.3260,346.7931,-1.5590,825.0941,334.2354,5.1854,889.0919,337.8240,2.4282,865.2531,340.3184,-1.9048,841.4444,345.6577,-3.5400,819.1007,355.0878,-0.2168,796.2041,362.1532,3.2056,771.7816,362.8464,2.2034
870.8610,347.3974,1.5103,868.9009,374.0604,-9.4196,867.9980,333.1837,2.1417,870.4761,309.8684,13.3962,827.4003,357.1899,-2.4563,825.2175,369.5063,4.3506,825.0450,345.1668,-2.5290,827.1154,332.4195,4.7034,890.9125,337.8379,2.8531,866.9280,340.7590,-0.6635,843.4232,344.5993,-3.6327,820.4472,353.4070,-1.5304,798.0563,361.8853,2.4688,773.7099,363.9544,3.1530
872.9028,347.3530,2.8173,872.8466,373.3159,-5.0537,869.7837,333.2980,3.1073,869.9346,310.0179,11.0467,829.0348,355.4922,-3.0984,826.1850,368.3702,4.1155,826.5024,344.0264,-2.9353,829.6923,330.8652,4.0043,893.0048,338.3801,3.3612,868.8175,340.4857,0.2910,844.9295,343.8049,-3.2457,821.8983,352.1430,-2.2352,799.4627,361.3283,2.1354,776.0355,365.3716,3.8348
874.5907,347.9711,4.2542,878.0141,371.8432,1.7581,871.8614,333.6164,3.9998,868.2731,310.0665,6.2982,830.5917,354.1772,-3.4299,826.9452,367.3132,3.8340,828.1351,342.4783,-3.4770,831.6311,329.5956,3.7365,894.9803,338.2084,3.7565,870.6037,341.1650,1.3090,846.7345,343.4746,-2.6150,823.5379,350.2298,-2.9572,801.4214,360.4896,0.7371,777.8639,365.8560,3.4868
876.6953,348.4425,4.8728,884.2514,370.2254,9.4567,873.4565,333.9063,5.2318,865.5665,310.3045,0.8597,832.0443,352.9699,-3.5110,828.1247,365.9177,3.6030,829.7023,341.2066,-3.6493,833.5720,327.7655,3.4690,896.7370,337.9013,3.7299,872.2108,341.6099,2.0814,848.5711,343.2161,-2.0769,825.4858,348.7042,-3.4664,802.7098,358.9591,-0.2743,779.7908,366.1425,3.4299
878.3228,348.6514,5.6504,889.0247,369.2826,15.1123,875.5843,334.8357,5.7738,863.8557,310.6466,-3.6247,833.7249,351.8971,-3.0526,829.5815,365.2900,3.8412,831.3320,340.5586,-3.2505,835.3728,327.0039,3.6995,897.8275,337.7637,2.6812,874.6521,341.5311,3.1068,850.1913,343.2360,-0.9455,826.5393,347.7929,-3.6890,804.3244,357.1639,-1.6006,781.8098,366.3842,2.8046
880.4374,348.6133,6.0252,892.9645,368.7370,18.2420,877.2512,334.8667,5.9362,864.0231,311.0464,-5.8982,835.7355,351.4014,-2.8897,830.8929,364.7604,4.1222,832.9764,339.3928,-2.8838,837.6214,326.6401,4.1612,899.9365,337.1699,1.7438,876.2477,341.7191,3.2450,852.2412,343.4500,0.2762,828.5124,346.7272,-3.4760,805.5790,355.5099,-2.3691,783.2749,365.6955,2.0183
881.8115,348.7119,5.9136,895.3915,368.3165,18.9415,879.2450,334.6299,6.0996,865.0964,311.0389,-7.5450,837.0627,350.9225,-2.0296,832.9749,364.5435,4.5366,834.8699,339.2510,-1.8368,839.4011,326.2834,4.3936,901.3279,336.4003,0.8872,878.3097,342.2496,3.8153,854.0866,344.1618,1.3033,829.9828,346.5307,-2.6604,807.2041,353.6947,-2.8885,784.8293,364.3540,0.9149
884.0708,348.4017,5.3376,897.5365,368.0635,19.2173,881.0304,334.5689,5.6471,866.5778,310.7296,-8.2689,839.0761,351.3781,-0.7792,834.9208,364.6579,5.3341,836.6483,339.6776,-0.6821,841.2268,326.2269,5.2991,903.3736,335.4917,-0.2758,880.2430,342.2238,3.2681,856.1393,344.6138,2.4853,832.1407,345.9562,-1.8948,808.8163,352.0831,-3.5740,786.4206,362.7961,-0.3214
885.5545,348.3272,4.7697,899.4845,367.7166,18.7749,882.6093,334.0599,4.6354,868.2624,310.4472,-9.4526,840.8880,351.7952,0.2250,836.6991,365.0051,5.6077,838.5145,340.0322,0.1777,843.0984,326.8812,5.7759,904.9698,335.0731,-1.3188,881.8058,341.5734,2.8771,858.2059,345.6734,3.1265,833.9743,346.4311,-0.6766,810.3890,350.3989,-3.7101,787.9627,360.9903,-1.2400
887.6666,347.6321,3.9766,901.2847,367.0037,18.1485,884.5945,333.6209,4.1662,869.8462,309.9045,-10.4760,843.2350,352.5933,1.4316,838.8187,365.8036,6.2164,840.5600,340.8367,1.3701,844.6880,327.6805,6.1717,906.7659,333.7063,-2.1682,883.8152,341.5121,1.9606,859.9947,345.9157,3.4628,835.6719,346.6126,0.2138,811.8092,349.6234,-3.4290,789.1868,358.8965,-2.4188
889.1372,346.6880,2.7145,902.7936,366.0909,17.1785,885.8821,332.7304,2.7003,871.4138,309.0316,-11.2938,845.1971,353.1857,2.2283,841.3919,366.5049,6.6087,842.5515,341.6788,2.2872,846.5950,328.3950,6.5014,908.2601,333.1403,-3.1635,885.3441,340.5833,0.9640,862.1635,346.5152,3.6567,837.4085,347.3644,1.4487,813.7867,348.9808,-2.8979,790.6617,357.0856,-3.0471
890.7923,346.2566,1.8568,904.5531,365.1512,15.7871,887.7471,331.7484,1.6620,872.8714,308.3085,-12.7731,847.0388,354.1163,3.1792,843.7610,367.0951,6.4282,844.7103,342.3660,3.2602,848.2243,329.2701,6.5098,910.1427,332.3943,-3.5981,887.0382,339.5928,-0.4332,863.9508,346.3351,3.0897,839.6253,348.2922,2.5893,815.2323,348.8882,-1.6673,792.1185,355.1052,-3.5664
892.6272,344.8762,0.3654,906.1666,364.1538,14.7108,889.4811,330.9579,0.7964,874.7496,306.9307,-13.2453,849.0134,354.7004,3.3319,846.2233,367.6832,6.2440,846.3009,342.5553,3.5916,849.7970,330.2590,6.1686,911.5877,331.3881,-3.9190,888.6539,338.6699,-1.0240,865.7622,346.0735,2.8607,841.3853,349.0983,2.8550,817.3561,349.3430,-0.7182,793.6978,353.6958,-3.7711
893.9589,343.9674,-0.2902,907.5075,363.1889,13.8390,891.0707,329.5581,-0.3938,876.4034,305.6992,-14.1990,851.0394,354.9987,3.5905,848.6629,367.8554,5.2941,848.4167,343.4567,3.6838,850.6658,330.2638,5.2674,913.0057,330.8213,-3.3121,890.5339,337.4987,-2.2342,867.0108,345.7713,1.7673,843.7117,349.5807,3.4341,819.3616,349.9433,0.2344,795.2489,352.4745,-3.3368
895.6887,343.0357,-1.0493,909.3737,362.1327,13.0722,892.7924,328.7118,-0.8334,878.1416,304.9078,-14.7768,852.8513,355.3682,3.1522,851.2108,367.7540,4.3666,850.3173,343.5561,3.2891,851.7629,331.1119,4.5274,915.1101,330.4139,-2.3605,892.0119,336.0927,-3.1412,868.8387,344.8312,0.9588,845.6647,350.2338,3.4283,821.4007,350.6688,1.4450,797.0398,351.6022,-2.4160
897.3456,341.9558,-1.1268,910.5992,360.9711,12.4990,894.1125,327.6300,-1.0034,879.7856,303.8514,-14.5387,854.8788,355.1704,2.6025,853.7402,367.6672,2.5804,852.3748,343.5258,2.6873,853.0403,330.9797,2.5910,917.0702,329.8431,-1.9826,893.3091,335.2149,-3.2714,870.6838,343.8411,-0.3008,847.4371,350.2142,3.2413,823.1993,351.6183,2.2463,798.6843,351.6345,-1.7181
898.8843,340.8258,-0.9327,911.7993,360.7063,11.3593,895.9707,326.8392,-0.9705,882.6791,302.6234,-13.4012,856.4995,354.5608,1.9182,856.2167,366.8318,1.1608,853.7893,342.7748,1.9499,853.9539,330.4017,1.0083,918.5969,330.0633,-1.0690,895.0647,334.4691,-3.6310,872.1286,342.3036,-1.1699,849.3335,350.2501,2.7751,825.2520,352.6498,3.2614,800.8217,351.8994,-1.0148
900.6440,340.1184,-0.5556,912.0984,360.5269,9.6263,897.6359,326.2518,-0.6554,885.3271,302.5275,-11.2285,858.3743,353.5974,1.0850,858.5414,365.6976,-0.7560,855.3828,341.8113,0.8887,854.8687,329.5318,-0.8494,920.2981,330.0057,0.2134,896.6594,333.8983,-3.6085,873.8442,341.0598,-1.9577,850.9899,349.6177,1.9169,827.3663,353.9601,3.4175,802.9406,352.8820,0.3726
902.2416,339.8122,0.2241,911.4318,361.5522,6.4583,899.5373,326.0526,0.0607,890.0334,302.4502,-6.3122,859.7643,352.2773,-0.2141,861.3545,364.5211,-2.9862,856.9665,340.8508,-0.0323,855.1961,328.6830,-2.8865,922.4403,330.1406,1.3341,898.4818,333.1732,-2.7452,875.1870,339.6035,-2.8020,852.4529,348.5165,0.4610,829.1753,354.4163,3.4768,804.6072,353.7616,1.7783
903.9936,339.8755,0.9123,909.3534,363.1973,0.7038,901.2123,325.0245,0.6445,896.2531,302.0971,1.1494,861.4079,350.8944,-1.2450,863.5816,363.0011,-4.7716,858.6717,339.5744,-1.3559,856.2010,327.4453,-4.6219,924.4662,330.4716,2.2562,900.3514,332.9133,-2.0218,876.7804,338.2403,-3.4458,854.1030,347.9532,-0.2460,831.1797,354.7785,3.6447,806.9676,355.1752,2.3453
905.8127,339.7935,1.9204,907.2093,364.5223,-4.0373,903.0191,325.5250,2.1348,902.4555,302.3616,8.3402,862.6272,349.2747,-1.9825,866.2051,361.1319,-6.6941,860.1338,337.7912,-2.3589,857.0108,326.1967,-6.3919,926.5024,330.3631,3.2299,902.0638,332.8852,-0.7953,878.4951,337.3368,-3.8096,855.6544,346.0771,-1.3914,833.0411,354.3213,2.7356,809.1618,356.3546,2.8950
907.7597,340.1007,2.9924,906.5902,366.4189,-7.2538,904.6756,325.9039,3.0534,907.1648,302.6034,13.4641,863.9568,347.9951,-2.9946,868.4292,359.3308,-8.0501,861.9997,336.2911,-3.3386,857.3739,324.7999,-7.9433,928.0347,330.4326,3.2896,903.9299,333.1641,0.4212,880.0591,336.5379,-3.5651,857.4367,344.4476,-2.2087,834.6972,353.9368,1.7623,811.1943,357.9803,3.5522
909.7450,340.2883,4.0466,907.0341,367.6163,-8.3353,906.8403,325.9846,4.2155,910.4516,303.0976,16.4386,865.7851,346.4807,-3.3274,870.8292,357.8603,-8.8982,863.4077,334.7340,-3.4599,858.2229,323.8040,-8.9846,929.8359,330.8195,3.5295,906.0065,333.3625,1.5587,881.8075,336.1530,-3.0232,858.5596,342.9163,-2.8955,836.4161,352.9171,0.8190,812.9415,358.2854,3.8089
911.8290,340.3764,5.0502,908.1958,368.2717,-8.4003,908.8580,326.4511,5.1825,912.9518,303.4982,18.4946,867.3863,345.5026,-3.3933,873.3018,356.3869,-9.5985,864.9325,333.6969,-3.6505,859.0272,322.4942,-9.6948,931.8193,330.3261,3.2235,907.9910,333.8979,2.4871,883.9231,335.6896,-1.8936,860.7452,341.5341,-3.4459,837.8964,351.3120,-0.0956,814.9593,358.9346,3.4299
913.3930,340.7856,5.6066,910.2224,368.5791,-8.0409,910.5529,326.9052,5.7497,915.2168,303.6266,19.5465,869.1640,344.3249,-3.5018,875.8078,355.0190,-9.7549,866.5339,332.8150,-3.3538,860.0913,322.1125,-9.8387,933.4010,330.2689,2.8475,909.8237,334.1056,2.8771,885.5582,335.9617,-1.1780,861.7353,340.2094,-3.4296,839.4092,349.6354,-1.5615,816.6971,358.5338,2.8271
915.2811,341.3518,6.0906,911.7765,368.8999,-8.3506,912.3444,327.2971,5.9896,917.1331,304.1823,20.2694,870.7155,343.7196,-2.9227,878.0217,354.5405,-9.5627,868.2130,332.0333,-2.6361,860.9660,321.6826,-9.4933,935.1269,329.6658,2.1126,911.7575,334.6244,3.2857,887.4606,336.1477,0.1620,863.8201,339.4480,-3.2185,840.7689,348.1861,-2.3728,818.5237,358.4376,1.6319
917.1858,341.4477,6.2053,913.3993,369.0233,-7.8615,914.4766,327.1470,5.8860,919.0710,304.1016,20.0024,872.1945,343.6905,-1.7149,880.3614,353.9594,-9.0636,869.8555,332.0907,-2.1157,862.3324,321.5126,-8.9197,936.7866,329.0976,0.7528,913.5421,334.7163,3.5372,889.2040,336.6552,1.1597,865.6147,338.9697,-2.5983,842.4303,345.7801,-3.1684,820.3319,356.9881,1.1257
919.3058,341.4370,5.7587,915.4023,368.7850,-8.9514,916.4932,327.1702,5.4824,920.7182,303.9565,19.5084,874.3877,343.8618,-0.8651,882.7229,354.3089,-7.8888,872.1322,332.0444,-0.5908,863.4587,321.4462,-7.9931,938.4075,328.6303,-0.2738,915.4504,334.6876,3.2448,891.3502,337.2907,2.3654,867.3031,338.3449,-2.1824,844.0472,344.7586,-3.3536,821.6743,355.4209,-0.5460
920.9363,340.7488,4.7022,917.3677,368.7098,-9.5187,918.1696,326.8209,4.7692,922.7120,303.7229,19.3795,876.1248,344.5362,0.2426,885.3086,354.7324,-6.9378,873.6145,332.2999,0.2511,864.5797,322.2949,-6.6966,940.1808,327.5146,-1.4323,917.2144,334.4649,2.5449,893.0954,337.9026,3.0240,869.0780,338.7160,-1.1658,845.3974,343.4043,-3.6419,822.7214,353.5580,-1.4080
922.8621,340.4911,3.4995,918.9180,367.8052,-9.9452,919.9502,326.2285,4.0032,924.4460,303.0728,18.3108,878.3877,345.0826,1.2237,887.6338,355.5575,-5.6556,875.8605,333.1472,1.2574,866.7444,322.7906,-5.9073,942.0757,326.1435,-2.4292,919.0849,333.9471,1.9770,895.4462,338.4329,3.4719,870.8224,339.2968,0.1561,847.0730,341.8498,-2.8740,824.3805,351.5000,-2.3282
924.3200,339.3695,2.7844,920.4209,367.3995,-11.3030,921.2927,325.1871,2.5534,925.9710,302.2779,16.9819,880.2008,345.9160,2.1845,889.6327,356.0963,-4.6086,877.8083,334.2174,2.4607,868.4479,323.4737,-4.6580,943.6251,325.6379,-3.2424,920.8986,333.0250,0.9679,897.1817,338.7015,3.6149,872.7628,340.1128,1.2162,848.7804,341.4447,-2.7041,825.7177,349.7988,-2.9762
926.0340,338.4210,1.4396,922.4661,365.8645,-11.8817,922.8090,324.5665,1.8173,927.5730,301.0877,15.5111,882.2906,346.3765,3.3276,891.7791,356.9670,-3.7416,880.0416,334.8129,3.0489,870.2308,324.5602,-3.4711,945.1645,324.7589,-3.4983,922.5383,332.2036,-0.2070,899.0932,338.7817,3.0911,875.1176,340.7064,2.4279,850.3962,341.3023,-1.8607,827.3478,347.5088,-3.3835
927.8367,337.5865,0.4612,924.0909,364.9215,-12.7067,924.7302,323.2794,0.6512,928.8083,299.9499,13.8607,884.1467,347.3238,3.6600,893.6437,357.4256,-2.6819,881.8578,335.5480,3.4943,872.3167,325.0361,-2.4589,946.5828,323.8786,-3.4549,923.5811,330.9054,-1.2993,900.8697,338.4749,2.7610,876.8462,341.8022,3.1626,852.5601,341.4207,-0.7803,828.8594,346.3864,-3.5036
929.2017,336.5165,-0.2847,926.8659,363.1557,-12.0334,926.0510,322.0336,-0.2744,929.4263,299.2159,11.7169,886.1723,347.6253,3.6328,895.5581,357.7004,-2.0441,883.9654,335.7813,3.5616,874.5695,325.7251,-1.8782,948.5206,323.4609,-3.3496,925.6411,330.1071,-2.2216,902.7419,338.2430,1.9096,878.9227,342.4068,3.5113,854.1065,342.4475,0.3623,830.6639,345.1073,-3.1479
930.6010,335.0683,-1.1309,929.9749,361.5775,-10.1003,927.8140,321.1367,-0.6621,929.2269,297.7890,8.7436,888.0066,347.9836,3.4354,897.1400,358.0871,-1.7139,885.6295,336.1481,3.2706,876.5573,325.6324,-1.7378,950.1327,323.0355,-2.5711,926.8960,328.8802,-2.8149,904.3081,337.1166,1.0148,880.8059,343.0844,3.5286,856.5857,343.1125,1.4505,832.1337,344.4665,-2.7028
932.3633,334.1231,-0.9252,934.7123,358.8917,-5.5101,929.3846,320.2246,-1.1342,927.4019,296.6064,3.3585,889.9093,347.6031,2.5560,898.8241,357.7388,-1.2939,887.4216,335.9166,2.6571,878.5593,325.7688,-1.2191,951.8269,322.7746,-1.8728,928.7020,327.8482,-3.8270,905.9129,336.2497,-0.1773,882.8980,342.8157,3.2264,858.3734,344.3053,2.1387,834.0440,344.2290,-2.1316
934.0200,333.2708,-1.2026,940.5698,355.9801,1.3083,931.0235,319.2653,-1.1938,924.5366,295.7287,-3.2437,891.6956,347.2154,2.0488,900.1385,357.4478,-1.6337,889.5019,335.2921,1.9624,880.6198,324.8260,-1.6446,953.5509,322.5169,-0.8245,930.3784,326.6839,-3.1795,907.3251,335.0151,-1.1599,884.6282,342.6915,2.4300,860.6144,345.2755,3.0435,835.8455,344.6074,-0.8063
935.7630,333.0836,-0.6867,945.7711,353.8512,7.0312,932.7850,318.4577,-0.9454,922.4480,295.1971,-8.7045,893.1553,346.4653,1.0392,901.6128,356.7324,-1.6598,890.7564,334.4240,0.7549,882.6814,323.8707,-1.5731,955.9301,322.4021,0.1874,932.0834,326.4069,-3.4604,908.9337,333.4834,-2.4230,886.1847,342.4785,2.1234,862.7485,346.0701,3.6140,837.6325,345.4790,0.1807
937.7743,332.0876,-0.0982,949.6603,352.4917,11.2511,934.4480,318.2456,0.0275,922.0441,294.8265,-11.0335,894.6936,344.9324,-0.1238,902.1367,355.4975,-2.2379,892.4473,333.0268,-0.3946,885.2741,322.2888,-2.1854,957.5108,322.7941,1.3075,933.6970,325.6879,-2.8446,910.6212,332.0341,-3.0180,888.2019,341.2857,0.8415,864.4131,346.8776,3.6309,839.9536,346.2574,1.4628
939.6116,332.1377,0.9588,952.4556,351.8528,13.6569,936.4557,318.3635,1.0942,922.5574,294.1536,-12.1906,896.2860,343.5500,-1.4063,902.9351,354.3618,-2.5224,894.0198,331.9962,-1.3683,887.3956,320.8120,-2.1155,959.5093,322.7869,2.2241,935.3937,325.6519,-1.6856,911.7903,331.0280,-3.4896,889.5347,340.1946,-0.0127,866.4395,347.0027,3.4065,841.8908,347.7494,2.5287
941.4007,332.3511,1.6339,954.7924,351.4713,15.7020,938.4374,318.0309,1.8760,923.8570,294.3936,-11.4625,898.0007,341.7975,-2.0880,903.9128,352.8862,-2.1570,895.4908,330.4125,-2.1776,889.6158,319.1498,-2.2528,961.3347,322.9613,2.9395,937.1852,325.4356,-0.8169,913.6854,330.0007,-3.7035,891.0795,338.5061,-1.3007,868.4677,346.7397,2.7082,844.2984,349.0190,3.0246
943.3357,332.6030,3.0735,956.9214,351.8368,17.1604,940.2199,318.3778,2.9852,925.4570,294.3523,-10.9879,899.3230,340.7832,-3.0656,904.4533,351.6586,-2.1425,897.0788,328.7719,-2.8494,891.9453,317.7962,-2.3303,963.3056,322.9564,3.3173,939.4776,325.5878,0.1633,915.5592,329.1764,-3.4826,892.8227,336.9439,-2.2593,870.2004,346.2722,2.0140,846.1942,350.0709,3.1336
945.0589,332.8076,4.3593,958.8474,351.9996,18.4009,942.3026,318.6353,4.2038,927.1268,294.8640,-10.0424,900.9878,339.0175,-3.4052,905.2309,350.5762,-1.8399,898.3900,327.3130,-3.5457,894.2318,315.8158,-1.6431,964.9747,323.2032,3.3802,941.1158,325.9522,1.3246,917.3806,328.4799,-2.8125,894.0956,335.5237,-3.0425,871.7253,345.3775,1.2615,848.2910,350.8984,3.5877
946.9494,333.2078,5.1244,960.7612,352.4008,19.3247,944.1212,319.0819,5.2213,929.0555,295.0368,-9.1757,902.4094,338.0565,-3.5247,905.9288,349.4597,-1.1298,900.0356,325.9704,-3.4768,896.7220,314.6792,-0.9368,967.1140,322.9497,3.1197,943.1332,326.2188,2.0942,919.0452,327.9726,-1.8846,895.6449,333.9216,-3.5374,873.1562,343.8211,-0.1475,850.2533,351.3305,3.3735
948.7927,333.5641,5.3633,962.6149,352.5926,19.9544,945.8913,319.2638,5.2293,931.2480,295.4237,-8.5303,904.5069,337.0947,-3.3759,906.6264,348.8964,0.1419,901.7537,325.1821,-3.4554,899.3725,313.4208,0.1525,968.6371,322.7255,2.3988,945.1344,326.6525,3.1145,920.9229,328.4848,-0.8971,897.2380,332.6243,-3.4798,874.8553,342.4859,-1.2003,851.9568,351.1572,2.7029
950.7996,333.7208,5.5608,964.3073,352.8505,20.0187,947.9610,319.4563,5.8119,932.9465,295.8428,-8.0220,905.9806,336.2830,-2.4623,907.8158,348.4362,1.5055,903.4290,324.6394,-2.7990,901.5536,312.7943,1.7132,970.3122,322.1695,1.9709,946.8917,327.2524,3.1927,922.8113,328.6978,0.2007,898.6671,331.9901,-3.3806,876.3093,340.6935,-2.4956,853.7372,350.6213,1.9399
952.7652,333.9492,5.9534,966.1876,353.0367,19.9123,949.4947,319.9068,5.9352,934.9296,295.8306,-8.2135,907.6240,336.3234,-1.6896,908.5331,348.2887,3.2708,905.2497,324.4091,-1.7223,904.5308,312.4182,2.9738,971.9336,321.4806,1.0413,948.9370,327.1967,3.6996,924.8623,329.2538,1.5301,900.4618,331.1848,-2.9157,877.6583,338.4659,-3.1140,855.2980,349.4629,0.5815
954.2165,333.7335,5.5186,968.0065,352.6412,19.7132,951.5421,319.7597,5.5734,936.9080,295.6562,-8.2418,909.6237,336.3907,-1.0524,909.3933,348.9278,4.8583,907.2298,324.5611,-0.9915,906.7593,312.2095,4.5560,973.9062,320.6819,-0.4204,950.5709,327.3550,3.1904,926.5112,329.9770,2.4915,902.2363,331.1473,-2.0138,879.1751,337.3133,-3.4581,856.7703,347.6858,-0.1615
956.1557,333.3601,4.5629,969.5459,352.6753,18.5371,953.2169,319.4997,4.7865,939.0179,295.5726,-8.8353,911.3700,336.8925,0.2053,910.4519,349.5022,6.0990,909.2074,325.0139,0.2878,909.9277,312.9029,6.4357,975.2189,319.8976,-1.4081,952.2140,326.9463,2.6654,928.5672,330.2356,2.8757,904.2355,331.2008,-1.0058,880.6134,335.7056,-3.3609,858.2992,346.2850,-1.0690
957.8613,332.9448,3.9455,970.8051,352.3871,17.1343,954.7570,318.5655,4.0113,940.9751,294.9578,-8.8646,913.2672,337.5193,1.3129,911.8421,350.0358,7.5673,911.1303,326.0240,1.5198,912.6759,313.2532,8.0350,976.9610,318.8421,-2.5309,954.2949,326.3423,1.9604,930.7750,331.0577,3.6683,906.0760,332.0080,0.2079,882.1954,334.5495,-3.2518,859.5816,344.1676,-2.4497
959.7393,332.2275,2.6684,971.3569,352.0301,14.3163,956.4870,318.1197,2.6816,943.8986,294.0684,-8.6409,915.7777,338.0144,2.2549,913.2442,351.3859,9.3630,913.0336,326.5525,2.3215,915.4028,313.5928,9.0698,978.4577,317.6484,-3.1901,955.9042,325.6876,0.8338,932.3345,331.2265,3.6260,908.0666,332.2869,1.2466,883.8866,334.2067,-2.8171,860.9167,341.9996,-3.0557
961.1617,331.2058,1.7298,971.1431,352.0459,9.4244,958.2742,316.9531,1.6564,947.7781,293.4329,-6.0225,917.5104,338.9244,3.0222,914.6030,352.2282,10.1905,915.2411,327.3855,3.0141,917.9634,314.3646,10.0569,980.6129,317.3630,-3.4741,957.1586,324.5226,0.0715,934.1875,331.4373,3.2603,910.4394,333.0829,2.1922,885.8250,333.6480,-1.9130,862.7256,340.0597,-3.4042
962.8601,330.1612,0.3873,969.4224,352.7907,2.6934,959.9227,315.8589,0.6966,953.1511,292.3840,-1.3897,919.4565,339.5262,3.4967,915.8698,352.8781,10.6477,917.0878,328.0213,3.4453,920.4236,315.0823,10.6021,982.1395,316.4574,-3.7080,959.0595,323.7853,-1.3476,936.2453,331.0475,2.7018,912.4753,333.9842,2.6746,887.6958,334.0502,-0.8806,864.1105,338.5519,-3.7994
964.6675,328.7610,-0.2451,966.5099,353.6167,-4.5372,961.4843,314.9708,-0.1251,959.6641,291.2665,3.9849,921.5482,340.1862,3.3760,917.5855,353.3501,11.0678,918.8788,328.5655,3.4544,922.6620,315.3948,10.8470,983.6686,316.1189,-3.3327,960.8453,322.6664,-2.2970,937.7286,330.5214,1.7111,914.1914,334.6933,3.5451,889.3623,335.0732,0.4139,865.4781,337.4784,-3.2826
966.2503,327.2320,-0.9270,965.0726,353.9795,-10.2780,962.9950,313.3580,-0.7539,964.6829,290.3474,8.6398,923.2803,340.4190,3.2036,918.7290,353.4306,10.6093,920.8363,328.5800,3.3759,925.0662,315.1694,10.3393,985.4931,315.3446,-3.0397,962.1791,321.5182,-2.9811,939.6701,329.9843,0.5737,916.1240,335.3055,3.6584,891.6891,335.7293,1.3416,867.3584,336.7031,-2.7145
967.9423,326.8513,-1.2396,965.2118,353.6774,-13.0859,964.6652,312.7434,-1.0187,967.9242,289.2501,11.0172,924.8561,340.0848,2.5639,920.9520,353.1726,9.7217,922.4803,328.3828,2.6315,927.3487,315.2752,9.6386,987.0850,315.0236,-1.9873,963.5654,320.3395,-3.6514,941.0483,328.6116,-0.1758,918.1534,335.5716,3.1982,893.7216,336.8026,2.2939,869.4201,336.7827,-1.9345
969.1867,325.8115,-1.0095,966.1458,353.4660,-14.2972,966.3057,311.7877,-0.9413,970.4673,288.4377,12.2287,926.8433,339.5349,2.0087,922.1661,352.7098,8.6777,924.2702,327.9323,1.9431,928.9380,314.4660,8.4000,988.8445,314.9629,-0.6140,965.3372,319.2256,-3.8169,942.7988,327.2352,-1.4690,919.8449,335.3750,2.9440,895.8502,337.8480,3.0697,871.2494,337.0742,-0.8416
971.0449,325.4664,-0.8373,967.3939,353.0994,-14.3069,968.0112,310.9321,-0.6616,972.8214,288.1131,13.1686,928.4151,338.5669,0.9033,924.1981,351.9323,7.1761,925.9006,326.9663,0.8930,930.3217,313.4844,6.7546,990.7909,315.0353,0.2997,967.4397,318.5985,-3.4330,944.2221,325.9917,-2.3664,921.3146,334.8195,2.0788,897.9639,338.7427,3.3158,873.0146,337.6669,0.1958
972.9416,324.8215,0.0517,969.1166,352.3612,-13.9722,969.9474,310.7057,-0.0042,974.1466,287.5791,13.9315,930.1396,337.5567,-0.5547,925.8781,350.7309,5.3289,927.9652,325.6788,-0.0473,932.1892,312.2823,5.3144,992.9656,314.8505,1.3005,968.9678,318.0050,-2.5340,945.8979,324.5817,-3.1844,923.0491,333.8808,0.9736,899.7900,339.0815,3.5399,875.2686,338.8558,1.2662
974.6094,324.5114,0.7530,970.8427,352.4422,-13.2367,971.4690,310.6428,0.6644,976.6073,287.8756,15.3026,931.5134,336.2725,-1.1722,927.3169,349.1899,3.7069,929.0116,324.5259,-1.2155,933.2048,311.2762,3.8796,994.7294,315.4428,2.7714,970.6622,317.9539,-1.9213,947.4303,323.5300,-3.6115,924.6570,332.7772,-0.2026,901.6052,339.7231,3.3709,877.5411,340.2566,2.2160
976.6788,324.4894,2.0097,972.9305,352.4329,-12.1390,973.5311,310.4091,1.9562,978.1976,287.5554,16.2440,933.3393,334.6533,-2.2677,929.4293,347.4442,1.9711,930.8561,322.8006,-2.2524,934.3010,309.6606,1.7578,996.6251,315.4832,3.2750,972.6440,317.8856,-0.9459,949.2932,322.2925,-3.6131,926.4109,331.2052,-1.1889,903.3520,339.3668,2.7523,879.5427,341.6290,3.1099
978.2118,324.9627,3.0197,974.3663,352.8592,-11.0232,975.0574,311.0501,3.1349,979.8923,287.5077,17.5851,934.6956,332.8449,-2.8872,931.3463,346.0397,0.1933,932.2517,321.4061,-3.3779,935.7047,308.3444,0.7137,998.5303,315.6488,3.3566,974.6075,317.9682,0.0389,950.4739,321.6064,-3.4628,927.8322,329.8151,-2.3182,905.3292,339.1309,1.5761,881.5290,342.4330,3.2543
979.9524,325.3951,4.1331,976.5422,352.9207,-9.7016,977.3506,311.2876,4.1643,981.7238,288.0480,18.1843,936.1635,331.6641,-3.4390,933.5626,344.6523,-0.3254,933.7940,319.9305,-3.4971,936.7610,307.2550,-0.8343,1000.4112,315.7241,3.6246,976.5421,318.2221,1.4460,952.2373,320.8832,-2.7210,929.0286,328.1131,-2.8631,906.7705,337.7468,0.8075,883.4887,343.2060,3.5510
982.0929,325.7438,4.9954,978.3293,353.4848,-9.0305,979.4510,311.5168,5.0406,984.0365,288.5407,19.5082,937.6856,330.2118,-3.6429,935.4720,343.1110,-1.7056,935.3258,318.6798,-3.7057,937.6260,306.0618,-1.7065,1002.3296,315.5502,3.5597,978.3512,318.9137,2.4471,954.0432,320.7958,-1.8238,930.7159,326.2572,-3.6941,908.4830,336.3438,-0.2568,885.6978,343.6497,3.2756
984.1225,326.0386,5.6937,980.4262,353.7806,-8.2933,981.1044,312.0913,5.6219,985.6314,288.8361,19.2616,939.3523,329.6159,-3.2514,937.8880,342.4091,-2.4181,936.9283,317.8720,-3.2936,938.7003,305.3699,-2.5948,1003.6139,315.1716,2.6309,980.2518,319.3138,2.8187,956.0925,320.8574,-0.8265,932.6229,325.1512,-3.5709,909.6511,334.9088,-1.5064,887.4767,343.9538,2.7761
986.0891,326.3309,5.7633,982.6171,353.7535,-7.7014,982.9613,312.0988,6.0102,987.2419,288.9507,19.6056,940.8199,328.7830,-2.7385,939.8652,341.4444,-2.5706,938.5682,317.1525,-2.8553,939.6383,304.8734,-2.7697,1005.8007,314.8228,1.7774,982.1404,319.6590,3.3791,957.7676,321.3120,0.2321,933.9501,324.2392,-3.5529,911.3684,333.0302,-2.0913,888.8647,342.8083,1.9528
987.9381,326.3541,6.0366,984.7940,353.4399,-6.5704,984.8947,312.2292,5.9976,988.6428,289.2853,18.3285,943.0229,328.7248,-2.0149,942.9018,341.0895,-2.5988,940.5347,317.0035,-1.7891,940.4433,304.8455,-2.8980,1007.2798,314.0371,0.7385,983.7892,319.6948,3.6241,959.9506,321.5276,1.1867,935.4942,323.8186,-2.6225,912.7777,331.5476,-3.0391,890.4980,341.5679,0.5379
989.3516,326.2388,5.5085,988.0885,352.7551,-4.7699,986.4650,312.2114,5.7043,988.7558,288.9340,16.1565,944.8134,329.2529,-0.8527,945.4491,340.8871,-2.5526,942.2448,316.9008,-1.1393,941.3352,305.0616,-2.6715,1008.9625,313.2274,-0.0382,985.6155,319.7600,3.3002,961.9088,322.4589,2.2480,937.5843,323.4699,-1.8463,913.9479,329.6528,-3.2239,892.2207,340.6172,-0.0414
991.6781,325.7008,4.8150,992.5923,351.4446,-1.5754,988.4222,311.9070,5.1083,987.8248,288.2596,11.1225,946.9028,329.5890,0.3410,948.7171,341.3704,-2.4657,944.0990,317.6156,0.2857,942.6711,305.6537,-2.4553,1010.8591,312.6147,-1.2380,987.6934,319.5809,2.5765,963.6810,322.9842,2.9875,939.3120,323.7725,-1.0445,915.6341,328.1083,-3.9272,893.5517,338.6623,-1.1384
993.1954,325.2937,3.7581,998.2363,348.7914,4.1154,989.9848,311.2032,3.9029,985.0935,287.7424,4.0831,948.6519,330.0387,0.9603,951.3310,341.7245,-2.1538,946.0336,318.3104,1.5011,943.6352,306.1539,-1.9343,1012.1555,311.6325,-2.5195,989.3971,318.7320,1.8790,965.6643,323.4545,3.3558,941.4283,324.4602,0.5899,917.6743,327.1930,-2.8458,895.0986,336.5622,-2.4139
994.6762,324.4515,2.8297,1003.8227,346.0600,9.3632,991.6250,310.3248,2.7630,982.3876,286.9011,-3.8228,950.7556,330.7020,2.2127,954.1686,342.2984,-1.4066,947.9537,319.1119,2.3340,944.4908,307.4465,-1.7899,1014.2403,310.6581,-2.8749,990.9478,318.2639,0.7447,967.4079,323.8503,3.7517,943.3463,325.1533,1.3818,918.9520,326.2645,-2.9746,896.1624,334.5848,-3.0110
996.1634,323.6118,1.4043,1007.9597,343.8034,12.1701,993.6166,309.7433,1.6030,981.5632,285.5983,-8.6180,952.9398,331.3126,3.0234,957.1070,342.9922,-1.7151,950.2189,319.9721,3.3506,945.9894,308.5825,-1.8855,1015.5169,309.5776,-3.5096,992.5615,317.2776,-0.2965,969.7049,324.1454,3.2827,945.2386,325.8371,2.1188,920.9409,326.6419,-2.1322,897.6040,332.7083,-3.7460
997.9645,322.5204,0.4696,1011.1174,342.3320,12.8987,994.9745,308.3132,0.8496,981.6229,284.5255,-12.0497,954.6259,332.2528,3.4446,959.6566,343.3015,-1.8985,952.2162,320.3530,3.5091,947.1918,309.5259,-2.2008,1017.3057,309.1699,-3.8448,994.4826,316.2732,-1.2137,971.1279,323.6504,2.5867,947.0140,326.6571,3.2320,922.9118,326.9363,-0.6525,898.9235,331.0960,-3.4713
999.6975,321.1705,-0.4365,1012.7505,340.8523,13.0654,996.7317,307.0831,-0.0783,982.4699,283.5667,-13.6987,956.3986,332.5299,3.7405,962.5845,343.9337,-2.5485,954.2358,320.6487,3.6045,948.0921,309.8252,-2.5868,1018.9782,308.3887,-3.0386,996.2281,315.0271,-2.1197,973.1970,322.8981,2.1406,949.5501,327.3290,3.6112,924.9274,327.6102,0.2251,900.8615,329.8824,-3.4384
1001.1467,320.2533,-0.8577,1014.9230,339.3787,12.9581,998.1838,306.3434,-0.8749,983.7262,282.2511,-14.5182,958.5826,332.7968,3.2455,965.1259,343.3823,-3.1332,956.3328,321.2840,3.3538,949.4944,310.0832,-3.2685,1020.4916,307.8143,-2.9878,997.3044,314.0877,-3.0199,974.9190,322.2676,0.9422,950.9390,327.5667,3.3443,926.7423,328.2751,0.9473,902.7801,329.5834,-2.6746
1002.9986,319.0283,-1.3012,1016.7923,338.0461,12.9159,999.9262,305.3030,-1.3307,985.2833,281.3165,-15.4639,960.3089,332.6602,2.7636,967.7841,343.3843,-4.0960,957.9321,320.7964,2.8718,950.5155,310.1594,-4.0749,1022.5928,307.4294,-1.6795,999.2851,312.8363,-3.1634,976.0199,321.3562,-0.3568,953.2239,328.2479,3.5214,929.2808,329.6044,2.3056,904.5522,329.1234,-2.0629
1004.6839,318.4024,-1.1067,1018.1641,337.5713,13.2263,1001.3825,304.0634,-1.2162,986.8720,280.6019,-15.2142,961.9206,331.9415,1.9112,969.8130,342.6571,-5.2382,959.2322,320.6597,2.1039,951.4675,310.0439,-5.0793,1024.3332,307.6717,-1.0197,1000.7345,312.1542,-3.6459,978.1671,319.9635,-1.4877,955.1649,327.7171,2.7270,930.7642,330.5390,3.3710,906.3186,329.8042,-0.8771
1006.3768,317.8133,-0.6265,1019.8996,337.0626,13.1924,1003.3700,303.6833,-0.9414,988.4123,279.7394,-15.3402,963.6395,331.1710,1.1407,972.3084,341.7009,-6.4138,961.2140,319.4136,0.7871,952.8424,308.9036,-6.1183,1026.3826,307.5394,0.3959,1002.3038,311.2513,-3.3271,979.4000,318.5578,-2.2454,956.8076,327.3147,2.1040,933.0906,331.2421,3.5440,908.6095,330.3536,0.3904
1007.5656,317.2631,-0.2652,1021.9595,336.6240,14.0847,1004.8698,303.2473,-0.3835,990.2684,279.6483,-14.1583,965.3573,330.1016,-0.0660,974.1508,340.3614,-7.6372,963.0739,318.1914,-0.5484,953.8613,307.8037,-7.2529,1028.1788,307.7207,1.1338,1004.0721,310.5613,-2.3729,981.1114,317.3114,-3.0665,958.2961,326.2676,1.1471,935.1974,331.7523,3.3374,910.5024,331.6592,1.3191
1010.0057,317.2801,1.0796,1023.2870,336.2964,15.2026,1006.7923,303.0969,0.9324,992.0428,279.2043,-13.2722,967.0264,328.6867,-1.3268,976.1277,338.9034,-8.4261,964.0852,316.8236,-1.2199,955.2182,306.5520,-8.6056,1029.8255,307.6553,2.2573,1005.8048,310.6550,-1.8235,982.6708,315.7703,-3.4083,959.8454,325.1270,-0.2892,936.8966,332.0709,3.3222,912.7284,333.0591,2.3735
1011.8728,317.0903,1.9163,1025.3650,336.6369,16.1326,1008.6874,303.2553,1.7518,993.9716,279.3551,-12.0703,968.2748,326.9005,-2.1862,977.7587,337.4921,-9.2712,965.7471,315.1991,-2.2671,956.2500,305.1397,-9.3434,1031.7943,308.0496,2.9592,1007.7976,310.5131,-0.8402,984.4302,314.8364,-3.7720,961.6105,323.5932,-1.2230,938.6786,331.8573,2.3925,914.5893,334.1422,3.1020
1013.7209,317.4734,3.0487,1027.2165,336.7318,17.1468,1010.6290,303.2295,3.1043,996.0929,279.6418,-10.7646,970.1118,325.5116,-3.1839,979.5756,335.8155,-9.5911,967.4337,313.8318,-2.8663,957.9957,303.5527,-9.6367,1033.6550,308.1284,3.6715,1009.6084,310.4899,0.4465,986.0620,314.2515,-3.2564,962.9835,322.1107,-2.2126,940.4681,331.4050,1.8829,916.5885,335.0948,3.6116
1015.3165,317.8932,3.8978,1028.6183,337.3738,17.5412,1012.3120,303.9759,4.2257,998.5430,280.1677,-8.9066,971.5896,323.9893,-3.5942,981.0272,334.3490,-9.5377,968.8792,312.7564,-3.6183,959.1938,302.0762,-9.8122,1035.3411,308.0871,3.8561,1011.6610,310.7864,1.2118,987.6244,313.5950,-2.7598,964.6827,320.4331,-3.0261,942.1697,330.3042,0.9506,918.7021,335.9491,3.5491
1017.2702,318.1276,4.8576,1030.1016,337.9274,16.8409,1014.4816,304.1191,5.0075,1001.2753,279.9549,-6.8954,972.8885,323.0283,-3.5752,982.0687,333.1685,-9.1190,970.7055,311.4080,-3.7936,961.2185,300.9275,-9.0892,1037.2423,307.8224,3.3900,1013.4740,311.3155,2.2170,989.3316,313.2455,-2.1711,966.1169,318.9700,-3.3719,943.8354,328.9846,-0.1778,920.5851,336.1184,3.2706
1019.1151,318.4320,5.6596,1030.2780,339.0534,14.9832,1016.4227,304.5256,5.9051,1004.9832,280.7051,-3.7201,974.7493,322.0429,-3.4040,983.8426,332.3736,-8.1562,972.2290,310.2558,-3.5850,962.9557,299.9830,-8.0749,1039.4815,307.8840,2.2587,1015.3572,311.6975,2.7980,991.4554,313.4145,-1.0036,967.7703,318.0132,-3.7289,945.0848,327.5335,-1.1842,922.5331,336.1018,2.8344
1020.9375,318.9204,5.8303,1029.0138,340.6564,10.1505,1018.1392,304.8777,5.8897,1010.1567,280.8951,1.7584,976.2852,321.5289,-2.5787,985.2705,331.9296,-6.8878,974.2094,309.5895,-2.6815,964.8860,299.7071,-6.8202,1040.7283,307.4131,2.0238,1017.1716,312.2020,3.2335,993.0283,313.8178,0.0673,969.1962,316.8368,-3.5951,946.6462,325.7001,-2.3166,924.2913,335.6884,2.0334
1023.2745,318.7931,5.8420,1026.7091,343.1170,3.8018,1019.8366,304.9950,5.8291,1016.7702,281.2391,7.9552,978.2619,321.3964,-1.9186,986.7966,331.9777,-5.4873,975.6301,309.5449,-1.7363,967.5059,298.9328,-5.5321,1042.4444,306.6774,0.8364,1019.2446,312.0704,3.3993,995.1508,314.3327,1.2656,971.1305,316.3354,-3.1975,948.0325,323.8987,-2.7672,925.6849,334.5464,0.9744
1024.8229,318.7292,5.5571,1024.7782,344.4612,-2.3540,1021.6298,304.4987,5.3752,1022.2534,281.5135,13.5710,980.0946,321.4747,-0.6761,988.1902,332.0443,-3.5069,977.5925,309.7534,-1.1166,969.7590,299.1814,-3.4206,1044.0446,305.9274,-0.3565,1020.8115,312.3303,3.3034,996.9333,314.6568,2.2973,972.4665,316.1729,-1.9090,949.4331,321.9899,-3.5062,927.0810,332.6262,-0.0508
1026.4874,318.2944,4.8454,1024.5139,345.0284,-6.6082,1023.6002,304.2541,4.8638,1026.4298,280.9693,16.5171,981.7842,321.9322,0.6021,989.2216,332.5652,-1.6828,979.4094,310.0194,0.2691,972.1097,299.4542,-1.5256,1045.7162,305.0766,-1.4068,1023.0034,311.7135,2.8230,998.9830,315.3463,2.8929,974.5890,316.4697,-0.9188,951.2386,320.6266,-3.6173,928.8490,330.9200,-1.5739
1028.4080,317.8908,3.8102,1025.3536,345.1820,-9.3014,1025.2655,303.6633,4.0522,1029.4971,280.7475,16.8066,983.9078,322.4963,1.4240,990.6413,333.5698,0.1976,981.6239,310.4469,1.3455,974.7477,300.0982,0.3943,1047.4163,304.0613,-2.5143,1024.2707,311.4879,2.0862,1000.9967,315.8474,3.7379,976.8079,316.9512,0.2086,952.4369,319.8788,-3.2120,930.0189,328.9122,-2.6163
1029.8038,317.0885,3.1314,1026.7504,344.6355,-11.2940,1026.9632,302.6708,2.9512,1031.3592,279.4544,16.5063,985.8151,323.4133,2.2463,991.8567,334.6122,2.2933,983.1878,311.4314,2.3387,977.5081,300.2456,2.3121,1049.2951,303.3316,-2.9065,1026.1312,310.6536,0.9939,1003.0015,316.2050,3.6436,978.7080,317.5801,1.6485,954.3776,318.9887,-2.6992,931.3706,327.2842,-3.0860
1031.7847,316.1786,1.6096,1028.0511,343.7797,-12.4371,1028.7808,302.0535,1.8083,1033.4327,278.8477,15.7573,987.9498,323.7998,2.7978,993.1457,335.0941,3.9852,985.4523,312.3823,2.9887,980.2608,301.0944,3.7423,1051.1854,302.4909,-3.3913,1027.7145,309.7151,-0.3474,1004.9503,316.4425,3.4532,980.3773,318.2546,2.2643,956.1686,319.0659,-1.9813,932.9331,324.9135,-3.2544
1033.4728,314.9211,0.6875,1029.6141,342.7289,-13.2628,1030.2747,300.7598,0.4068,1035.2828,278.0436,14.8442,989.9040,324.9300,3.0673,994.5149,336.0407,5.2862,987.3000,312.9875,3.2518,983.1651,301.6004,5.0556,1052.4458,301.7157,-3.6279,1029.6327,308.9784,-1.3974,1006.4625,316.1879,2.9361,982.4828,319.1608,3.2690,958.2502,319.3485,-0.8048,934.3372,323.5878,-3.4309
1034.8688,313.7949,-0.1167,1031.2520,341.7019,-14.4848,1032.0401,299.5473,-0.1985,1036.6342,276.7325,13.9383,991.9277,325.1319,3.6215,995.3907,336.5301,6.0035,989.2542,313.6314,3.4158,985.8861,302.0678,6.2546,1054.2108,300.8832,-3.1668,1030.9466,307.7045,-2.5032,1007.9689,315.8858,1.9315,984.6179,319.7862,3.5013,960.1448,319.8478,-0.1186,936.1800,322.4745,-3.3730
1036.2771,312.9314,-0.7469,1032.3967,340.6976,-15.3967,1033.5153,298.6223,-0.7124,1038.1656,275.3980,13.3172,993.8389,325.5353,3.2332,996.3760,337.1150,6.8224,991.0824,313.8023,3.4123,988.7181,301.9094,6.7305,1055.7331,300.5158,-2.8344,1032.7829,306.5987,-3.1274,1010.1260,314.6470,0.8636,986.4510,320.2756,3.7571,962.1706,320.8456,1.3742,937.8604,322.0430,-2.6844
1037.7848,312.0573,-1.1813,1034.4334,339.6425,-15.4403,1035.1960,297.8055,-1.3194,1039.8205,274.7217,13.1562,995.6788,325.0633,2.6129,997.2031,337.1048,7.0145,993.1659,313.2108,2.7243,991.2676,301.3034,7.0717,1057.6170,300.2195,-1.8832,1034.3277,304.9887,-3.7008,1011.7629,313.6645,-0.3893,988.6335,320.6134,3.3291,964.2371,321.9520,2.5613,939.6330,322.0939,-1.8198
1039.7164,310.9882,-1.2310,1036.1844,338.4564,-15.0933,1037.1038,296.5797,-0.9112,1041.3298,273.6923,12.7576,997.1136,324.7308,1.7828,997.7912,336.6085,6.9774,994.7750,313.0799,2.0076,994.1440,300.6438,6.7599,1059.7315,300.2122,-0.7813,1035.6844,304.4656,-3.6257,1012.9366,312.3721,-1.3574,990.1082,320.4764,2.7035,966.2391,322.9575,3.0957,941.4867,322.3268,-0.9029
1041.4141,310.2563,-0.8509,1037.8189,337.9775,-14.7689,1038.2761,295.9387,-0.5385,1043.0799,273.2482,12.9296,999.0271,323.7979,0.7850,998.7755,335.9526,6.3835,996.2901,311.9371,0.9686,996.5842,299.7029,6.2858,1061.3951,300.1127,0.4079,1037.3379,303.8129,-3.0760,1014.8058,311.1389,-2.2782,992.0273,319.5628,1.9451,968.5559,323.6681,3.6601,943.4593,322.9400,0.0855
1043.2888,309.6056,-0.0583,1039.9581,337.5583,-13.8276,1040.0717,295.8860,0.0193,1044.6648,272.6249,13.6099,1000.4605,322.6832,-0.3075,999.6499,335.0262,5.3829,997.9542,310.6073,-0.1482,998.7914,298.3465,5.9837,1063.2797,300.1581,1.5709,1039.5244,303.3997,-2.7247,1016.1234,309.5565,-2.8832,993.5359,318.5866,1.1572,970.3443,324.5361,3.5299,945.7364,324.1321,1.0959
1044.7722,309.6796,0.8577,1042.0804,337.3196,-12.1067,1041.9175,295.4991,1.0755,1045.8076,272.6373,14.0126,1001.9628,321.1650,-1.3082,1000.5194,333.6522,5.0143,999.5571,309.4000,-1.1636,1000.9176,296.7064,4.9999,1064.9230,300.5147,2.2605,1041.2611,302.8991,-1.8788,1017.6666,308.3174,-3.4232,995.2029,317.7773,-0.4068,972.2736,324.7467,3.4560,947.5199,325.2291,2.5257
1046.8949,309.5971,2.0708,1044.8730,336.5974,-9.2528,1043.8178,295.6070,1.8566,1046.4195,272.5826,13.2741,1003.6463,319.6187,-2.4408,1001.1423,332.3543,4.3056,1000.9912,307.9363,-2.3578,1003.3775,295.1094,4.4269,1066.9578,300.5426,2.9420,1042.8760,303.0203,-0.8821,1019.5159,307.4147,-3.5403,996.4292,316.1694,-1.1910,974.0480,324.7587,2.6588,949.9209,326.3619,3.4651
1048.9326,310.2073,2.9238,1049.2067,335.4690,-4.5936,1045.8291,296.0389,3.2320,1046.1164,272.3897,11.0664,1004.9877,318.1397,-3.0367,1001.8416,330.9995,3.9669,1002.3175,306.1441,-3.1205,1005.6598,293.4628,4.3093,1068.7807,300.4975,3.5616,1044.8895,303.2271,0.0934,1021.1537,306.6726,-3.3898,997.9939,314.7559,-1.9654,975.8430,324.0233,2.1409,951.8356,327.8683,3.7079
1050.8157,310.3002,4.2159,1054.1178,334.7126,1.6355,1047.7858,296.3607,4.2055,1044.2912,272.7728,6.6202,1006.7164,316.7674,-3.5497,1003.1615,329.4126,3.7827,1003.7926,304.9682,-3.3639,1007.6649,291.8818,3.6093,1070.5601,300.4041,3.8502,1046.6402,303.6156,1.2462,1022.8483,305.9686,-2.9145,999.7927,312.9121,-3.0967,977.2622,322.8645,0.9477,954.1942,328.5255,3.7594
1052.3920,310.6341,4.9035,1060.3327,332.8394,9.3763,1049.4466,296.5035,4.9568,1041.3947,273.3091,0.6699,1008.0499,315.6005,-3.7177,1004.5095,328.6207,3.7319,1005.5753,303.7087,-3.7771,1009.5779,290.8352,3.6239,1072.4221,300.5970,3.4305,1048.7019,304.1988,2.7490,1024.6708,305.8416,-2.1336,1001.4003,311.5013,-3.1953,978.6908,321.3870,-0.2477,955.9581,328.8778,3.2238
1054.4443,310.6835,5.7263,1065.3626,331.8583,15.0859,1051.6901,296.7055,5.6101,1039.9089,273.1194,-3.7319,1009.8219,314.4724,-3.4968,1005.6905,327.8545,3.9926,1007.3832,302.9222,-3.2404,1011.6939,289.6394,3.5656,1074.2626,300.4457,2.7423,1050.7852,303.9793,3.2099,1026.2408,305.7536,-0.8402,1002.4753,310.2927,-3.8928,980.2388,319.8616,-1.4372,957.8785,328.8784,3.0502
1056.4550,311.2533,6.2937,1068.7517,330.7802,17.8562,1053.0327,297.0909,5.8882,1040.2662,273.5072,-6.0045,1011.9886,314.2514,-2.6552,1006.9829,327.4811,4.3015,1009.0410,302.3045,-2.9536,1013.5139,288.8165,4.0904,1075.8835,299.6804,1.9294,1052.5273,304.5969,3.6396,1028.3739,306.3115,0.2429,1004.6002,309.4504,-3.4199,981.7077,318.1681,-2.4032,959.4433,328.2477,2.0764
1058.5852,311.2039,5.9656,1071.2171,330.6888,19.1460,1055.3653,297.3229,5.7699,1041.2557,273.3926,-7.2603,1013.3608,313.7285,-1.8469,1008.8102,326.9956,4.7481,1010.9208,302.1197,-1.7308,1015.5438,288.6207,4.4978,1077.8834,299.4893,0.7315,1054.4427,304.9194,3.7041,1030.1620,306.9436,1.3656,1006.1388,308.9921,-2.7494,983.2609,316.1654,-3.1675,960.9015,327.0458,0.9263
1059.9033,311.2296,5.6982,1073.4975,330.6467,19.5971,1057.2626,297.3092,5.5162,1042.6033,273.3496,-7.9948,1015.0137,314.0946,-0.6199,1010.7321,327.1112,5.3659,1012.8833,302.0538,-1.0701,1017.4354,289.1433,5.1303,1079.4905,298.3953,0.0264,1056.3975,304.7132,3.3452,1032.3915,307.5529,2.4925,1008.1553,308.2633,-1.9959,984.6622,314.7646,-3.3493,962.5386,325.4648,-0.0643
1062.0788,311.0297,4.9075,1075.3184,330.1717,18.7967,1058.8086,296.8444,4.7836,1044.1956,272.7512,-9.4135,1017.1017,314.2603,0.5219,1012.7652,327.7852,5.7865,1014.6860,302.5199,0.3566,1019.0214,289.2838,5.6477,1081.4173,297.7121,-1.5578,1058.2067,304.3193,2.6753,1034.2178,307.8736,2.7467,1010.1703,308.6560,-0.9501,986.3450,313.0344,-3.5277,963.8450,323.4550,-1.5674
1063.6256,310.1671,3.8290,1077.1555,329.4789,18.2086,1060.5504,296.5075,3.7996,1045.8162,272.2970,-10.1898,1019.2469,315.2844,1.4790,1014.9494,328.3560,6.3920,1016.6096,303.3649,1.1051,1020.9322,290.1400,6.1817,1082.7549,296.6840,-2.2694,1059.8659,304.0261,1.8873,1036.1293,308.2685,3.0943,1011.8673,309.5183,0.3918,987.9620,312.0416,-3.2351,965.2907,321.6183,-2.1611
1065.2516,309.7790,2.6474,1078.9378,328.6900,17.0245,1062.1746,295.7419,2.9695,1047.5199,271.3883,-11.5277,1021.3545,315.9696,2.1989,1017.2218,328.9474,6.7581,1018.9252,304.1236,2.3350,1022.7284,291.1374,6.5866,1084.3596,295.5717,-2.9285,1061.4068,303.1416,0.9093,1038.0218,308.6807,3.6268,1014.0347,310.2194,1.3077,989.9920,311.5410,-2.6381,966.6713,319.6543,-3.0988
1066.9001,308.5812,1.5663,1080.6006,327.7172,15.8211,1063.8504,294.1940,1.7281,1049.1013,270.7608,-12.7146,1023.0857,316.7400,3.1781,1019.8008,329.5784,7.0016,1020.6944,305.0832,2.7352,1024.1246,291.8356,6.6060,1086.0866,294.6599,-3.2712,1063.0284,302.4032,-0.1372,1039.7483,308.8195,3.1370,1015.5653,310.8354,2.5772,991.3846,311.3936,-2.0292,968.2001,317.5002,-3.4400
1068.6973,307.5115,0.6112,1081.9970,326.9217,14.8180,1065.3468,293.4328,0.4634,1050.8334,269.4886,-13.7326,1024.8362,317.4478,3.7449,1022.1969,330.0618,6.0085,1022.8777,305.6521,3.4096,1025.6880,292.5782,6.1192,1087.6687,294.1821,-3.6507,1064.7284,301.2880,-1.1777,1041.4897,308.7549,2.5557,1017.9541,311.7018,3.0061,993.5453,311.9208,-0.9110,969.8233,316.1466,-3.5820
1069.9483,306.3670,-0.1933,1083.7462,325.5556,14.0190,1067.1994,292.2020,-0.3444,1052.2705,268.7225,-14.0047,1027.0983,317.4409,3.6627,1024.6398,330.6250,5.4830,1024.5986,305.9830,3.3286,1026.7209,293.1286,5.4784,1089.4762,293.4842,-3.2677,1066.0260,299.8702,-2.4850,1043.3812,307.9918,1.9121,1019.7443,312.2359,3.4038,995.3260,312.4319,0.3926,971.4078,315.0091,-3.3712
1071.8767,305.4929,-0.5960,1085.3824,324.5277,13.1879,1068.7614,291.2187,-0.8907,1054.1308,267.2442,-14.8885,1028.9693,317.7873,3.2190,1027.4355,330.6654,4.1610,1026.3826,306.3318,3.1209,1028.0343,293.3869,4.2630,1091.3932,292.7897,-2.8187,1067.8398,298.9049,-2.9712,1045.4184,307.5738,0.8610,1021.7755,312.7999,3.6349,997.5054,313.4477,1.1192,972.9662,314.4611,-2.7735
1073.4035,304.1775,-1.1923,1086.3696,323.5831,12.4353,1070.4548,290.0174,-1.0966,1056.0109,266.5104,-14.8491,1030.6318,317.5636,2.8497,1029.7270,330.0922,2.9310,1028.3594,305.7343,2.6970,1029.1369,293.7082,3.0266,1092.9374,292.4943,-2.0219,1069.6030,297.9051,-3.5992,1046.6713,306.3349,-0.4401,1023.6385,313.1615,3.6666,999.5121,314.5036,2.1579,974.9237,314.5361,-2.0856
1074.9048,303.2894,-1.1753,1087.9895,323.1576,11.6583,1071.8937,289.2636,-1.2542,1058.4538,265.7447,-13.5766,1032.5295,317.2449,1.8319,1032.1779,329.3455,0.9703,1029.7498,305.1796,1.7915,1030.1146,292.8586,1.2832,1094.6850,292.3675,-0.7835,1071.2599,296.7286,-3.9478,1048.3417,305.1891,-1.3041,1025.5918,312.7776,2.7523,1001.3771,315.3942,3.1077,976.6298,314.7286,-0.6569
1076.8549,302.8727,-0.7259,1088.0018,322.7896,9.6215,1073.6610,288.7616,-0.9679,1061.7041,264.9750,-11.1143,1034.0264,316.1330,1.0669,1034.8514,328.5629,-1.0308,1031.4689,304.5608,0.7317,1030.7811,292.2497,-1.0789,1096.4848,292.5670,0.3237,1072.6436,296.2457,-3.5677,1049.7285,303.5906,-2.3722,1027.1130,312.0776,1.7892,1003.4961,316.1526,3.5195,978.9013,315.4037,0.2275
1078.4455,302.4345,0.1338,1087.2750,323.6662,6.2644,1075.5929,288.3077,-0.1638,1066.1552,264.6230,-6.6395,1035.7551,315.0665,-0.2615,1037.5762,326.9821,-2.8957,1032.9941,303.4478,-0.0595,1031.8792,291.0034,-3.0053,1098.4177,292.7110,1.6125,1074.6095,295.8996,-2.5658,1051.1842,302.2759,-2.7918,1028.7980,311.3916,0.9732,1005.3146,316.9515,3.6977,980.5939,316.7275,1.4057
1080.2020,302.1494,0.6856,1085.1842,325.4829,1.0156,1077.1080,288.4565,1.0696,1072.4537,264.6548,0.8233,1037.5676,313.5447,-1.5403,1039.6726,325.2555,-4.6057,1034.8063,301.8754,-1.3948,1032.1412,290.2721,-5.1072,1100.2444,292.7949,2.0392,1076.3807,295.6441,-1.9276,1053.0093,300.9307,-3.5123,1030.2720,310.1132,-0.3102,1007.4383,317.2193,3.3639,982.9953,317.9102,2.4221
1082.1808,302.1912,2.0662,1083.1843,327.7814,-4.1822,1079.2288,287.8548,2.1983,1078.5572,264.6914,8.4399,1038.7878,311.9932,-2.2264,1042.1776,323.6293,-6.5778,1036.3020,300.2934,-2.6213,1033.0276,288.8860,-6.6791,1102.1718,293.0156,2.9736,1078.3121,295.6213,-0.7416,1054.6767,300.1135,-3.5966,1032.3021,308.5004,-1.3489,1009.1807,316.9135,2.8636,985.0094,319.1832,3.1678
1083.9531,302.7310,2.9777,1082.7082,329.0194,-7.4640,1080.8287,288.3856,3.1204,1083.0461,265.0875,13.5444,1040.3947,310.8426,-3.0477,1044.8683,321.8203,-8.1120,1037.7202,299.0689,-3.1042,1033.5882,287.5655,-8.0212,1104.0487,293.2628,3.5719,1080.0974,295.7089,0.2809,1056.2204,299.1190,-3.4747,1033.2022,306.9708,-2.5281,1010.8920,316.4033,1.7369,987.3210,320.2064,3.9859
1085.9257,302.8672,4.2871,1083.2283,329.8781,-8.5727,1083.1804,288.6456,3.9865,1086.4052,265.6220,16.5619,1041.9103,309.1413,-3.6665,1046.9460,320.6760,-9.3108,1039.4159,297.6656,-3.6985,1033.9744,286.2387,-9.0729,1105.9321,292.8971,3.6536,1081.9407,295.9686,1.2703,1058.1980,298.5358,-2.8181,1034.9209,305.5089,-3.0380,1012.4112,315.4589,0.9182,989.2364,320.8359,3.5652
1087.7288,303.2245,4.9429,1084.3750,330.7192,-8.4642,1084.7690,289.0680,4.9861,1089.1530,265.8104,18.5387,1043.6512,307.9703,-3.5429,1049.3585,319.0110,-9.6928,1041.0461,295.9181,-3.4192,1035.2966,285.3948,-9.7536,1108.1224,292.7223,3.1951,1083.6023,296.3829,2.2373,1059.9266,298.1235,-2.1972,1036.5614,304.0845,-3.3538,1013.9647,314.2376,-0.0896,990.9490,321.2975,3.2091
1089.7723,303.4905,5.6479,1085.9884,331.2482,-7.9999,1086.7096,289.4345,5.8025,1091.3419,266.6788,19.4280,1045.2172,306.9947,-3.2759,1051.8499,317.7784,-9.9476,1042.4836,295.4255,-3.2482,1035.9582,284.3702,-9.8435,1109.4734,292.7329,2.9456,1085.9134,296.6763,2.9750,1061.6852,298.4269,-1.0010,1037.8725,302.7413,-3.6900,1015.3542,312.4061,-1.4343,992.9594,321.1343,2.9194
1091.7752,303.7755,6.0941,1087.9064,331.4728,-8.1952,1088.6849,289.9507,6.0264,1093.3753,266.6334,20.1578,1046.5722,306.2545,-2.7370,1054.0875,317.3418,-9.7340,1044.3685,295.1209,-2.6942,1037.1250,284.3537,-9.6189,1111.3717,292.2683,1.7587,1087.4692,297.0030,3.3109,1063.3889,298.8820,0.2267,1039.5818,301.7429,-3.4020,1016.9555,310.3508,-2.3108,994.5883,320.9831,1.7038
1093.3371,303.9117,6.1036,1089.9895,331.4274,-7.9220,1090.6420,290.0354,5.8998,1095.2482,266.4310,20.0722,1048.4983,306.0263,-1.7005,1056.4180,316.8635,-9.0856,1046.0006,294.8691,-1.9846,1038.1880,283.9638,-8.9539,1113.1516,291.8323,0.7581,1089.3306,296.8487,3.6759,1065.4585,299.1777,1.3266,1041.2454,301.2585,-2.5714,1018.6279,308.9986,-3.0589,995.9774,319.6529,0.7946
1095.1891,303.6647,5.5051,1091.5755,331.4383,-8.6218,1092.0868,289.6565,5.2903,1096.8774,266.4886,19.7656,1050.4413,306.4699,-0.7715,1058.9045,316.9335,-8.1151,1048.1801,294.8167,-0.6919,1039.7225,284.3543,-8.0201,1114.6412,290.7181,-0.1935,1091.5620,297.2859,3.2195,1067.2204,300.1744,2.3774,1043.2950,301.2190,-1.8845,1019.9566,306.9967,-3.2984,997.6034,317.9955,-0.0312
1096.9240,303.3214,4.8228,1093.3634,331.4411,-9.3264,1094.1081,289.3211,4.8438,1098.8014,266.0512,19.2282,1052.4321,306.8448,0.3760,1061.3638,317.1417,-6.8577,1049.8541,295.1430,0.3210,1041.1499,284.9649,-6.6806,1116.3264,290.1946,-1.2477,1093.1392,297.0587,2.9412,1069.3342,300.5821,3.0043,1045.1575,301.2667,-0.9087,1021.6118,305.7144,-3.7526,999.0331,316.0801,-1.4819
1098.5912,303.1411,3.8073,1095.3003,330.9674,-10.2626,1095.7891,288.8509,4.1076,1100.6307,265.4781,18.0445,1054.3136,307.8248,1.0189,1063.5825,317.9106,-5.8793,1051.9462,296.0029,1.1331,1042.6177,285.5952,-5.8458,1117.8312,289.1989,-2.5068,1094.9528,296.8842,1.6390,1071.2012,301.0562,3.6013,1046.9501,301.5897,0.2629,1023.0283,304.9162,-3.1051,1000.2890,314.2450,-2.2652
1100.5489,301.9774,2.9241,1096.4978,329.6772,-11.2685,1097.3314,288.0258,3.0229,1102.0500,264.8037,16.9467,1056.3647,308.1576,2.5849,1065.6639,318.7539,-4.4753,1053.8128,296.5154,2.6596,1044.8799,286.2620,-4.3796,1119.8890,288.2241,-3.1866,1096.7150,295.5870,0.7315,1073.5264,301.3762,3.8392,1049.0949,302.4778,1.2127,1025.1943,304.1602,-2.8907,1002.0895,312.1366,-3.3326
1102.2140,301.2242,1.5069,1098.5230,328.6814,-12.1952,1099.2236,287.1850,1.6900,1103.5525,263.9245,15.5387,1058.3554,309.1211,3.0123,1068.0667,319.3769,-3.6002,1056.0321,297.2206,3.1682,1046.5576,287.2147,-3.3530,1121.4379,287.5165,-3.4200,1098.1159,294.9535,-0.0119,1075.1293,301.2665,3.5132,1050.6569,303.4166,2.2636,1026.5213,303.9996,-1.8372,1003.4049,310.3573,-3.6246
1103.4742,299.6928,0.9641,1100.4228,327.4558,-12.7290,1100.7779,285.8287,0.6252,1105.0543,262.7187,13.6328,1060.3482,310.0713,3.4054,1069.8017,320.2059,-2.4657,1057.9923,298.0021,3.4993,1048.1623,287.8233,-2.1613,1122.7950,286.8853,-3.4833,1099.9010,293.5454,-1.3551,1076.7536,301.0730,2.5882,1052.9245,304.1833,2.8967,1028.3251,304.5651,-0.6737,1004.8341,308.5800,-3.6711
1105.4295,298.8000,-0.2040,1102.6869,326.0612,-12.3481,1102.2540,285.0171,-0.2092,1105.4447,261.9244,11.8405,1062.4667,310.3993,3.5146,1071.6125,320.5019,-1.9562,1059.7934,298.4328,3.7788,1050.5189,288.2216,-2.1349,1124.6340,285.8893,-3.3827,1101.7061,292.6410,-2.1621,1078.8570,300.6638,1.8330,1054.7011,305.0971,3.5687,1030.4105,305.3902,0.1480,1006.7618,307.5201,-3.3876
1106.9413,297.8994,-0.9651,1106.0199,323.9648,-9.9066,1104.0558,283.6173,-0.8310,1105.5511,260.4779,8.3718,1063.9981,310.1079,3.3873,1073.3603,320.7688,-1.7240,1061.4258,298.6507,3.4215,1052.8107,288.4625,-1.6143,1126.3603,285.4146,-2.6275,1103.1185,291.6719,-3.0378,1080.3188,299.8721,0.6768,1056.9661,305.5064,3.5222,1032.5345,305.8511,1.1964,1008.2776,306.9153,-2.7178
1108.4347,296.7754,-1.0316,1110.7925,321.4450,-5.5254,1105.6226,282.5605,-1.0738,1103.3681,259.1112,3.1319,1065.9262,310.2342,2.8295,1074.8429,320.6604,-1.4638,1063.3725,298.5617,2.7436,1054.6190,288.1425,-1.6332,1128.2517,284.7371,-1.9222,1104.6893,290.5278,-3.6133,1082.0804,298.6483,-0.2744,1058.9619,305.4995,3.3871,1034.6493,306.7443,2.3850,1009.9806,306.8925,-2.0082
1109.9907,296.0841,-1.2423,1116.8589,318.8967,0.9508,1107.1097,282.1051,-1.0693,1100.7058,258.4137,-3.4080,1067.7247,309.4851,1.9916,1075.9791,320.1882,-1.4421,1065.3489,297.9452,1.8438,1056.7109,287.5460,-1.4300,1129.8070,284.8617,-1.0360,1106.5091,289.6701,-3.7187,1083.4930,297.4887,-1.4477,1060.6469,305.3340,2.7670,1036.7145,307.9853,3.1429,1011.7761,307.4003,-0.8288
1111.9990,295.1466,-0.9686,1121.6843,316.4520,7.5547,1109.0457,281.3353,-0.4596,1098.3379,257.7167,-8.7980,1069.4470,308.6199,0.6416,1077.1375,319.1927,-1.8717,1066.8752,296.8879,0.8564,1059.0505,286.4504,-1.6739,1131.7006,284.9904,0.2977,1108.1866,288.9433,-3.5072,1085.0469,296.3518,-2.3107,1062.5681,304.5650,1.9409,1038.6835,308.7935,3.4348,1013.9630,308.0357,0.0338
1113.5204,294.7554,0.0784,1125.7599,315.2336,11.0090,1110.4373,280.8384,0.2213,1097.8122,257.0109,-11.4140,1070.9193,307.4716,-0.2778,1078.1455,318.1149,-2.0446,1068.3988,295.7183,-0.2228,1061.2389,285.1134,-2.0134,1133.6895,285.2115,1.1080,1109.8407,288.4357,-2.6527,1086.4236,294.7883,-3.0409,1064.2727,303.5987,0.8897,1040.4953,309.2033,3.5752,1015.9641,309.1735,1.3249
1115.2867,294.5906,0.8772,1128.4334,314.5431,13.9419,1112.3102,281.0513,0.8031,1098.7148,256.9197,-12.3054,1072.6483,306.1840,-1.1608,1079.3530,316.9244,-2.1055,1069.8547,294.1904,-1.3076,1063.2933,283.2735,-2.2612,1135.5582,285.3276,2.4650,1111.4366,287.7729,-1.8611,1088.3206,293.5383,-3.3032,1065.8386,302.8414,-0.2684,1042.8300,309.7323,3.2141,1018.0361,310.4059,2.4224
1117.1347,294.8268,2.1950,1130.9544,313.9702,15.7764,1114.2145,280.7647,1.8924,1100.0896,256.7973,-11.6498,1074.0332,304.6373,-2.1280,1080.0741,315.4213,-2.6364,1071.5370,293.0813,-2.1747,1065.7129,281.8109,-2.4303,1137.8538,285.6607,3.2964,1113.2498,288.0043,-1.0338,1089.9233,292.6427,-3.7038,1066.9995,301.2443,-1.0211,1044.2694,309.5436,2.5000,1020.2747,311.8040,3.1178
1119.4698,294.9712,3.1880,1132.8983,314.3059,17.1213,1116.3273,280.8933,3.1781,1101.6789,257.0715,-11.0469,1075.4700,303.1700,-2.8360,1080.5393,314.1396,-2.3001,1073.1720,291.3562,-2.9274,1068.0043,279.9673,-2.1095,1139.2486,285.7034,3.5410,1115.3377,288.2014,0.2735,1091.5930,291.4266,-3.5533,1068.7389,299.4697,-2.4873,1046.1105,309.0433,1.8356,1022.3158,312.5959,3.1982
1120.9287,295.4627,4.4018,1134.8972,314.5474,18.1729,1118.1873,281.2458,4.1592,1102.9493,257.4892,-10.0410,1076.9505,301.8741,-3.4050,1081.3678,313.0471,-1.5181,1074.3397,289.8925,-3.2181,1070.2867,278.4942,-1.5449,1141.1574,285.6400,3.6467,1117.0812,288.8225,1.2283,1093.1985,291.2018,-2.5847,1070.0422,298.0297,-3.2172,1047.6129,308.0698,1.0586,1024.6148,313.6582,3.6497
1123.2178,295.3754,5.2386,1136.6545,314.9934,19.3251,1119.9348,281.8771,5.1376,1105.3885,257.7979,-9.0938,1078.6722,300.3726,-3.5403,1082.0712,312.1277,-1.0903,1075.9668,288.6759,-3.3344,1072.6711,277.0703,-0.6870,1142.9044,285.6937,3.2860,1118.9796,288.8670,2.3717,1094.9625,290.9900,-1.9977,1071.8916,296.4117,-3.5078,1049.1833,306.4181,-0.4751,1026.4857,314.0249,3.1989
1125.0044,296.0512,5.4019,1138.7661,315.0045,20.0788,1121.7620,282.0302,5.5806,1107.1607,258.2143,-8.5292,1080.3817,299.5284,-3.1661,1082.7666,311.2545,0.0854,1077.8126,288.0616,-3.3090,1075.4605,275.8402,-0.1152,1144.6252,285.4389,2.6235,1120.9209,288.6997,3.1156,1096.8484,290.4350,-0.9061,1072.7135,295.3587,-3.5047,1050.7438,304.9873,-1.4593,1028.3264,313.8224,2.5250
1126.8069,296.7020,5.8833,1140.7509,315.5902,19.8656,1123.8340,282.3724,6.0055,1109.3421,258.5633,-7.8601,1082.1487,298.8618,-2.7641,1083.6935,310.9490,1.5424,1079.5574,287.6028,-2.8345,1077.9301,275.0674,1.5766,1146.3539,284.7431,1.9231,1122.8998,289.4536,3.2318,1098.7726,291.3755,0.4349,1074.7988,294.3367,-3.4992,1052.0428,303.1196,-2.2975,1029.9435,313.1265,1.9051
1128.5646,296.2709,6.0750,1142.5447,315.6922,20.4676,1125.9315,282.6931,5.7718,1111.0614,258.3945,-8.0964,1083.7130,299.0042,-1.7389,1084.5230,310.7459,3.2834,1081.5236,286.9473,-1.5483,1080.5057,275.0365,3.0668,1147.9595,284.0363,0.8833,1124.6763,289.8020,3.6220,1100.4589,291.7381,1.1438,1076.5312,293.6363,-2.7770,1053.7318,301.3623,-2.7547,1031.6198,311.9286,0.7993
1130.1667,296.0074,5.5006,1144.3911,315.6455,19.6908,1127.5821,282.2226,5.3711,1112.8635,258.2842,-8.2353,1085.8871,299.1902,-0.8912,1085.4812,311.4318,4.8324,1083.1077,287.3140,-0.9735,1083.1207,274.7369,4.3181,1149.7057,283.6673,-0.2167,1126.7697,289.6303,3.1229,1102.6994,292.2189,2.2352,1078.3374,293.8307,-2.1696,1055.1099,299.5764,-3.5255,1033.0305,310.5249,-0.0593
1132.0813,295.7196,5.0517,1145.6443,315.2198,18.6475,1129.2113,281.8501,4.8153,1114.8529,257.9403,-8.8082,1087.6604,299.1554,0.3954,1086.5678,312.1183,6.4468,1085.1337,287.5998,0.1822,1086.0974,275.2185,6.4305,1151.3878,282.3875,-1.4848,1128.2209,289.5362,2.8544,1104.3626,292.9807,3.0283,1079.9611,293.9218,-0.8094,1056.7796,298.2343,-3.8645,1034.3687,308.7573,-1.4112
1133.7834,295.4693,3.9665,1146.7091,315.0427,16.9256,1130.8762,281.0122,3.8730,1116.9575,257.4133,-8.9735,1089.5508,300.0651,1.5322,1088.1882,312.5574,7.7870,1087.1423,288.2765,1.4029,1088.2486,275.6920,8.0642,1153.1712,281.6893,-2.4671,1130.3078,289.0420,1.7728,1106.6732,293.3237,3.7954,1082.4208,294.1849,0.1879,1058.2620,297.2252,-3.5796,1035.9396,306.6684,-2.2945
1135.6731,294.5343,2.8974,1147.7830,314.8234,14.0290,1132.4869,280.6523,2.8711,1119.9427,256.6974,-8.5515,1091.5551,300.8583,2.2533,1089.6759,313.6331,8.9927,1089.0506,289.1791,2.3897,1091.3547,276.2641,9.2486,1154.7330,280.7457,-3.0271,1131.8586,288.1457,0.9658,1108.3426,293.7822,3.5148,1084.4165,295.2053,1.2836,1059.9203,296.5118,-2.6506,1037.0607,304.4238,-3.2608
1137.0338,293.6478,1.6762,1147.2016,314.6516,9.5658,1134.4229,279.3069,1.8018,1123.8003,255.9373,-6.2890,1093.6009,301.4488,3.1024,1090.5395,314.6613,10.1925,1091.3315,289.6373,3.2136,1094.1686,277.0863,10.1668,1156.0986,280.1039,-3.5742,1133.5194,287.3728,-0.3169,1110.2136,293.7946,3.6328,1086.3067,296.1033,2.2524,1061.9854,296.5574,-1.8983,1038.6698,303.0034,-3.4342
1138.7181,292.4364,0.5760,1145.0693,315.0483,2.9989,1135.8549,278.3689,0.6589,1129.3174,255.0202,-1.6704,1095.4979,302.1242,3.7002,1092.0426,315.5618,11.0992,1092.9731,290.4950,3.6517,1096.3236,277.4112,10.9157,1158.0974,278.9890,-3.7859,1135.3137,286.2210,-1.3277,1111.9364,293.9120,2.8010,1088.2479,296.6158,3.1275,1064.0872,296.7835,-0.7967,1040.0923,301.3526,-3.6584
1140.2509,291.5549,-0.3239,1142.6921,316.0166,-4.5639,1137.2531,277.1405,-0.3405,1135.6045,253.9006,3.9988,1097.6360,302.7290,3.3231,1093.7818,315.8276,10.7000,1094.8306,291.1250,3.4562,1099.0151,277.7841,10.6206,1159.8154,278.6193,-3.3318,1136.3645,285.1500,-2.4443,1113.8949,292.9191,1.7352,1090.4544,297.3718,3.9380,1065.5851,297.5763,0.1153,1041.7206,300.0893,-3.2734
1142.2366,290.0986,-0.9621,1141.5333,316.9068,-10.0984,1139.2090,276.1664,-1.0415,1140.4206,252.6909,8.5025,1099.6011,302.5699,3.3738,1095.1713,315.9750,10.3124,1096.8992,290.9712,2.9749,1101.1336,278.1332,10.4781,1161.6870,278.1227,-2.9269,1138.5802,283.8772,-3.1148,1115.6104,292.2949,0.8524,1091.9528,297.8339,3.4802,1067.7593,298.3395,1.2255,1043.6403,299.4284,-2.4667
1143.7882,289.4026,-1.3172,1141.4054,316.5489,-13.0153,1140.6857,275.0858,-1.1594,1144.1217,252.0010,11.0433,1100.7931,302.7837,2.9232,1096.8377,315.9218,9.5772,1098.7350,290.8526,2.5079,1103.0779,278.0913,9.3326,1163.1360,277.4427,-2.0203,1139.9916,282.8386,-3.6165,1117.1776,291.0864,-0.4907,1093.9722,297.9806,3.3438,1069.7799,299.0293,2.1728,1045.1114,299.5726,-1.8108
1145.5485,288.5277,-0.8694,1142.1201,315.9208,-14.1942,1142.2071,274.4460,-1.0381,1146.3805,251.4396,12.2646,1102.8661,302.2797,1.9866,1098.5293,315.2770,8.4905,1100.7299,290.3622,1.8493,1104.9442,277.0513,8.1078,1164.9622,277.5779,-1.1095,1141.6913,282.2561,-3.7043,1118.7622,290.2433,-1.2106,1095.9890,297.7287,2.7124,1071.6675,300.4906,3.2362,1047.0996,299.6587,-0.8132
1147.0148,287.7509,-0.7161,1143.7701,315.3752,-14.6038,1144.1071,273.4888,-0.7798,1148.7200,250.4736,12.9591,1104.7590,301.1828,0.9205,1100.3509,314.5388,7.0566,1101.8540,289.5268,0.7345,1106.4404,276.3479,7.0658,1167.0857,277.9380,0.2772,1143.2668,281.4655,-3.1218,1120.4266,288.6035,-2.4318,1097.4984,297.1998,2.1474,1073.7468,301.2454,3.3578,1049.2427,300.5203,0.2177
1149.0120,287.2464,-0.1826,1144.9163,315.2124,-14.3069,1145.8558,273.1695,-0.1584,1150.6733,250.1756,14.0326,1106.1217,299.9055,-0.2198,1101.9359,313.3756,5.3536,1103.4340,288.4564,0.0354,1108.3161,275.2084,5.4638,1169.0048,277.7167,1.2982,1144.9128,280.6247,-2.7454,1122.0332,287.3018,-3.0728,1099.1531,296.3550,0.6080,1075.6855,301.9165,3.9599,1051.3684,301.3284,1.4321
1150.7450,287.4269,0.8494,1146.7913,315.1117,-12.9919,1147.4990,273.1573,0.9855,1152.2593,249.7618,15.2583,1107.8792,298.4778,-1.1907,1103.4353,311.7541,3.5407,1105.1713,287.1885,-1.5146,1109.2972,273.5147,3.6226,1170.3647,277.9703,2.4418,1146.8815,280.4802,-1.9380,1123.3610,286.1024,-3.6199,1101.1358,295.1797,-0.2441,1077.6166,302.3442,3.2415,1053.2495,302.8570,2.3274
1152.5495,287.2629,1.9858,1148.7699,314.9622,-12.2050,1149.7970,273.2314,2.0780,1154.3908,249.9610,16.0847,1109.1910,297.0798,-2.3988,1105.3256,310.0617,1.7615,1106.5163,285.5366,-2.3013,1110.6010,272.4492,2.0302,1172.5765,278.1748,3.0402,1148.6256,280.5596,-0.8527,1125.1094,284.9547,-3.4377,1102.5341,293.7753,-1.2232,1079.7360,301.8042,2.7946,1055.4742,304.3217,3.1970
1154.4075,287.8619,3.0851,1150.5798,315.4584,-11.1136,1151.4053,273.6215,3.2104,1156.1615,250.5527,17.5440,1111.0094,295.8808,-2.7617,1107.4304,308.5575,0.4127,1108.1610,283.9404,-3.0798,1111.8825,271.0175,0.4336,1174.2988,278.2438,3.7293,1150.3291,281.1109,0.3618,1126.6638,284.2524,-3.0996,1103.9868,292.1576,-2.4749,1081.4027,301.3100,1.8964,1057.4207,305.1100,3.4471
1156.3907,287.9280,4.1165,1152.7171,315.6184,-9.8001,1153.2817,273.7639,4.2534,1158.0155,250.7087,18.4182,1112.5316,294.5030,-3.6079,1109.2658,307.0442,-0.8825,1109.7065,282.4910,-3.3561,1112.6028,269.6348,-0.8910,1176.2078,278.4721,3.6368,1152.2077,280.9989,1.3920,1128.4831,283.6981,-2.7761,1105.0386,290.7166,-2.9656,1083.0074,300.4317,0.7414,1059.8112,305.9782,3.5543
1158.1401,288.2230,5.0828,1154.4447,315.9796,-8.9068,1155.3320,274.0654,4.7224,1159.8076,250.9146,19.1835,1113.7334,292.6698,-3.8855,1111.2611,306.0841,-1.7778,1111.2525,281.6539,-3.6385,1113.6207,268.5964,-1.4027,1178.1899,278.1545,3.2071,1154.3570,281.2268,2.3157,1130.3719,283.5400,-1.8985,1106.9013,289.1706,-3.4879,1084.5450,299.3230,-0.1828,1061.5724,306.4131,3.1824
1160.1223,288.6437,5.7790,1156.5869,316.3067,-8.1839,1157.1747,274.5787,5.5345,1162.0443,251.3455,19.2521,1115.2880,292.2233,-3.2859,1113.7494,304.6408,-2.4243,1112.8366,280.3643,-3.0054,1114.6774,267.7241,-2.4437,1180.0008,277.6900,2.7190,1156.2647,281.6596,2.9862,1131.9396,283.5577,-0.8162,1108.3906,287.7213,-3.4438,1086.1842,297.3362,-1.1440,1063.0138,306.1920,2.9439
1162.2727,288.8788,5.8819,1158.8066,316.2095,-7.5524,1159.0767,274.8995,5.8134,1163.3594,251.5760,19.2924,1117.6087,291.7377,-2.4966,1116.3980,303.5861,-2.7147,1114.5777,280.3194,-2.8076,1115.7324,267.4252,-2.8497,1181.5618,277.3373,1.8503,1158.3003,281.8697,3.5426,1134.1452,283.9360,0.3907,1110.0175,286.8858,-3.2400,1087.1786,295.6772,-2.2508,1065.2936,305.3482,1.8634
1164.0238,288.5684,5.8752,1161.6590,316.2647,-6.5927,1160.9338,274.8378,5.8037,1164.6230,251.9219,18.4775,1119.0368,291.2811,-1.8829,1118.8382,303.5104,-2.7567,1116.6436,279.5989,-1.9238,1116.4183,267.5448,-2.5706,1183.4167,276.4590,0.8253,1160.1862,282.2023,3.7891,1135.8666,284.2129,1.3241,1111.5968,286.4249,-2.6964,1088.8354,293.9756,-3.1917,1066.8744,304.6349,0.8371
1165.9328,288.6324,5.3748,1163.9248,315.3855,-4.8800,1162.7092,274.7237,5.6822,1164.8798,251.4776,15.9070,1120.9797,291.4562,-0.7724,1121.6365,303.7063,-2.6474,1118.4057,280.0427,-0.9203,1117.7577,267.5770,-2.5098,1185.2235,275.5429,-0.2302,1161.6869,282.4987,3.2769,1137.9973,284.6602,2.2583,1113.5231,286.2710,-1.9513,1090.6344,292.1935,-3.4526,1068.3559,302.8997,-0.2793
1167.4067,288.4023,4.9549,1168.3119,313.8982,-1.3707,1164.7786,274.3516,5.1265,1164.0852,251.0939,10.9232,1122.8563,292.1713,0.2202,1124.4007,303.6386,-2.5825,1120.2573,280.0699,0.5899,1118.7428,268.3493,-2.4268,1186.9403,275.2044,-1.5649,1163.6161,282.0507,2.6653,1139.7378,285.6644,3.0878,1115.5623,286.2725,-0.7344,1091.8897,290.6472,-3.3391,1069.6377,300.8945,-1.1300
1169.2083,287.8292,3.7237,1174.2010,311.0953,3.7545,1166.3398,273.9240,4.1708,1161.0820,250.0065,3.8974,1124.6104,292.6839,1.6649,1127.3524,304.4411,-2.2820,1122.3361,280.7987,1.4548,1119.7190,269.4844,-2.0122,1188.3042,274.1444,-2.1257,1165.4263,281.4918,2.0075,1141.9732,286.0468,3.5333,1117.7023,286.8005,0.1360,1093.4614,289.7394,-3.4666,1070.8231,298.8484,-2.4132
1170.9737,286.8533,3.0641,1179.5286,308.5055,9.3123,1167.7058,272.9472,2.8830,1158.3156,249.4357,-3.3855,1126.6712,293.3602,2.3483,1130.2794,304.8066,-1.7964,1124.3021,281.4161,2.4234,1121.0201,270.1433,-1.8719,1189.8524,273.5003,-3.3503,1167.0697,281.0789,0.5050,1143.7013,286.4533,3.6860,1119.4317,287.5434,1.2322,1095.2202,289.1545,-3.1006,1072.7433,297.1036,-2.9097
1172.4848,285.9779,2.0312,1183.8626,306.6329,12.1156,1169.5587,271.8245,1.7014,1157.3590,248.2103,-8.5126,1129.0917,294.3832,2.9559,1133.0625,305.6655,-1.9583,1126.3212,282.2600,2.9815,1122.3075,270.9612,-2.0830,1191.8310,272.0999,-3.3971,1168.6186,279.8212,-0.0916,1145.5835,286.6779,3.2537,1121.7569,288.5080,2.4522,1096.8318,288.8811,-1.8347,1073.9587,295.3314,-3.6463
1174.1635,284.9756,0.5322,1186.5746,304.6480,13.3500,1170.7872,270.5207,0.5558,1157.5476,247.1808,-12.2340,1130.4697,294.6688,3.4017,1135.8614,306.0360,-2.1714,1128.2925,283.0389,3.4240,1123.1185,271.8994,-2.0265,1193.2831,271.8111,-3.6491,1170.3772,278.8778,-1.5038,1147.1053,286.1486,2.6192,1123.6157,289.2308,3.0241,1098.8256,289.4930,-1.0059,1075.3196,293.8926,-3.4123
1175.9655,284.1439,-0.3449,1189.0781,303.5154,13.1899,1172.4023,270.0467,-0.1287,1158.4901,245.9484,-13.6490,1132.4924,295.0893,3.6331,1138.8114,306.3777,-2.8032,1130.2371,283.4957,3.5855,1124.1405,272.5945,-2.3786,1194.9941,271.0755,-3.4469,1172.1228,277.7565,-2.4264,1149.0407,285.5096,1.9998,1125.2659,289.9354,3.5861,1100.8528,290.0397,-0.0241,1076.9080,292.6232,-3.4074
1177.4037,282.8992,-0.8637,1191.1839,301.8670,13.1384,1174.3754,268.8290,-0.7835,1159.7368,244.7630,-14.5440,1134.8522,295.4034,3.4561,1141.3503,306.3412,-3.0947,1132.1637,283.8502,3.0670,1125.6445,272.9129,-3.3556,1196.8405,270.5805,-2.8697,1173.5878,276.5570,-2.8841,1150.7088,284.8231,0.9633,1127.3637,290.6962,3.4963,1103.0348,291.1530,1.2444,1078.4710,292.0078,-2.7277
1179.1458,282.0353,-1.3199,1192.3730,300.8673,12.6516,1175.9046,268.0345,-1.2432,1161.2618,243.7835,-15.2834,1136.2425,295.4357,2.5033,1143.6600,306.0578,-4.0931,1134.0883,283.7487,2.7898,1126.7483,272.7167,-3.8680,1198.5971,270.3214,-1.8266,1175.1896,275.3348,-3.6580,1152.5182,283.7008,-0.4927,1129.2363,290.4520,3.3544,1104.9431,291.7347,2.2560,1080.5987,291.7191,-1.8047
1180.5904,280.8750,-0.9231,1194.5802,300.3435,13.0454,1177.7218,266.7747,-0.8106,1163.1218,243.0912,-15.2717,1138.2785,294.8298,1.5675,1146.1828,305.2778,-5.1807,1135.4784,283.0558,2.1793,1127.9235,272.5017,-4.9909,1200.2731,270.3949,-0.9708,1176.8731,274.6235,-3.6861,1153.7035,282.6404,-1.3490,1131.1559,290.4439,2.7175,1106.9322,293.0666,2.9312,1082.3710,292.3699,-0.8380
1182.3596,280.3743,-0.6652,1196.1887,299.4089,13.4096,1179.2425,266.3403,-0.7996,1164.5584,242.4486,-14.9739,1139.8149,293.6986,1.0946,1148.2793,304.2180,-6.3377,1137.2936,282.4297,0.8645,1128.9495,271.4920,-6.2641,1202.1895,270.2206,0.2042,1178.4413,273.8828,-3.4726,1155.6002,281.4557,-2.1928,1132.5987,289.8395,2.1103,1109.1794,293.8067,3.4084,1084.2565,292.8636,-0.0797
1184.1564,279.7495,-0.1838,1197.9119,299.2416,14.0691,1180.8573,265.7843,-0.0187,1166.4848,241.9202,-14.3715,1141.2560,292.8466,-0.0932,1150.2622,302.9112,-7.3136,1138.7244,280.5402,-0.4233,1130.0544,270.5094,-7.4814,1204.3420,270.0485,1.4635,1179.9884,273.4019,-3.0450,1156.9851,279.7991,-3.0478,1134.7040,288.9825,0.7945,1111.1662,294.1555,3.5635,1086.3919,293.9954,1.5670
1185.7908,279.5800,0.6032,1199.7658,298.7502,15.0423,1183.0210,265.7836,0.8230,1168.2954,241.6057,-12.9261,1142.7320,291.1993,-1.5774,1152.3079,301.4229,-8.4158,1140.5509,279.1547,-1.1183,1131.2523,268.9902,-8.3238,1206.1537,270.3485,2.3055,1181.9727,273.2886,-1.9939,1158.2986,278.7047,-3.6772,1136.1291,287.4647,-0.0444,1112.9885,294.6575,3.3449,1088.4805,295.3650,2.3900
1187.6712,279.7990,2.0885,1201.4511,299.0847,15.7811,1184.5386,265.6854,1.7387,1170.3528,242.0394,-11.8823,1144.4093,289.5890,-2.3310,1153.8138,299.9110,-9.2891,1141.7631,277.8279,-2.4218,1132.5058,267.4132,-9.3013,1207.8639,270.5997,3.2575,1183.9244,273.2274,-0.5967,1160.0893,277.4775,-3.5257,1137.8679,286.2928,-1.2824,1114.7105,294.3980,2.7912,1090.7515,296.7986,3.1696
1189.7606,279.8590,2.9659,1203.0278,299.1929,16.8923,1186.3725,265.9718,3.1962,1172.1073,242.2181,-10.7740,1146.0080,287.9452,-2.8269,1155.1724,298.0698,-9.6448,1143.5531,276.4992,-2.7656,1133.9273,266.3047,-9.6261,1209.6126,270.8310,3.6740,1185.7196,273.3731,0.2233,1161.6347,276.7491,-3.3356,1138.9896,284.7835,-2.1707,1116.5847,294.0305,1.7957,1092.7640,297.4044,3.4734
1191.6927,280.5036,4.4232,1204.7684,300.0376,17.2867,1188.4839,266.1757,3.9884,1174.4434,242.3263,-9.0520,1147.6346,286.7077,-3.7402,1157.1098,297.2831,-9.4074,1145.0186,275.0794,-3.3496,1135.2526,264.6182,-9.5539,1211.5603,270.8376,3.8503,1187.9217,273.5217,1.1297,1163.5448,276.1551,-2.7097,1140.4435,283.0782,-2.8820,1118.1107,292.9199,1.0626,1094.5499,298.4173,3.8176
1193.3638,280.8353,4.8941,1205.8400,300.3755,17.0576,1190.3126,266.6977,5.1124,1177.4629,242.8158,-6.9313,1148.8397,285.6469,-3.5105,1158.5488,295.8657,-9.0925,1146.6851,273.8659,-3.6870,1137.1402,263.5539,-9.0921,1213.3443,270.2422,3.3099,1189.6465,273.8693,2.4029,1165.4188,275.9169,-2.3600,1142.1822,281.4371,-3.3873,1119.5521,291.5741,-0.3367,1096.9406,298.7835,3.3925
1195.3553,281.0426,5.7283,1205.9891,301.5889,15.1046,1192.3782,266.9575,5.6621,1181.1674,243.2270,-3.7200,1150.6707,284.4480,-3.1171,1160.1035,295.0490,-8.4152,1148.0796,272.7641,-3.2233,1139.2571,262.8331,-8.4788,1214.7958,270.2919,2.8708,1191.4311,274.5578,3.1213,1167.5201,276.0614,-0.9195,1143.7697,280.4028,-3.7367,1121.3956,290.0057,-1.5539,1098.6375,298.5391,2.5233
1197.4648,281.3430,5.8973,1204.8176,303.7624,10.3347,1194.3350,267.0912,6.1866,1186.2150,243.7135,1.5158,1152.4016,283.9752,-2.8713,1161.3151,294.2834,-6.9783,1149.9543,272.3988,-2.8124,1141.1720,262.0431,-7.2712,1217.1220,269.7320,1.9041,1193.6688,274.7527,3.5768,1169.2364,276.0194,0.4180,1145.5096,279.6721,-3.3648,1122.3646,288.2353,-2.4899,1100.4164,298.3979,1.8210
1199.0261,281.4172,5.7490,1202.7424,305.9542,3.7157,1196.1857,267.0649,6.0033,1192.8601,244.2042,8.1945,1154.4376,283.6863,-2.1058,1162.4591,294.4389,-5.4560,1151.9051,272.1209,-1.9722,1143.1541,261.6431,-5.3253,1218.8072,268.9868,0.8181,1195.1413,274.5115,3.4255,1171.1371,276.5516,0.9190,1146.9931,278.9237,-2.7455,1123.9366,286.0574,-2.8178,1101.8817,296.8994,1.0808
1200.9077,281.2314,5.7531,1201.0084,306.9797,-2.4889,1197.9765,267.1713,5.5652,1198.3762,244.0452,13.5412,1156.2118,284.2544,-0.6293,1164.2364,294.6930,-3.3027,1153.8680,272.5785,-0.8066,1145.7157,261.8594,-3.5224,1220.2466,268.6233,-0.4412,1197.3035,274.6471,3.3342,1172.9286,277.4010,2.2738,1148.6382,278.5316,-1.8630,1125.7228,284.6894,-3.7289,1103.3395,295.2419,-0.2450
1202.8092,280.9229,4.8966,1200.7630,307.8997,-6.3451,1199.7998,266.9604,4.9670,1202.4688,243.7226,16.2703,1157.9032,284.6582,0.1901,1165.3724,295.2325,-1.5967,1155.7283,272.6359,0.2427,1148.2894,262.0575,-1.5883,1221.7673,267.7669,-1.1046,1198.7682,274.3860,2.6041,1175.0571,278.0403,3.3024,1150.4301,278.8510,-1.1056,1127.1521,283.3897,-3.7715,1104.7958,293.4930,-1.2459
1204.5885,280.4029,3.8701,1201.1672,307.9474,-9.0152,1201.5887,266.2664,3.9367,1205.3693,243.3420,16.8472,1159.6696,285.3110,1.5489,1166.6394,295.9799,0.4604,1157.5785,273.7482,1.4796,1150.8468,262.2210,0.0461,1223.8202,266.4514,-2.3241,1200.6696,274.0181,1.8595,1176.8807,278.5789,3.7949,1152.2205,279.3985,0.3919,1128.8168,282.1850,-3.4480,1106.3165,291.6357,-1.8664
1206.2245,279.6341,2.5275,1202.7399,307.1981,-11.0454,1203.3421,265.6579,2.6713,1207.4589,242.4061,16.3458,1162.0329,285.7435,2.1412,1167.4735,296.6607,2.2346,1159.7463,274.0808,2.4413,1153.8524,263.0193,2.3177,1225.1497,265.9304,-3.2010,1202.3630,273.5016,0.9626,1178.7934,278.7883,3.5381,1154.7106,279.8876,1.1307,1130.3568,281.8723,-2.7999,1107.6474,289.6049,-2.9510
1207.8591,278.6109,1.6070,1203.9633,306.2745,-12.1044,1204.8388,264.2827,1.8011,1209.1261,241.6867,15.7110,1164.1149,286.5566,3.1286,1169.3307,297.7570,3.9325,1161.6777,274.7981,3.1565,1156.2816,263.4853,3.7851,1226.8916,265.2448,-3.3056,1204.3238,272.5455,-0.2011,1180.6236,279.2235,3.1831,1157.0461,280.9953,2.3364,1132.4523,281.6771,-1.7524,1109.0936,287.7759,-3.1831
1209.0570,277.7088,0.6268,1205.7644,304.9478,-13.6306,1206.5502,263.4303,0.5792,1211.0157,240.4968,14.7446,1166.0848,287.0949,3.5151,1170.3589,298.7247,5.1890,1163.8060,275.7059,3.2438,1159.3714,264.0663,5.1912,1228.5999,264.0562,-3.4378,1205.6256,271.4627,-1.4926,1182.8309,278.5870,2.7355,1158.5653,281.9559,3.3378,1134.1193,281.7725,-0.7941,1110.4148,286.1177,-3.5876
1210.7966,276.5435,-0.3720,1207.2274,304.2668,-14.5357,1207.6006,262.2696,-0.3979,1212.8283,239.0546,13.8703,1167.9542,287.7067,3.5563,1171.3791,299.1832,6.2404,1165.7989,276.0735,3.5274,1161.9314,264.5532,6.2638,1230.1815,263.3069,-3.3530,1207.0277,270.1284,-2.2799,1184.5000,278.0432,2.0317,1160.6579,282.3169,3.3990,1136.0282,282.4685,-0.1908,1112.2212,285.0185,-3.1254
1212.4659,275.3292,-0.9958,1208.8164,303.3003,-15.0153,1209.5605,261.4035,-0.6741,1214.2804,238.0756,13.3645,1169.9503,287.8263,3.2460,1172.3107,299.6934,6.4985,1167.1899,276.2329,3.3362,1164.6629,264.2635,6.4282,1232.0482,263.0894,-3.0839,1208.5335,269.1730,-3.2302,1185.9263,277.3160,0.6845,1162.7918,283.2136,3.5927,1138.3918,283.3303,1.4468,1113.8832,284.2023,-2.6411
1214.2426,274.0647,-1.1416,1210.5156,302.1452,-15.3941,1211.2113,260.3356,-1.1218,1216.0412,237.0937,12.9683,1171.6572,287.4836,2.7205,1173.3208,299.3602,6.9595,1169.1259,275.9873,2.8571,1167.4917,263.8927,6.9206,1233.7921,262.6062,-1.8765,1210.2392,268.0879,-3.5765,1187.3625,276.1836,-0.0410,1164.6330,282.9091,3.2881,1140.2103,284.1150,2.1747,1115.5915,284.2965,-2.0945
1216.0276,273.5617,-1.3155,1212.1692,301.3796,-15.0666,1212.6850,259.4045,-1.5165,1217.3751,236.5440,12.7958,1173.3740,287.2586,1.9518,1174.2763,299.3754,6.9817,1171.0071,275.3588,2.1271,1170.1394,263.1803,6.8435,1235.8666,262.6190,-1.1228,1211.9532,267.0189,-3.4228,1189.1098,274.8829,-1.3611,1166.3132,283.0606,2.9484,1142.2140,285.4868,3.1184,1117.5794,284.8029,-0.7973
1217.6558,273.0080,-0.5852,1213.8514,300.5691,-14.8266,1214.4172,258.6689,-0.8675,1218.9376,235.4320,13.4954,1175.1333,286.2515,0.8599,1174.9743,298.4469,6.4605,1172.5147,274.8007,0.8630,1172.5814,262.1808,6.7198,1237.2766,262.8332,0.1906,1213.6050,266.2900,-3.1455,1190.6288,273.5357,-2.1990,1168.2657,282.3389,2.0631,1144.7542,286.3454,3.6253,1119.8123,285.3616,0.2553
1219.3195,272.2404,-0.1520,1215.8534,300.0399,-13.7693,1216.2027,258.4212,-0.0212,1220.5186,235.3195,13.6290,1176.6201,285.0991,-0.2637,1175.8623,297.6415,5.6593,1174.0881,273.2214,-0.4087,1174.8215,260.8958,6.0145,1239.1785,262.8801,1.3651,1215.7307,265.8814,-2.9636,1192.2738,272.1084,-3.0048,1169.8352,281.3884,0.6832,1146.3905,286.8044,3.6499,1121.9326,286.4726,1.4725
1220.9032,272.3130,1.0999,1218.2519,299.7278,-12.1169,1217.9849,258.4157,1.2162,1222.2260,235.0169,13.7576,1177.9829,283.6485,-1.2377,1176.5879,296.0675,5.0675,1175.6920,271.9216,-1.2159,1177.2665,259.3132,5.0383,1241.4513,263.0032,2.1312,1216.9991,265.5114,-1.9830,1193.6713,271.0102,-3.5100,1171.1025,280.3405,-0.1238,1148.5628,287.3095,3.3235,1124.1410,287.7065,2.4455
1222.9092,272.5219,2.1472,1221.1752,299.3869,-9.1835,1220.0379,258.0420,1.9889,1222.7356,235.2240,13.2854,1179.9484,282.0092,-2.1730,1177.6042,294.9646,4.2858,1177.2821,270.4724,-2.1834,1179.6646,257.4791,4.6379,1243.0880,263.1692,3.1996,1219.1005,265.1549,-0.7515,1195.5156,269.8069,-3.7296,1172.8587,278.6774,-1.5814,1149.8337,287.1239,2.9407,1126.0007,289.0234,3.2089
1224.9250,272.6829,3.1622,1224.7865,298.4975,-4.8400,1221.7412,258.6371,2.9911,1222.0306,235.1444,10.9150,1181.1396,280.7986,-2.8703,1178.1618,293.4360,3.9685,1178.5109,269.0784,-3.0992,1181.8097,256.0744,4.1089,1244.8888,263.2594,3.5026,1221.0095,265.9621,0.2346,1196.9667,269.1592,-3.1910,1174.3982,277.1750,-2.3907,1151.5809,286.4699,1.8209,1128.0538,290.2185,3.4796
1226.6322,273.0700,4.6292,1230.4404,297.0124,1.7020,1224.0653,258.9493,3.9402,1220.2643,235.0432,6.4618,1182.7064,279.3776,-3.6105,1179.2647,292.1539,3.7479,1180.0390,267.4441,-3.4041,1183.7729,254.4546,3.5640,1246.8530,263.2477,3.8026,1222.7289,266.1447,1.2061,1198.8102,268.4916,-2.7122,1175.5244,275.7963,-3.0212,1153.2009,285.3855,0.6554,1130.0912,291.0126,3.5062
1228.4989,273.1792,5.1204,1236.6304,295.2991,9.5123,1225.2282,259.1889,4.7661,1217.7141,235.7854,0.5799,1184.2442,277.9310,-3.4586,1179.9749,291.0082,3.2747,1181.8964,266.3521,-3.4162,1185.6970,253.1086,3.6181,1248.5531,262.9471,3.2939,1225.0356,266.5591,2.2794,1200.9242,268.3934,-2.0119,1177.2167,274.0992,-3.6641,1154.8637,283.9007,-0.3666,1131.7939,291.4650,3.4022
1230.4054,273.6002,5.6459,1241.3933,294.3035,15.1062,1227.7560,259.2154,6.0779,1215.9411,235.7321,-3.6027,1185.6580,277.2739,-3.4982,1181.8838,290.3103,3.6081,1183.4553,265.7723,-3.1599,1187.6514,252.4148,3.9359,1250.3491,262.5347,2.5987,1226.6990,267.1376,2.7319,1202.1818,268.5435,-1.0424,1178.9712,273.0476,-3.7714,1156.4453,282.3999,-1.5458,1133.9703,291.1558,2.8938
1232.5005,273.7499,5.7208,1244.8392,293.7506,18.0128,1229.3825,259.7843,6.0285,1216.3921,236.1303,-6.2341,1187.9998,276.6097,-3.0565,1183.2009,290.0079,4.4107,1185.2924,264.8827,-2.7195,1189.5833,251.4461,3.9338,1252.0605,262.3277,1.7956,1228.7329,267.4423,3.3430,1204.4415,269.0070,0.0997,1180.2853,272.0577,-3.4211,1157.7488,280.7806,-2.2802,1135.5267,290.8714,2.0422
1234.4194,274.0035,6.0008,1247.6091,293.8328,19.0188,1231.5234,259.6982,5.8414,1217.3580,236.1492,-7.4125,1189.2511,276.3485,-1.9136,1184.9809,289.4406,4.4416,1186.7626,264.5584,-1.7736,1191.4104,251.3425,4.5607,1253.9935,261.8057,0.7834,1230.6404,267.2672,3.5680,1206.5962,269.3414,1.2809,1182.1185,271.3792,-2.7131,1159.4565,278.6296,-2.9732,1137.3548,289.5114,0.8202
1235.7364,273.8530,5.5111,1249.8103,292.7958,19.1815,1233.0638,259.8867,5.5313,1218.5307,235.9225,-8.0640,1191.5119,276.7720,-0.9245,1187.0180,289.7044,5.2238,1188.7370,264.8365,-0.7205,1193.3869,251.6066,5.1210,1255.4356,260.9704,-0.3315,1232.4675,267.4886,3.1613,1208.1013,269.8002,2.4346,1183.9648,270.8490,-1.9148,1160.8226,277.4752,-3.4472,1138.6675,287.9625,-0.2124
1237.5159,273.7194,4.7140,1251.6444,292.5453,18.8721,1234.8967,259.5573,4.9645,1220.3435,235.4075,-9.3805,1193.1764,277.0918,0.3843,1188.6923,290.2244,5.8840,1190.9446,265.3757,0.4781,1195.2647,251.8065,5.7466,1256.9934,260.0884,-1.3845,1234.4307,267.3943,2.9206,1210.2855,270.5573,3.1885,1185.8056,271.5555,-0.9223,1162.5087,275.8177,-3.6601,1139.9343,285.8643,-1.3541
1239.6457,272.9626,3.7889,1253.2616,292.1574,18.1271,1236.6029,258.9730,3.9017,1222.0497,235.2000,-10.2022,1195.5912,277.7641,1.3512,1191.2024,290.7673,6.2899,1192.6750,265.9597,1.6143,1196.9929,252.7057,6.0164,1258.7791,259.2087,-2.3958,1235.7118,266.3186,1.6856,1212.0473,271.2683,3.6976,1188.1229,271.9396,0.0020,1163.9896,274.9368,-3.5184,1141.5201,284.2488,-2.4424
1241.3305,271.8938,2.9045,1255.0817,291.2952,17.0982,1238.2943,258.2762,2.8291,1223.7332,234.1823,-11.3893,1197.6530,278.5630,2.0430,1193.6992,291.2965,6.3751,1194.8777,266.5045,2.2666,1198.4760,253.2700,6.5970,1260.5006,258.5431,-3.4085,1237.3281,265.5109,0.6923,1214.1050,271.4775,3.2929,1189.9455,272.6204,1.3184,1165.7884,274.4873,-2.5231,1142.9604,282.1804,-3.2967
1243.0265,271.0618,1.5222,1256.8671,290.0494,15.9867,1239.8989,256.8277,1.6916,1224.9828,233.1861,-12.4124,1199.4945,279.0695,3.1335,1195.8042,292.2863,6.6618,1196.7866,267.2728,3.2728,1200.0645,254.4025,6.6484,1262.0417,257.3400,-3.2730,1239.3091,264.8187,-0.2965,1215.8518,271.2394,3.4507,1192.0161,273.4944,2.5175,1167.2384,273.9707,-1.6512,1144.1921,280.6200,-3.4794
1244.6308,270.0297,0.7645,1258.3495,289.2161,14.7951,1241.4490,255.8773,0.7973,1226.8481,232.1984,-13.6485,1201.1602,279.8236,3.4604,1198.7085,292.7307,6.3483,1198.7343,268.0775,3.4569,1201.7608,255.3135,6.4555,1263.6550,256.6396,-3.5093,1240.8784,263.6619,-1.0041,1217.9224,271.1417,2.7560,1193.8631,274.1681,2.9431,1169.3497,274.3186,-0.9347,1145.4691,278.6276,-3.6545
1246.1142,269.2729,-0.1925,1259.7581,288.3605,13.6084,1243.1725,254.8203,-0.0667,1228.4430,230.8989,-14.2060,1203.3445,280.1118,3.4623,1200.7980,293.1939,5.1387,1200.7285,268.5670,3.5493,1203.0896,255.5623,5.3380,1265.5250,255.8992,-3.5213,1242.3116,262.8543,-2.2668,1219.2860,270.4674,1.9667,1195.6946,274.9356,3.4244,1171.3244,275.1503,-0.0122,1147.3565,277.4814,-3.1287
1247.8051,267.8449,-0.9074,1261.3492,287.0507,13.0142,1244.8131,253.9310,-0.6947,1230.1258,230.0199,-14.5863,1204.8583,280.2366,3.4298,1203.4710,292.9923,4.2857,1202.3729,268.5814,3.3327,1204.3480,256.3728,4.3235,1267.1031,255.6448,-2.5708,1243.6841,261.4108,-2.9388,1220.9986,270.0957,0.8118,1197.9598,275.4662,3.3813,1173.2515,275.9758,1.4061,1148.9463,276.8603,-2.5930
1249.4617,267.0251,-1.3653,1262.7112,286.2763,12.1432,1246.3864,252.9647,-1.2559,1232.3620,229.2805,-14.5761,1206.7108,280.4033,2.8063,1206.0288,292.6488,3.0261,1204.5509,268.7385,2.4895,1205.1288,256.1058,2.9059,1269.1774,255.2470,-1.9813,1245.7744,260.3458,-3.5195,1222.6827,269.0843,-0.3622,1199.6802,275.6330,3.4681,1175.6595,276.8315,2.3204,1150.8108,276.8444,-1.9540
1250.8908,265.8827,-1.2026,1263.8462,285.7748,11.4615,1248.0602,251.8942,-1.1118,1234.5385,228.4459,-13.7426,1208.6248,279.9001,1.9541,1208.6075,292.1190,0.6859,1206.1311,267.8936,1.7319,1206.1501,255.6107,1.1769,1270.9427,254.9223,-1.0991,1247.3015,259.6043,-3.3842,1224.3996,267.4692,-1.3497,1201.4546,275.3261,2.4671,1177.2264,277.8427,2.9493,1152.9865,277.1627,-1.0222
1252.6445,265.4692,-0.9992,1264.1050,285.7871,9.6165,1249.7597,251.3040,-0.6625,1237.5112,227.6567,-11.4122,1210.4640,278.6974,0.8243,1210.8827,290.7303,-1.0949,1207.6335,266.8345,0.8028,1207.1383,254.8960,-0.7954,1272.7236,255.0949,0.0638,1248.9329,258.6320,-3.2155,1225.8483,266.2959,-2.5137,1203.2527,274.9432,1.7816,1179.4360,278.8493,3.4739,1154.9232,278.1751,0.3833
1254.5498,265.0570,-0.0056,1263.2669,286.4580,6.2122,1251.5776,250.7915,0.1944,1242.2677,227.3627,-6.2231,1211.6950,277.5270,-0.3348,1213.5861,289.5933,-2.9150,1209.5638,266.0629,-0.4168,1207.6693,253.8879,-2.7848,1274.6675,255.3498,1.3874,1250.4180,258.6251,-2.6694,1227.4229,264.7308,-2.9486,1204.8098,273.6712,1.3747,1181.1431,279.5111,3.6074,1156.8889,279.2085,1.2215
