scorer,DLC_resnet50_demoSchoolJul1shuffle1_100000,DLC_resnet50_demoSchoolJul1shuffle1_100000,DLC_resnet50_demoSchoolJul1shuffle1_100000,DLC_resnet50_demoSchoolJul1shuffle1_100000,DLC_resnet50_demoSchoolJul1shuffle1_100000,DLC_resnet50_demoSchoolJul1shuffle1_100000,DLC_resnet50_demoSchoolJul1shuffle1_100000,DLC_resnet50_demoSchoolJul1shuffle1_100000,DLC_resnet50_demoSchoolJul1shuffle1_100000,DLC_resnet50_demoSchoolJul1shuffle1_100000,DLC_resnet50_demoSchoolJul1shuffle1_100000,DLC_resnet50_demoSchoolJul1shuffle1_100000,DLC_resnet50_demoSchoolJul1shuffle1_100000,DLC_resnet50_demoSchoolJul1shuffle1_100000,DLC_resnet50_demoSchoolJul1shuffle1_100000,DLC_resnet50_demoSchoolJul1shuffle1_100000,DLC_resnet50_demoSchoolJul1shuffle1_100000,DLC_resnet50_demoSchoolJul1shuffle1_100000,DLC_resnet50_demoSchoolJul1shuffle1_100000,DLC_resnet50_demoSchoolJul1shuffle1_100000,DLC_resnet50_demoSchoolJul1shuffle1_100000,DLC_resnet50_demoSchoolJul1shuffle1_100000,DLC_resnet50_demoSchoolJul1shuffle1_100000,DLC_resnet50_demoSchoolJul1shuffle1_100000,DLC_resnet50_demoSchoolJul1shuffle1_100000,DLC_resnet50_demoSchoolJul1shuffle1_100000,DLC_resnet50_demoSchoolJul1shuffle1_100000,DLC_resnet50_demoSchoolJul1shuffle1_100000,DLC_resnet50_demoSchoolJul1shuffle1_100000,DLC_resnet50_demoSchoolJul1shuffle1_100000,DLC_resnet50_demoSchoolJul1shuffle1_100000,DLC_resnet50_demoSchoolJul1shuffle1_100000,DLC_resnet50_demoSchoolJul1shuffle1_100000,DLC_resnet50_demoSchoolJul1shuffle1_100000,DLC_resnet50_demoSchoolJul1shuffle1_100000,DLC_resnet50_demoSchoolJul1shuffle1_100000,DLC_resnet50_demoSchoolJul1shuffle1_100000,DLC_resnet50_demoSchoolJul1shuffle1_100000,DLC_resnet50_demoSchoolJul1shuffle1_100000,DLC_resnet50_demoSchoolJul1shuffle1_100000,DLC_resnet50_demoSchoolJul1shuffle1_100000,DLC_resnet50_demoSchoolJul1shuffle1_100000,DLC_resnet50_demoSchoolJul1shuffle1_100000,DLC_resnet50_demoSchoolJul1shuffle1_100000,DLC_resnet50_demoSchoolJul1shuffle1_100000
individuals,individual1,individual1,individual1,individual1,individual1,individual1,individual1,individual1,individual1,individual1,individual1,individual1,individual1,individual1,individual1,individual2,individual2,individual2,individual2,individual2,individual2,individual2,individual2,individual2,individual2,individual2,individual2,individual2,individual2,individual2,individual3,individual3,individual3,individual3,individual3,individual3,individual3,individual3,individual3,individual3,individual3,individual3,individual3,individual3,individual3
bodyparts,snout,snout,snout,mid1,mid1,mid1,mid2,mid2,mid2,mid3,mid3,mid3,peduncle,peduncle,peduncle,snout,snout,snout,mid1,mid1,mid1,mid2,mid2,mid2,mid3,mid3,mid3,peduncle,peduncle,peduncle,snout,snout,snout,mid1,mid1,mid1,mid2,mid2,mid2,mid3,mid3,mid3,peduncle,peduncle,peduncle
coords,x,y,likelihood,x,y,likelihood,x,y,likelihood,x,y,likelihood,x,y,likelihood,x,y,likelihood,x,y,likelihood,x,y,likelihood,x,y,likelihood,x,y,likelihood,x,y,likelihood,x,y,likelihood,x,y,likelihood,x,y,likelihood,x,y,likelihood
0,106.0845,199.8379,0.9698,82.1336,199.3801,0.9927,57.8688,199.3779,0.9512,34.4794,200.5845,0.9815,-2.0282,201.2602,0.9830,65.8984,261.4961,0.9758,42.1336,259.7439,0.9559,18.2023,258.7795,0.9757,-5.9143,258.5877,0.9851,-41.6994,257.4847,0.9501,46.1169,151.6279,0.9913,21.9507,149.9596,0.9514,-1.8751,148.6839,0.9927,-25.9770,148.7959,0.9989,-61.9516,147.7526,0.9629
1,107.0412,199.9424,0.9794,83.1506,199.6477,0.9701,59.1798,199.0280,0.9947,35.1254,200.0843,0.9708,-1.0726,201.1582,0.9623,67.0857,261.7371,0.9556,43.1894,259.8861,0.9634,19.3639,258.5817,0.9519,-4.8705,258.2986,0.9608,-40.7157,257.5772,0.9810,47.0783,151.5583,0.9939,23.2057,150.0637,0.9716,-0.8106,148.3361,0.9638,-24.8490,148.4624,0.9656,-60.7483,148.1334,0.9972
2,108.3932,200.1194,0.9906,84.1705,199.7766,0.9553,60.5889,199.1303,0.9639,36.3327,199.6697,0.9781,0.5862,201.3714,0.9927,68.1274,261.9759,0.9844,44.4432,260.3644,0.9733,20.4731,258.2807,0.9541,-3.5692,257.9553,0.9880,-39.7362,257.7849,0.9888,48.4936,151.6302,0.9632,24.4813,150.3546,0.9930,0.5382,148.4627,0.9538,-23.6158,148.0556,0.9507,-59.4829,148.3266,0.9840
3,109.5723,200.8350,0.9531,85.4447,199.9051,0.9896,61.6646,199.1236,0.9584,37.6639,199.0465,0.9893,1.5732,201.0757,0.9960,69.7350,262.2592,0.9675,45.5961,260.2040,0.9541,21.5463,258.2956,0.9625,-2.2705,257.4361,0.9862,-38.1509,257.7155,0.9793,49.4384,152.0873,0.9906,25.6672,150.4225,0.9730,1.3084,148.7947,0.9963,-22.2729,147.9027,0.9938,-58.3489,148.1778,0.9728
4,110.9397,200.6234,0.9685,87.1498,200.1817,0.9902,62.8967,199.3346,0.9736,38.8385,199.0063,0.9575,2.7616,200.8109,0.9814,70.9171,262.3031,0.9978,46.7043,260.7164,0.9801,22.5967,258.6700,0.9893,-1.0675,257.3383,0.9884,-37.2745,257.2838,0.9871,50.9697,152.0233,0.9757,26.8047,150.6983,0.9510,3.1339,148.6466,0.9621,-20.9747,147.4750,0.9807,-57.0777,148.1045,0.9980
5,112.1774,200.6967,0.9860,87.8108,200.3039,0.9989,63.7392,199.1927,0.9526,40.1017,198.9023,0.9883,3.8429,200.9996,0.9699,71.7769,262.4473,0.9795,48.1421,261.0541,0.9603,24.4140,258.6003,0.9674,0.0965,257.1698,0.9800,-35.7250,257.0425,0.9546,51.5064,152.0420,0.9552,27.8671,151.0364,0.9623,3.8351,148.8926,0.9530,-19.8519,147.3760,0.9774,-55.6798,147.7882,0.9939
6,113.1216,200.4844,0.9834,89.4007,200.4069,0.9871,64.8911,199.6861,0.9709,41.4139,198.8251,0.9559,5.1715,200.2896,0.9985,73.2348,262.1264,0.9828,49.1687,261.0357,0.9512,25.2255,258.9499,0.9740,1.2137,257.0415,0.9620,-34.6280,256.6515,0.9883,53.3908,152.1608,0.9626,29.2166,151.0167,0.9699,5.3550,149.2611,0.9626,-18.7526,147.1856,0.9543,-54.4744,147.2559,0.9692
7,114.3902,200.4259,0.9632,90.3728,200.4602,0.9757,66.3610,200.0298,0.9550,42.2395,199.0737,0.9639,6.1681,199.8852,0.9808,74.2563,262.3863,0.9677,50.4466,261.2524,0.9537,26.5147,259.3452,0.9645,2.3342,256.9833,0.9847,-33.2958,256.1390,0.9667,54.4821,152.1797,0.9623,30.6791,151.1810,0.9887,6.5724,149.0801,0.9746,-17.4289,147.2829,0.9777,-53.3040,146.8145,0.9596
8,115.6882,200.4586,0.9685,91.7008,200.8211,0.9680,68.0695,200.2340,0.9648,43.6004,198.8518,0.9846,7.5644,199.0755,0.9833,75.6573,262.0259,0.9715,51.7074,261.2497,0.9714,27.4219,259.7123,0.9640,3.6864,257.2204,0.9782,-32.0839,255.8585,0.9614,55.6562,152.0759,0.9937,31.6012,151.0710,0.9666,7.7270,149.6723,0.9764,-16.0929,147.5585,0.9806,-52.3588,146.2788,0.9546
9,116.8321,200.5030,0.9667,92.6835,200.7672,0.9556,68.9934,200.1107,0.9651,44.6105,199.0361,0.9558,8.6726,198.6710,0.9594,76.7522,262.3137,0.9847,52.7282,261.1318,0.9556,29.0014,259.9452,0.9910,5.0989,257.3227,0.9696,-31.1375,255.2841,0.9970,56.6263,151.7615,0.9721,32.7843,150.9941,0.9744,8.5398,149.9611,0.9510,-15.2445,147.6682,0.9672,-51.0123,145.6889,0.9532
10,118.0020,199.9288,0.9991,93.8494,200.4496,0.9858,70.0213,200.4641,0.9619,46.0015,199.3151,0.9772,9.9028,198.3322,0.9758,77.8006,261.5531,0.9629,53.8486,261.4116,0.9648,29.7851,260.0555,0.9867,6.2533,257.6369,0.9546,-29.9145,255.3021,0.9789,58.0391,151.5834,0.9693,33.8766,151.1371,0.9668,9.8391,150.1647,0.9877,-13.5742,147.6708,0.9699,-49.9627,145.8373,0.9910
11,119.0498,200.1260,0.9862,95.1840,200.5578,0.9766,71.2021,200.5427,0.9518,47.0142,199.4775,0.9995,11.4870,198.2524,0.9819,79.2206,261.6808,0.9576,55.2631,261.1973,0.9792,31.1973,260.2356,0.9831,7.2772,257.7572,0.9818,-28.6056,254.8565,0.9524,58.9917,151.3881,0.9857,35.0566,150.6882,0.9630,10.8149,150.1534,0.9831,-12.5801,148.4177,0.9596,-48.3964,145.5790,0.9875
12,120.3873,200.0641,0.9751,96.2147,200.4899,0.9511,72.4790,200.9573,0.9756,48.6023,200.0695,0.9664,12.3898,198.0855,0.9588,80.5369,261.6567,0.9989,56.2687,261.0344,0.9717,32.3062,260.3603,0.9503,8.2042,258.2636,0.9552,-27.2406,254.6287,0.9705,60.2699,151.3620,0.9696,36.2569,150.4195,0.9773,12.3899,150.3339,0.9542,-11.2583,148.6521,0.9943,-47.6100,145.4176,0.9759
13,121.6888,199.7915,0.9568,97.4893,199.8203,0.9930,73.5406,200.7154,0.9926,49.7073,200.3906,0.9528,13.8899,198.1360,0.9621,81.8530,261.2606,0.9980,57.6615,260.4589,0.9736,33.5730,260.1454,0.9621,9.8095,258.9944,0.9637,-26.1429,255.0798,0.9565,61.6840,150.9571,0.9975,37.5198,150.6232,0.9838,13.3610,150.2079,0.9998,-10.1522,149.4273,0.9867,-46.1924,145.8155,0.9601
14,122.7031,199.7410,0.9712,99.0535,199.8509,0.9938,74.7621,200.6347,0.9610,50.5864,200.4847,0.9821,14.8136,198.1195,0.9932,82.6452,260.9810,0.9734,58.6461,260.3136,0.9941,34.8168,260.1550,0.9945,10.8749,259.0384,0.9758,-24.9139,255.0940,0.9826,62.6465,150.6245,0.9549,38.6563,150.1001,0.9836,14.7539,149.8406,0.9675,-9.0298,149.3799,0.9763,-44.9390,146.0781,0.9740
15,123.9887,199.7576,0.9961,99.8410,199.4929,0.9725,75.7331,200.5157,0.9759,52.0676,200.6194,0.9731,15.9468,198.2715,0.9566,84.0342,261.2720,0.9514,59.6954,260.0836,0.9612,36.1769,259.7161,0.9518,12.1942,259.0660,0.9757,-23.8018,255.3516,0.9629,64.3426,150.6841,0.9587,40.1115,149.9880,0.9568,15.8378,150.1056,0.9756,-7.8213,149.6832,0.9753,-43.8003,145.8548,0.9531
16,125.1589,199.7249,0.9816,101.4391,199.5003,0.9952,77.2593,200.2702,0.9851,53.2613,200.6443,0.9696,17.3288,198.8514,0.9702,85.1910,260.9641,0.9833,61.1724,259.8067,0.9787,37.1660,259.6867,0.9940,13.2353,259.0270,0.9896,-22.7518,255.8332,0.9512,65.6128,150.8800,0.9939,41.2657,150.0214,0.9655,17.2288,149.7416,0.9983,-6.9628,149.4757,0.9717,-42.4947,146.5678,0.9634
17,126.3619,199.9251,0.9849,102.7560,199.4687,0.9615,78.4037,199.9061,0.9831,54.4729,200.5981,0.9776,18.4770,199.2527,0.9764,86.3487,261.3718,0.9747,62.3718,259.9783,0.9912,38.2306,259.2404,0.9705,14.3658,258.9479,0.9694,-21.2098,256.0573,0.9915,66.2843,150.9433,0.9864,42.3699,149.9030,0.9725,18.3284,149.4243,0.9719,-5.6775,149.7056,0.9681,-41.4983,146.9122,0.9543
18,127.5379,199.8331,0.9868,103.8156,199.2692,0.9702,79.6004,199.6723,0.9895,55.4229,200.8091,0.9840,19.5196,199.7342,0.9993,87.7619,261.1278,0.9565,63.4125,260.0399,0.9964,39.9355,259.0138,0.9920,15.8388,258.9640,0.9552,-20.2851,256.4499,0.9817,67.4379,151.0756,0.9650,43.5403,149.7468,0.9570,19.6240,149.0092,0.9755,-4.4392,149.5426,0.9870,-40.3201,147.6282,0.9784
19,128.9086,199.6851,0.9930,105.0402,199.0216,0.9701,80.7703,199.3684,0.9515,56.6037,200.3154,0.9754,21.0032,200.0156,0.9915,88.8659,261.4710,0.9642,64.9959,259.8009,0.9867,41.0455,258.8492,0.9961,17.0434,258.6814,0.9956,-18.9833,256.8928,0.9535,68.6876,151.0233,0.9550,44.8888,149.6690,0.9804,20.8787,148.9907,0.9666,-2.9661,149.1532,0.9900,-39.0566,148.1653,0.9961
20,129.8908,199.9872,0.9542,105.8363,199.4749,0.9606,81.9854,198.9451,0.9854,57.8234,199.6529,0.9881,22.3665,200.3046,0.9622,89.8169,261.5854,0.9614,65.9410,260.1316,0.9958,42.3183,258.4266,0.9929,17.9619,258.3853,0.9992,-18.2026,257.4923,0.9678,69.8452,151.2733,0.9628,45.8153,149.8281,0.9544,22.0710,148.9184,0.9592,-1.7998,148.8688,0.9549,-37.9189,148.2996,0.9855
21,131.2785,200.4024,0.9650,107.3299,199.6399,0.9808,83.1424,199.0557,0.9976,59.1937,199.5498,0.9688,23.2749,200.4890,0.9807,91.1780,261.9257,0.9898,67.2999,260.0686,0.9858,43.2946,258.2321,0.9831,19.4997,257.8637,0.9744,-16.7434,257.7717,0.9596,71.0152,151.3413,0.9845,47.3509,150.2501,0.9758,23.3400,148.7025,0.9594,-0.9213,148.7022,0.9859,-37.0790,148.4914,0.9576
22,132.2374,200.4236,0.9770,108.4827,199.6390,0.9562,84.4597,199.1411,0.9615,60.5215,199.1233,0.9622,24.2691,200.5004,0.9947,92.5990,261.9683,0.9994,68.5494,260.2146,0.9921,44.6092,258.3491,0.9974,20.6270,257.5719,0.9552,-15.7148,257.6114,0.9943,72.3002,151.6613,0.9928,48.2748,150.2369,0.9646,24.4147,148.5334,0.9899,0.5816,148.3086,0.9797,-35.7754,148.8470,0.9521
23,133.7967,200.8532,0.9829,109.5861,200.0278,0.9708,85.8001,198.9112,0.9598,61.6855,199.0766,0.9595,25.5875,200.2939,0.9947,93.6847,262.1717,0.9870,69.5522,260.6409,0.9538,45.6117,258.4509,0.9811,21.6559,257.4038,0.9585,-14.1680,257.6670,0.9510,73.4972,151.6155,0.9532,49.8865,150.6403,0.9625,25.7291,148.5045,0.9780,1.5036,148.0799,0.9873,-34.4881,148.7438,0.9803
24,134.8607,200.9598,0.9820,110.8669,200.3719,0.9677,86.6180,199.2781,0.9598,62.6759,198.3289,0.9661,26.5939,200.0684,0.9809,94.4613,262.2953,0.9861,70.7306,261.0241,0.9767,46.6882,258.3495,0.9912,22.9430,257.1902,0.9888,-13.2638,257.5526,0.9557,74.9584,151.7321,0.9936,50.6856,150.6447,0.9789,26.6676,148.7653,0.9777,2.9046,147.7002,0.9622,-32.9860,148.4093,0.9869
25,135.9759,201.1140,0.9759,112.1007,200.2482,0.9993,88.0251,199.1082,0.9903,63.9947,198.1006,0.9757,27.8584,199.9793,0.9939,95.6855,262.3498,0.9647,72.1908,260.7083,0.9872,48.1308,258.5598,0.9871,24.1527,256.9405,0.9795,-11.6994,257.1542,0.9540,76.2727,152.1255,0.9627,51.6355,150.9890,0.9568,28.0109,149.3724,0.9942,4.1388,147.7655,0.9502,-31.8288,148.0499,0.9513
26,137.2332,200.7785,0.9939,113.2349,200.4776,0.9740,89.2941,199.2517,0.9828,65.0568,198.2692,0.9640,29.4114,199.4528,0.9536,97.0500,262.3801,0.9869,73.1672,261.0279,0.9514,49.3486,259.1315,0.9648,25.6187,256.9719,0.9625,-10.5965,256.3857,0.9854,77.0694,152.0160,0.9918,53.1694,150.9990,0.9884,29.2423,149.5707,0.9682,5.3387,147.3110,0.9511,-30.9972,147.8306,0.9906
27,138.4083,201.0117,0.9614,114.3609,200.8307,0.9831,90.2817,199.6828,0.9694,66.5343,198.2448,0.9695,30.4764,198.8581,0.9836,98.0214,262.4900,0.9665,74.4378,261.2071,0.9635,50.3626,259.1483,0.9955,26.2807,256.8009,0.9941,-9.4429,255.9777,0.9566,78.3494,151.8698,0.9816,54.4966,151.0959,0.9707,30.2883,149.8721,0.9634,6.7259,147.8572,0.9702,-29.6449,147.3538,0.9819
28,139.5301,200.8636,0.9758,115.5817,200.5466,0.9835,91.7032,199.8914,0.9841,67.6203,198.3098,0.9591,31.8318,198.3016,0.9535,99.7599,262.4819,0.9573,75.5004,261.0576,0.9582,51.6377,259.7496,0.9824,27.5003,257.2651,0.9980,-7.9701,255.7263,0.9669,79.4136,151.8959,0.9515,55.4306,151.3419,0.9865,31.5477,149.9065,0.9607,7.9210,147.6871,0.9952,-28.5399,147.0465,0.9961
29,140.9819,200.7897,0.9543,116.8759,200.7741,0.9690,92.7540,200.3646,0.9735,69.1312,198.8157,0.9975,32.6950,197.9849,0.9974,100.5749,261.9839,0.9652,76.6739,261.2702,0.9529,52.7263,259.9662,0.9581,28.8370,257.4008,0.9655,-7.1071,255.1745,0.9553,80.8762,151.6430,0.9601,56.8894,150.9852,0.9594,32.8792,150.1525,0.9511,8.7586,148.1687,0.9515,-27.2040,146.8175,0.9968
30,141.9848,200.4487,0.9703,117.9218,200.8177,0.9899,93.9101,200.4373,0.9839,70.0950,199.1646,0.9563,34.1211,197.6337,0.9689,102.0270,261.8721,0.9972,77.8628,261.1286,0.9699,54.0450,259.8387,0.9710,29.7553,257.7795,0.9702,-5.8635,255.1019,0.9620,81.9879,151.7314,0.9974,57.8813,150.8383,0.9508,34.0477,150.3332,0.9757,10.2141,148.3255,0.9963,-25.8053,146.1350,0.9518
31,143.1018,200.3911,0.9806,119.1783,200.3303,0.9596,95.2226,200.4330,0.9558,71.1870,199.3799,0.9614,35.1976,197.2383,0.9889,103.1217,262.0290,0.9592,79.4317,260.9818,0.9622,55.1436,260.1629,0.9773,31.4164,258.2294,0.9774,-4.3515,254.7035,0.9588,83.2543,150.9161,0.9757,59.4296,150.7453,0.9683,35.2819,150.5216,0.9866,11.2510,148.8165,0.9521,-24.8323,146.2255,0.9611
32,144.2408,200.0268,0.9738,120.3456,200.1750,0.9742,96.3252,200.8578,0.9797,72.3308,199.6001,0.9872,36.2581,197.1863,0.9826,104.1646,261.6255,0.9584,80.2014,260.8931,0.9859,56.3890,260.2907,0.9985,32.5777,258.1144,0.9700,-3.4527,254.7143,0.9511,84.5457,151.0334,0.9759,60.3924,150.8933,0.9802,36.2479,150.6956,0.9663,12.2932,149.3103,0.9874,-23.4545,146.1537,0.9576
33,145.7392,199.9751,0.9659,121.5103,199.9917,0.9757,97.6320,200.5367,0.9659,73.7120,199.8085,0.9670,37.4651,197.3701,0.9597,105.5731,261.4941,0.9705,81.8004,260.7304,0.9691,57.5700,260.2656,0.9596,33.7429,258.6565,0.9646,-2.1632,254.7342,0.9509,85.7212,150.9490,0.9710,61.4435,150.6046,0.9627,37.4875,150.7605,0.9947,13.4292,149.4675,0.9906,-22.1431,145.9333,0.9521
34,146.7983,199.8909,0.9814,122.9604,200.0637,0.9691,98.8240,200.2570,0.9635,74.4896,200.3327,0.9681,38.8908,197.5823,0.9925,106.9756,261.4498,0.9696,82.7670,260.5008,0.9541,58.7917,260.2971,0.9945,34.9543,259.0076,0.9884,-1.0469,254.9309,0.9505,86.7992,150.8179,0.9714,62.9816,150.4298,0.9774,38.8347,150.5349,0.9713,14.6145,149.8890,0.9772,-21.1940,146.3677,0.9822
35,147.9329,199.6020,0.9801,123.9471,199.7930,0.9670,100.0576,200.2876,0.9695,75.9633,200.4523,0.9831,40.2446,197.4431,0.9944,108.1035,260.9441,0.9829,83.7924,259.9541,0.9948,60.0073,259.8413,0.9522,36.0267,259.2128,0.9611,0.1511,255.4528,0.9857,87.9020,150.4361,0.9851,63.8091,150.3290,0.9823,39.9579,150.3655,0.9908,16.0718,150.0518,0.9577,-20.2379,146.7278,0.9809
36,149.1137,199.7095,0.9615,125.3066,199.2755,0.9924,100.8689,200.1026,0.9806,77.1940,200.4698,0.9891,41.4034,197.9662,0.9829,109.2785,261.0276,0.9733,85.1987,260.1069,0.9636,61.1181,259.6962,0.9892,37.1247,259.2033,0.9534,1.0303,256.1047,0.9750,89.2254,150.7517,0.9870,65.2812,149.7658,0.9935,41.0544,149.9776,0.9983,17.1467,150.0067,0.9623,-18.8579,147.0403,0.9639
37,150.6419,199.8868,0.9534,126.3173,199.3995,0.9667,102.3061,199.6132,0.9621,78.2539,199.9655,0.9738,42.2145,198.3635,0.9504,110.3196,261.2986,0.9581,86.6649,260.1572,0.9831,62.4419,259.2179,0.9511,38.6171,259.1466,0.9555,2.7261,256.1964,0.9781,90.6488,150.8166,0.9665,66.3798,149.7194,0.9848,42.2052,149.9255,0.9764,18.3344,150.0311,0.9823,-17.4665,147.7624,0.9850
38,151.3511,199.9206,0.9746,127.7753,199.3197,0.9917,103.6893,199.5285,0.9692,79.5041,200.2486,0.9961,43.5542,198.8940,0.9978,111.4652,261.2684,0.9978,87.5700,260.0583,0.9847,63.6816,258.7496,0.9507,39.3843,258.9924,0.9716,3.2953,256.3631,0.9845,91.4971,150.9575,0.9947,67.6764,149.8712,0.9797,43.5740,149.7366,0.9566,19.7424,149.8393,0.9736,-16.4050,148.1935,0.9501
39,152.9579,200.1442,0.9503,128.6918,199.2769,0.9746,104.9726,199.1353,0.9639,80.8213,199.6727,0.9769,44.8497,199.4414,0.9990,113.0032,261.7110,0.9512,88.7220,260.1027,0.9647,64.9021,258.8277,0.9780,40.7378,258.8735,0.9796,4.9387,257.2233,0.9945,92.8605,151.0376,0.9855,68.6272,149.9563,0.9517,44.6686,149.4587,0.9590,20.6777,149.4200,0.9910,-15.4486,148.4894,0.9935
40,153.8503,200.6655,0.9519,130.1112,199.4536,0.9695,105.9908,198.9207,0.9906,82.1149,199.4142,0.9516,46.1678,199.4508,0.9764,113.9548,261.4816,0.9851,90.1384,260.3401,0.9587,65.9792,258.3894,0.9687,42.1676,258.5936,0.9913,5.9967,257.3098,0.9697,93.9032,151.2231,0.9832,69.9823,149.8581,0.9844,46.0548,149.0298,0.9728,22.0209,149.5039,0.9955,-13.9195,148.9635,0.9764
41,154.7521,200.6012,0.9720,131.4560,199.2962,0.9894,107.1726,198.6957,0.9513,82.9988,199.4006,0.9728,47.2291,199.9364,0.9546,115.1327,261.7180,0.9953,91.1138,259.9500,0.9725,67.5380,258.4203,0.9673,43.2830,258.0077,0.9980,7.3020,257.4730,0.9674,94.9959,151.2730,0.9819,70.9956,150.0111,0.9608,47.3981,148.5512,0.9911,23.4960,148.8728,0.9581,-12.6560,149.1379,0.9975
42,156.1472,200.6675,0.9816,132.4276,200.0298,0.9924,108.6180,198.7902,0.9643,84.6218,198.6932,0.9592,48.2813,199.7058,0.9725,116.5519,262.1422,0.9665,92.4336,260.1791,0.9898,68.3834,258.3533,0.9557,44.5593,257.6483,0.9586,8.2704,257.5661,0.9608,96.3102,151.5621,0.9706,72.5569,150.2803,0.9923,48.5139,148.8034,0.9941,24.4900,148.6187,0.9633,-11.7611,149.2322,0.9753
43,157.4615,200.9683,0.9842,133.4486,200.1150,0.9860,109.4496,198.6698,0.9698,85.7052,198.3721,0.9873,49.5051,199.5015,0.9725,117.7722,262.0864,0.9741,93.7069,260.5514,0.9971,69.5768,258.5674,0.9837,45.7640,257.5034,0.9906,9.6954,257.6173,0.9682,97.5606,151.5469,0.9671,73.7412,150.5616,0.9722,49.5791,148.6581,0.9952,25.9692,148.4943,0.9564,-10.4984,149.1352,0.9947
44,158.9386,200.7950,0.9621,134.6864,200.1336,0.9805,110.7535,198.6155,0.9888,86.5927,198.1297,0.9889,50.8052,199.6020,0.9709,118.6798,262.0054,0.9865,94.8793,260.5727,0.9787,70.8701,258.5714,0.9944,47.0007,257.2654,0.9775,11.0377,257.4892,0.9614,98.7916,151.5347,0.9811,74.9994,150.8351,0.9909,51.0503,149.0362,0.9722,27.0108,148.4398,0.9593,-9.2268,149.3036,0.9546
45,160.0310,200.9936,0.9771,136.1598,200.4622,0.9896,111.8852,198.7310,0.9570,87.8347,198.0281,0.9722,51.8452,198.9579,0.9642,119.8141,262.3157,0.9628,96.0867,260.9586,0.9918,72.0834,258.8607,0.9576,48.1113,256.7663,0.9518,12.0866,257.2719,0.9915,100.0490,151.8284,0.9547,76.0183,151.1363,0.9798,51.9595,149.3546,0.9715,27.9001,148.0205,0.9541,-7.9637,148.9297,0.9984
46,161.0717,200.9832,0.9784,137.2624,200.1143,0.9676,113.1409,199.5047,0.9799,89.2917,197.9131,0.9651,53.1159,198.8323,0.9525,121.1508,262.2919,0.9711,97.3320,261.1077,0.9540,72.9791,259.0220,0.9869,49.3339,257.1957,0.9846,13.1395,256.5352,0.9880,101.2837,151.8951,0.9679,76.9062,150.7794,0.9677,53.0142,149.2748,0.9596,29.4661,147.6713,0.9895,-6.7680,148.3894,0.9735
47,162.3664,200.9257,0.9810,138.3947,200.5022,0.9501,114.3843,199.5284,0.9759,90.5750,197.8121,0.9504,54.2357,197.9948,0.9716,122.5688,262.4232,0.9903,98.4648,261.4510,0.9763,74.4598,259.3172,0.9896,50.7206,257.3269,0.9660,14.5935,256.2922,0.9625,102.2031,151.5414,0.9713,78.2161,151.4450,0.9603,54.3567,149.8875,0.9715,30.4600,148.0873,0.9999,-5.6392,148.0981,0.9925
48,163.5232,201.1555,0.9864,139.4862,200.6899,0.9869,115.6259,199.6482,0.9662,91.4908,198.1377,0.9976,55.6478,197.4408,0.9727,123.4160,262.2366,0.9514,99.6234,261.4551,0.9905,75.8565,259.6439,0.9943,51.9949,256.9698,0.9899,15.7763,255.8085,0.9890,103.7892,151.8522,0.9540,79.9619,151.0913,0.9542,55.5748,149.9469,0.9656,31.7742,148.2531,0.9852,-4.2888,147.6580,0.9752
49,164.6304,200.9780,0.9504,140.5921,200.6203,0.9987,116.7791,199.9421,0.9883,92.8093,198.2749,0.9964,57.0416,197.4306,0.9966,124.7110,261.9381,0.9688,100.6736,261.4218,0.9539,76.8285,259.7679,0.9708,52.6748,257.6749,0.9887,17.0147,255.3867,0.9808,104.8223,151.3633,0.9638,80.6068,151.3510,0.9802,56.8687,150.2883,0.9956,32.8931,148.3793,0.9929,-3.2885,147.3882,0.9553
50,165.9739,200.9047,0.9514,141.9199,200.7472,0.9902,117.9717,200.4953,0.9941,93.7545,198.6225,0.9581,57.9673,196.7747,0.9862,125.8617,261.8328,0.9728,102.2643,261.1497,0.9980,77.8817,260.1771,0.9866,54.0112,257.9188,0.9907,18.3569,255.1781,0.9552,106.1123,151.6665,0.9801,82.0361,150.9622,0.9646,57.8824,150.7460,0.9558,34.1616,148.7365,0.9762,-1.7146,147.0621,0.9879
51,167.3663,200.5281,0.9832,143.0745,200.4694,0.9916,118.8910,200.5172,0.9555,95.2497,198.8869,0.9618,59.2152,196.6861,0.9815,127.4700,261.9716,0.9507,103.0658,261.0886,0.9567,79.4198,260.2526,0.9796,55.1371,258.0883,0.9839,19.3003,254.5777,0.9871,107.1906,151.0474,0.9611,83.1939,150.7332,0.9544,59.5358,150.6577,0.9553,35.3779,149.0136,0.9600,-0.6074,146.6766,0.9604
52,168.4266,200.6039,0.9879,144.2542,200.1794,0.9644,120.1675,200.2970,0.9753,96.3362,199.2177,0.9684,60.5336,196.8088,0.9519,128.4638,261.5451,0.9782,104.2227,260.6920,0.9887,80.4731,260.3890,0.9575,56.6028,258.4698,0.9916,20.8715,254.7300,0.9600,108.4210,150.9165,0.9706,83.9700,150.5594,0.9737,60.6589,151.0376,0.9507,36.4339,149.5118,0.9860,0.6795,146.5045,0.9587
53,169.6584,200.2546,0.9533,145.7023,200.0423,0.9927,121.5683,200.3933,0.9909,97.5441,199.2574,0.9954,61.4360,196.6456,0.9967,129.3980,261.1422,0.9648,105.6055,260.5238,0.9849,81.7017,259.9761,0.9572,57.7224,258.8070,0.9591,21.8366,254.7971,0.9715,109.7599,150.7906,0.9940,85.8011,150.6462,0.9984,61.5217,150.6899,0.9601,37.5590,149.8952,0.9973,1.6395,146.5202,0.9764
54,170.9709,200.3097,0.9542,146.8850,199.8529,0.9588,122.9477,200.2107,0.9964,98.8653,199.7806,0.9917,62.7640,196.5102,0.9644,130.8769,261.4368,0.9717,106.9526,260.4313,0.9923,82.8386,260.1513,0.9938,58.7152,259.0265,0.9780,22.6875,255.1964,0.9615,110.9721,150.6700,0.9602,86.8750,150.1909,0.9750,62.5324,150.6523,0.9649,39.0106,150.4243,0.9677,3.0799,147.0361,0.9847
55,172.0734,200.1621,0.9995,147.9141,199.6155,0.9879,123.9059,199.8922,0.9962,100.1382,199.9307,0.9950,64.1319,197.0017,0.9640,132.0285,261.3838,0.9714,108.0245,260.0915,0.9675,84.0938,259.7196,0.9901,60.1268,259.2301,0.9549,24.3654,255.3244,0.9686,111.9507,150.3146,0.9504,88.0933,150.2352,0.9940,64.3613,150.3237,0.9762,39.7787,150.3840,0.9666,3.9888,147.6634,0.9531
56,173.6668,200.0677,0.9687,149.0903,199.4720,0.9960,125.3707,199.4886,0.9747,101.1368,199.7828,0.9955,65.2169,197.5675,0.9972,133.2034,260.8158,0.9835,109.4007,260.1074,0.9873,85.1454,259.7741,0.9794,61.0785,259.3592,0.9956,25.3255,256.0900,0.9600,113.1537,150.7303,0.9870,89.1046,150.4275,0.9724,65.3758,150.1691,0.9500,41.0239,150.2455,0.9786,5.3507,147.6813,0.9636
57,174.5507,200.2224,0.9629,150.3938,199.3498,0.9908,126.3024,199.5058,0.9520,102.3093,200.0256,0.9550,66.7022,197.7062,0.9858,134.6854,261.2721,0.9872,110.7933,259.7857,0.9769,86.4286,259.3396,0.9675,62.3518,259.2898,0.9571,26.4433,256.0830,0.9906,114.0866,150.7576,0.9527,90.4573,149.9989,0.9820,66.5413,149.9287,0.9534,42.5333,150.3034,0.9763,6.3754,148.1109,0.9576
58,175.5670,200.2750,0.9573,151.6488,199.4207,0.9540,127.6279,199.1398,0.9531,103.8554,199.5499,0.9693,67.7006,198.2016,0.9809,135.6444,261.2635,0.9536,111.5279,260.0327,0.9737,88.0085,259.0538,0.9848,63.7149,259.0694,0.9750,27.4014,256.6910,0.9947,115.7337,150.6751,0.9693,91.6009,149.5532,0.9935,67.9482,149.6863,0.9561,43.4996,150.0623,0.9554,7.5798,148.8125,0.9920
59,176.7515,200.5141,0.9749,152.6724,199.2200,0.9929,128.9853,198.7345,0.9771,104.7479,199.0889,0.9732,68.7835,198.6910,0.9898,136.8586,261.1119,0.9739,112.7087,259.9783,0.9584,88.7600,259.0053,0.9929,64.6427,258.8715,0.9598,29.0362,257.3112,0.9586,117.0120,150.6150,0.9750,92.8246,149.8536,0.9591,68.7011,149.2401,0.9582,44.8122,150.0216,0.9904,8.6811,149.1925,0.9948
60,178.1730,200.6851,0.9763,154.0352,199.6433,0.9649,130.1622,198.6237,0.9891,106.1322,198.7654,0.9713,70.0040,198.8796,0.9751,137.9973,261.7588,0.9719,114.1052,260.2998,0.9733,90.2023,258.3532,0.9655,65.9094,258.4863,0.9596,30.0373,257.7033,0.9582,117.9714,150.7683,0.9563,93.7698,149.9979,0.9585,70.0892,149.5099,0.9908,46.0177,149.7091,0.9638,10.0157,149.6494,0.9667
61,179.4221,200.8287,0.9629,154.8392,199.5670,0.9595,131.2758,198.3711,0.9679,107.1137,198.7306,0.9617,71.1054,199.1726,0.9607,139.1815,261.7780,0.9710,114.9811,259.8988,0.9870,91.3409,258.8024,0.9700,67.1846,258.1447,0.9969,31.2057,258.1130,0.9593,119.1162,151.0354,0.9501,95.1208,150.0081,0.9544,71.1749,149.1150,0.9563,47.3219,149.5302,0.9755,11.3348,149.9166,0.9927
62,180.6300,200.9794,0.9988,156.2176,199.6912,0.9966,132.3135,198.5458,0.9648,108.5730,198.3587,0.9594,72.1889,198.9521,0.9886,140.5065,262.0822,0.9503,116.7660,260.2772,0.9874,92.5604,258.5714,0.9666,68.4144,258.1346,0.9706,32.2865,257.8610,0.9690,120.2366,151.6082,0.9845,96.6503,150.0405,0.9640,72.2379,149.0623,0.9993,48.3732,149.2015,0.9526,12.2924,150.0778,0.9644
63,181.7264,201.1473,0.9787,157.7801,200.1028,0.9817,133.6221,198.5278,0.9569,109.8350,198.2296,0.9619,73.3826,198.9193,0.9716,141.6242,262.3138,0.9651,117.5744,260.5669,0.9654,93.6461,258.5776,0.9569,69.4016,257.3784,0.9568,33.6461,257.5874,0.9945,121.5844,151.2650,0.9517,97.6695,150.3545,0.9911,73.5455,149.1701,0.9583,49.7208,148.6193,0.9693,13.6564,149.8915,0.9711
64,182.5739,201.2021,0.9514,158.9167,200.5529,0.9881,134.8281,198.6526,0.9799,110.8152,197.6014,0.9612,74.7263,198.7620,0.9504,142.9635,262.4155,0.9780,118.9466,260.8327,0.9586,94.8849,258.7769,0.9546,70.8121,257.4500,0.9521,34.6875,257.4892,0.9836,122.7208,151.4861,0.9837,98.9424,151.0629,0.9759,74.9203,149.3732,0.9954,50.6689,148.3353,0.9757,14.9137,149.8377,0.9957
65,183.7680,201.6485,0.9612,159.9469,200.4577,0.9796,136.0859,198.8162,0.9792,112.0105,197.3845,0.9635,75.9477,198.4661,0.9728,143.9135,261.9443,0.9735,119.9713,261.4007,0.9615,95.9981,259.1311,0.9535,72.1570,256.9778,0.9996,36.0734,257.1699,0.9822,124.2266,151.4736,0.9967,99.8102,151.0436,0.9514,76.3052,149.7881,0.9631,51.9867,148.3714,0.9876,16.0830,149.4927,0.9868
66,185.0882,201.3705,0.9724,161.0812,200.4346,0.9962,137.2795,199.1691,0.9982,113.3119,197.3916,0.9619,77.3676,198.0711,0.9635,145.3131,262.2517,0.9520,120.9828,261.1967,0.9993,97.4461,259.1967,0.9697,73.2075,257.2372,0.9974,37.4591,256.9967,0.9603,125.3099,151.5826,0.9579,101.5254,151.3955,0.9752,77.2899,149.6905,0.9660,53.1847,148.4604,0.9730,17.0762,148.9754,0.9984
67,186.5162,201.2966,0.9869,162.2580,200.5568,0.9962,138.6748,199.5048,0.9647,114.4573,197.3783,0.9994,78.5807,197.6818,0.9762,146.3437,262.5828,0.9819,122.5264,261.2686,0.9914,98.7699,259.5835,0.9643,74.5062,257.3542,0.9959,38.5293,256.5158,0.9844,126.3908,151.2710,0.9847,102.1274,151.2237,0.9663,78.3648,150.0787,0.9654,54.4359,148.5019,0.9840,18.6090,148.6257,0.9958
68,187.4250,201.1847,0.9819,163.6595,200.7257,0.9880,139.7158,199.5955,0.9569,115.7695,197.8284,0.9684,79.7464,197.0662,0.9970,147.5299,262.0836,0.9661,123.3980,261.4499,0.9976,99.6521,259.8264,0.9538,75.6838,257.2820,0.9550,39.8092,256.1638,0.9875,127.6233,151.3827,0.9708,103.5216,151.0681,0.9839,79.5627,150.3056,0.9984,55.7588,148.6055,0.9850,19.6149,148.2356,0.9965
69,188.6406,201.1028,0.9698,164.6624,200.8102,0.9567,140.9439,199.7274,0.9807,116.7842,197.9865,0.9974,80.9347,196.4581,0.9991,148.9905,261.9030,0.9604,124.6562,261.1327,0.9679,100.9912,259.9254,0.9784,77.0292,257.5735,0.9733,41.1377,255.6765,0.9964,128.8712,151.3059,0.9556,104.7522,151.0584,0.9908,80.5668,150.8906,0.9767,56.5188,148.8865,0.9899,20.9154,148.2377,0.9518
70,189.7636,200.9535,0.9986,166.0311,200.4772,0.9930,141.9489,200.0109,0.9905,118.1638,198.0392,0.9767,81.9794,196.0722,0.9716,149.9931,261.8537,0.9873,126.3148,261.1122,0.9793,101.9946,260.1462,0.9850,78.2763,258.0782,0.9664,42.2538,255.5044,0.9936,129.7691,150.9908,0.9804,106.0103,151.0676,0.9907,82.0889,150.7622,0.9670,58.0575,149.0964,0.9696,22.1677,147.6717,0.9837
71,191.1251,200.8206,0.9639,166.9985,200.6591,0.9647,143.6587,200.1593,0.9750,119.1691,198.4984,0.9620,83.4622,196.1054,0.9641,151.2655,261.9424,0.9500,127.0343,261.0606,0.9576,103.1738,260.4271,0.9506,79.0535,258.1949,0.9652,43.4439,255.2610,0.9510,131.4891,151.1297,0.9875,107.3702,150.9847,0.9610,83.2797,150.6977,0.9808,59.3078,149.6214,0.9579,23.2291,147.6006,0.9936
72,192.3077,200.6275,0.9697,168.4226,200.5098,0.9571,144.3274,200.5597,0.9510,120.0264,198.8019,0.9948,84.7433,195.7482,0.9838,152.1513,261.4801,0.9655,128.3751,260.4441,0.9989,104.4959,260.4818,0.9774,80.4570,258.6394,0.9849,44.7857,254.7988,0.9537,132.3813,150.4583,0.9603,108.3495,150.7248,0.9723,84.3335,150.9256,0.9516,60.2937,149.9819,0.9895,24.5639,147.3128,0.9796
73,193.6292,200.6034,0.9895,169.4772,200.1122,0.9798,145.5781,200.1628,0.9919,121.6364,199.0546,0.9908,85.6188,196.1597,0.9518,153.4882,261.2872,0.9604,130.0074,260.6317,0.9894,105.6226,260.3651,0.9562,81.5839,259.3085,0.9836,45.7261,255.0354,0.9566,133.7517,150.4649,0.9687,109.6706,150.5320,0.9725,85.6276,151.1049,0.9890,61.5758,150.5800,0.9700,25.8238,147.5837,0.9872
74,194.6597,200.5578,0.9762,170.9679,199.7087,0.9721,146.9818,200.1122,0.9686,122.9906,199.4043,0.9899,86.8878,195.8023,0.9998,154.9582,261.5081,0.9585,130.7174,260.3408,0.9580,106.8351,260.0309,0.9944,82.8919,259.3508,0.9591,46.9827,255.5161,0.9603,134.6245,150.3337,0.9957,110.8682,150.3056,0.9591,86.5356,150.7363,0.9882,62.8052,150.6870,0.9914,26.4928,147.9434,0.9612
75,196.0959,200.0950,0.9574,172.0282,199.5577,0.9793,148.1349,199.6780,0.9509,123.8167,199.6086,0.9594,87.8971,196.2636,0.9940,156.1260,261.3118,0.9595,131.9955,260.3555,0.9830,108.1552,260.0500,0.9955,84.1079,259.5652,0.9991,47.9714,255.7649,0.9561,136.0244,150.4985,0.9625,111.9071,150.0316,0.9801,88.0702,150.6525,0.9770,63.9782,150.6351,0.9645,28.1424,148.0852,0.9785
76,197.1358,200.4991,0.9981,172.8777,199.7955,0.9793,149.2597,199.4994,0.9812,125.1611,199.6902,0.9553,89.3197,196.7953,0.9511,157.3922,261.1445,0.9786,133.1208,259.9125,0.9712,109.1625,259.6129,0.9544,85.2456,259.6380,0.9906,49.3366,256.2093,0.9629,137.2978,150.1992,0.9578,113.4171,149.9295,0.9759,89.0452,150.3234,0.9657,65.0094,151.0647,0.9895,29.1639,148.5403,0.9584
77,198.1627,200.3430,0.9902,174.6179,199.3539,0.9563,150.4486,199.4262,0.9548,126.3291,199.5501,0.9555,90.4450,197.3441,0.9643,158.4701,261.3192,0.9947,134.4768,259.9119,0.9989,110.5612,259.3661,0.9840,86.4428,259.5409,0.9737,50.7588,256.4541,0.9811,138.2857,150.1193,0.9934,114.3608,150.1203,0.9659,90.4108,150.0764,0.9685,66.2854,150.6845,0.9842,30.1486,149.0462,0.9854
78,199.5158,200.4992,0.9638,175.5508,199.1570,0.9768,151.8016,198.8520,0.9750,127.5062,199.4833,0.9769,91.5586,197.8268,0.9659,159.9546,261.1234,0.9963,135.6786,259.7333,0.9743,111.3904,259.0176,0.9892,87.5803,259.2902,0.9690,51.7183,256.9744,0.9828,139.4072,150.2633,0.9943,115.5608,149.6023,0.9846,91.6832,149.8107,0.9543,67.6829,150.7609,0.9927,31.9409,149.7385,0.9773
79,200.7803,200.3000,0.9892,176.6052,199.3998,0.9789,152.9018,198.4845,0.9941,128.9153,199.3237,0.9747,92.7960,198.3000,0.9926,160.6338,261.2219,0.9783,136.6947,259.9413,0.9933,112.9448,259.0768,0.9934,88.9188,259.2677,0.9518,53.0297,257.7110,0.9555,140.6440,150.5380,0.9993,116.8401,149.6274,0.9795,92.7925,149.8045,0.9865,68.7328,150.3417,0.9601,32.7274,150.1181,0.9715
80,201.9538,200.7647,0.9599,178.0141,199.3396,0.9845,154.1182,198.7761,0.9855,129.9432,198.5929,0.9787,94.3799,198.3529,0.9858,161.9976,261.4261,0.9753,138.1962,260.0424,0.9600,114.2642,258.8686,0.9747,90.0141,258.8589,0.9926,54.3554,258.1437,0.9634,142.0437,150.6354,0.9828,118.1566,150.0016,0.9662,94.2599,149.3635,0.9605,70.2100,150.3974,0.9879,34.0195,150.3847,0.9604
81,203.1696,200.8437,0.9692,179.1829,199.8082,0.9672,155.2271,198.4774,0.9502,131.4038,198.3726,0.9911,95.5018,198.3159,0.9906,163.2183,261.7637,0.9617,139.0227,260.1011,0.9998,115.4785,258.4747,0.9657,91.2011,258.3583,0.9646,55.4464,258.2048,0.9548,143.3844,150.8222,0.9909,119.2284,150.1205,0.9609,95.1069,149.4761,0.9626,71.0851,149.9575,0.9748,34.9324,150.6397,0.9822
82,204.3706,200.9809,0.9750,180.5808,199.7569,0.9911,156.5757,198.4382,0.9953,132.5180,198.1312,0.9994,96.5612,198.3174,0.9801,164.4907,262.0791,0.9775,140.4304,260.4286,0.9848,116.6435,258.7415,0.9602,92.7229,258.0006,0.9721,56.3316,258.2283,0.9788,144.2595,151.1301,0.9778,120.3377,150.2485,0.9792,96.3852,149.1431,0.9577,72.5317,149.0843,0.9549,36.3715,151.2033,0.9561
83,205.6906,201.1805,0.9573,181.7237,200.2357,0.9510,157.5049,198.3110,0.9730,133.3661,197.5891,0.9751,97.6722,198.5731,0.9941,165.3316,262.0309,0.9888,141.5190,260.9511,0.9700,117.6925,258.7891,0.9819,93.5572,257.5673,0.9538,57.6365,258.3385,0.9712,145.5528,151.1198,0.9625,121.8084,150.2500,0.9575,97.7618,149.2553,0.9651,73.8244,149.1885,0.9590,37.2533,150.6090,0.9628
84,206.9337,201.6289,0.9731,183.0953,200.5390,0.9659,159.0763,198.6785,0.9673,134.8226,197.3838,0.9976,98.5513,198.0408,0.9531,166.8103,262.0647,0.9948,142.8241,260.7155,0.9565,118.7814,258.6180,0.9640,94.9046,257.6113,0.9777,58.6807,258.1008,0.9674,146.8578,151.1306,0.9648,122.9404,150.7370,0.9591,98.7531,149.5112,0.9657,74.7781,148.9976,0.9745,38.8705,150.7556,0.9754
85,207.9891,201.6784,0.9687,184.1714,200.4101,0.9859,160.0482,198.6466,0.9658,135.9493,197.3040,0.9661,99.9495,197.6509,0.9968,167.7477,262.4418,0.9934,143.9871,260.8755,0.9790,120.4585,259.3526,0.9806,96.2427,257.3967,0.9581,59.8713,257.6775,0.9561,148.2135,151.1662,0.9708,123.8816,150.7707,0.9969,99.8393,149.6649,0.9692,76.0432,148.8942,0.9718,39.8924,150.1554,0.9719
86,209.1727,201.6415,0.9926,185.1926,200.8133,0.9990,161.2188,198.8367,0.9557,137.0294,197.3281,0.9931,101.3499,197.1442,0.9572,169.4874,262.4398,0.9656,145.1048,261.1444,0.9909,121.4188,259.4394,0.9588,97.1989,256.9851,0.9751,61.2719,257.1851,0.9635,149.2927,151.1772,0.9941,125.0819,151.1525,0.9883,101.0396,149.9551,0.9985,77.4653,148.7357,0.9753,41.3794,149.8246,0.9939
87,210.6651,201.5712,0.9903,186.4920,200.8590,0.9618,162.5293,199.2878,0.9557,138.2887,197.0702,0.9553,102.5698,196.8227,0.9877,170.6354,262.4807,0.9826,146.2717,261.0230,0.9644,122.4852,259.5743,0.9585,98.4377,257.1888,0.9823,62.4817,256.7784,0.9630,150.2966,151.3385,0.9929,126.5245,151.1673,0.9721,102.2918,149.9925,0.9824,78.4135,148.7581,0.9998,42.1166,149.6254,0.9964
88,211.4928,201.1825,0.9532,187.3959,200.4914,0.9895,163.6076,199.3832,0.9540,139.6614,197.0552,0.9954,103.6426,196.2580,0.9909,171.5517,262.0920,0.9938,147.4896,261.4129,0.9872,123.9115,259.7183,0.9517,99.8258,257.5779,0.9756,63.7300,256.3681,0.9927,151.5519,151.4359,0.9868,128.1251,151.0923,0.9658,103.3292,150.2806,0.9523,79.8932,149.0621,0.9680,43.6230,148.7837,0.9883
89,212.7901,201.6050,0.9822,188.8855,200.6404,0.9659,164.4813,199.8971,0.9698,140.8791,197.6053,0.9979,105.2565,195.9882,0.9628,172.7105,262.0653,0.9696,148.6332,261.3964,0.9657,124.9767,260.2834,0.9889,100.8382,258.0004,0.9982,65.2269,256.1234,0.9593,152.7067,151.3135,0.9536,128.7529,151.5232,0.9587,104.7378,150.7910,0.9728,80.7815,149.4578,0.9801,44.6852,148.8534,0.9954
90,213.6206,201.0455,0.9600,189.9484,200.6086,0.9604,166.2204,199.9885,0.9838,141.8728,197.7758,0.9698,106.2282,195.7859,0.9797,174.0440,261.7980,0.9695,150.1131,261.2290,0.9697,126.0567,260.3932,0.9783,101.8598,258.2936,0.9752,66.1218,255.8042,0.9774,153.9464,150.6524,0.9676,130.1654,151.2362,0.9965,106.0198,151.1876,0.9750,82.0884,149.8284,0.9989,46.3286,148.4636,0.9916
91,215.5456,201.2081,0.9997,191.0855,200.8038,0.9839,167.3058,199.8865,0.9595,143.1261,198.2637,0.9539,107.5086,195.2070,0.9521,175.3278,261.8624,0.9595,151.1693,261.0861,0.9904,127.3225,260.5770,0.9887,103.3668,258.5360,0.9630,67.6185,255.7634,0.9908,155.0975,150.6030,0.9877,131.0610,150.8374,0.9994,107.1762,150.9928,0.9999,83.1889,150.2078,0.9774,47.0277,148.0244,0.9816
92,216.4428,200.9810,0.9664,192.6045,200.3959,0.9741,168.4542,200.1654,0.9585,144.4126,198.4793,0.9537,108.9302,195.2712,0.9813,176.0920,261.4718,0.9888,152.5701,260.5661,0.9513,128.4168,260.6930,0.9860,104.4202,258.7891,0.9598,68.5343,255.2621,0.9751,156.4681,150.5330,0.9601,132.5946,150.6429,0.9845,108.4244,151.0151,0.9955,84.2812,150.2453,0.9605,48.3584,148.5300,0.9673
93,217.7922,200.9813,0.9994,193.6646,199.9513,0.9850,169.5969,199.9951,0.9883,145.7299,198.7063,0.9639,109.8101,195.3892,0.9593,177.4933,261.2164,0.9542,153.9755,260.5295,0.9931,129.4490,260.7268,0.9560,105.3696,259.3458,0.9831,69.9452,255.5499,0.9643,157.5397,150.5553,0.9739,133.6348,150.3302,0.9704,109.4543,151.0621,0.9503,85.6721,150.7239,0.9704,49.7183,148.2348,0.9548
94,218.6556,200.5482,0.9990,195.0156,199.8337,0.9855,170.7019,199.9592,0.9999,146.8365,198.9515,0.9674,110.7017,195.4778,0.9840,178.9577,261.0476,0.9696,154.9779,260.5156,0.9848,130.6985,260.3555,0.9873,106.8677,259.5646,0.9705,70.9517,255.9992,0.9608,158.8756,150.2131,0.9788,134.5267,150.4081,0.9521,110.6699,151.2405,0.9743,86.5753,150.6281,0.9793,50.7103,148.5688,0.9678
95,220.0214,200.5950,0.9978,196.2850,199.6172,0.9503,171.8683,199.7688,0.9638,148.0675,199.0623,0.9561,112.3190,195.7234,0.9780,179.7437,261.0932,0.9935,156.1461,260.2423,0.9940,131.8282,260.1977,0.9769,108.0779,259.7255,0.9608,72.2523,255.9781,0.9921,159.8891,149.9494,0.9837,136.3095,150.2501,0.9580,112.2562,151.0105,0.9692,87.9580,151.3933,0.9812,52.0808,149.1381,0.9911
96,221.3765,200.7157,0.9837,197.1966,199.4638,0.9968,173.3619,199.2403,0.9898,149.3845,199.2500,0.9959,113.2600,196.3257,0.9752,180.9895,261.1857,0.9606,157.3753,260.2576,0.9604,133.1687,259.8161,0.9616,109.2740,259.5991,0.9516,73.3531,256.8556,0.9878,161.2505,150.2041,0.9792,137.3161,150.0283,0.9858,112.9867,151.0557,0.9857,89.3130,151.3094,0.9652,53.1546,149.5459,0.9697
97,222.4996,200.1849,0.9530,198.3026,199.5333,0.9915,174.5260,199.0652,0.9694,150.3207,199.3029,0.9959,114.5220,196.7048,0.9548,182.2713,261.1333,0.9509,158.5964,260.2212,0.9634,134.2003,259.7260,0.9599,110.3706,259.7388,0.9925,74.5025,257.0876,0.9938,162.2253,150.1870,0.9542,138.5020,149.7683,0.9780,114.4639,150.2045,0.9984,90.6187,151.2016,0.9640,54.3088,149.9883,0.9642
98,223.7377,200.3903,0.9906,199.7298,199.4907,0.9682,175.6922,198.7407,0.9899,151.3703,198.7160,0.9830,115.9194,197.1921,0.9880,183.7309,261.2755,0.9752,159.3414,259.9063,0.9724,135.5677,259.4037,0.9592,111.4461,259.5670,0.9882,75.3568,257.6174,0.9903,163.6692,150.2215,0.9865,139.5815,149.6867,0.9639,115.4263,150.0515,0.9529,91.7878,151.0735,0.9641,55.7236,150.4272,0.9867
99,224.8801,200.6777,0.9859,200.6770,199.3366,0.9826,176.7791,198.6463,0.9962,152.8971,198.8904,0.9868,116.9717,197.4533,0.9726,184.6541,261.3556,0.9559,161.1424,260.1259,0.9944,136.9258,259.1673,0.9966,112.6886,259.4728,0.9779,76.8965,257.9600,0.9939,164.8729,150.3174,0.9722,140.6937,149.9536,0.9666,116.8208,149.8588,0.9853,92.6180,150.7086,0.9579,57.1333,150.9900,0.9615
100,225.9550,200.8395,0.9908,201.9575,199.7273,0.9502,178.1534,198.4187,0.9982,153.9048,198.4047,0.9838,117.9884,197.7844,0.9881,186.1765,261.5334,0.9906,162.1126,259.9474,0.9784,137.7782,259.0314,0.9859,114.0195,259.3905,0.9917,78.2170,258.6355,0.9521,165.6992,150.3018,0.9530,142.0723,149.9581,0.9558,117.9919,149.5434,0.9941,93.8663,150.6292,0.9710,58.0542,151.3659,0.9520
101,227.3684,201.2808,0.9865,203.1710,199.4716,0.9941,179.3563,198.5139,0.9745,155.4657,197.9764,0.9904,119.3142,198.1147,0.9954,187.2152,261.6282,0.9830,163.1620,260.4810,0.9867,139.0583,258.7447,0.9717,115.5216,258.8954,0.9962,79.2669,258.4607,0.9574,167.2573,150.4065,0.9987,143.4869,150.3052,0.9866,119.4205,149.5293,0.9771,95.3094,150.3713,0.9970,59.2760,151.5537,0.9934
102,228.1739,201.4457,0.9724,204.5516,199.8382,0.9686,180.4156,198.2755,0.9832,156.3664,197.8131,0.9909,120.7126,198.0412,0.9526,188.3638,261.7473,0.9689,164.3878,260.6227,0.9778,140.5494,258.7871,0.9505,116.5427,258.2303,0.9850,80.3466,258.5156,0.9579,168.3660,150.8601,0.9954,144.3531,150.1193,0.9828,120.4629,149.5943,0.9773,96.3513,150.0851,0.9559,60.4096,151.4842,0.9934
103,229.6482,201.6595,0.9556,205.7144,200.1771,0.9674,181.6488,198.0602,0.9750,157.5846,197.3551,0.9679,121.7596,197.9493,0.9589,189.5321,262.0500,0.9675,165.5128,260.5009,0.9522,141.4627,258.8361,0.9858,117.4905,258.1171,0.9941,81.5724,258.6931,0.9650,169.4531,151.1176,0.9901,145.5120,150.4764,0.9608,121.4967,149.6478,0.9821,97.8001,149.6916,0.9907,61.6166,151.9376,0.9929
104,230.6800,201.6044,0.9782,206.7294,200.2332,0.9690,182.9362,198.4306,0.9651,158.8641,197.1047,0.9968,122.7658,197.6744,0.9985,190.4835,262.0811,0.9867,166.7873,260.8155,0.9751,142.6193,258.7798,0.9591,118.7741,257.6015,0.9785,82.6029,258.7132,0.9545,170.6807,151.3319,0.9629,146.8984,150.7491,0.9693,122.7258,149.7274,0.9891,98.9019,149.2197,0.9600,62.8420,151.2741,0.9703
105,232.0388,201.9015,0.9801,207.9437,200.8243,0.9976,183.9108,198.7675,0.9676,160.0850,196.7417,0.9911,123.7646,197.3149,0.9513,191.7405,262.6870,0.9518,168.1558,260.9496,0.9829,143.9784,259.0527,0.9657,120.2772,257.6042,0.9724,84.0863,258.3869,0.9644,171.8766,151.3263,0.9751,148.3632,151.0344,0.9675,124.1622,149.7453,0.9590,99.7303,149.4968,0.9719,63.8203,151.1935,0.9673
106,233.1190,201.7488,0.9559,208.9602,200.5397,0.9900,185.0993,199.0593,0.9827,161.4565,196.8612,0.9723,125.0100,197.0876,0.9900,193.2937,262.2847,0.9734,169.3653,261.1799,0.9507,145.1699,259.5258,0.9716,121.2213,257.9897,0.9813,85.1458,257.7639,0.9923,173.1159,151.2869,0.9993,149.2278,151.0348,0.9766,125.1481,150.3284,0.9695,101.0863,149.6400,0.9839,65.2805,150.7884,0.9946
107,234.4988,201.7979,0.9622,210.5049,200.7676,0.9846,186.5163,198.9236,0.9786,162.4749,196.7947,0.9782,126.4584,196.5755,0.9696,194.2981,261.9996,0.9857,170.1934,261.3774,0.9819,146.4659,259.9310,0.9731,122.3608,257.7907,0.9842,86.6502,257.3970,0.9740,174.5553,151.0010,0.9725,150.4180,151.1498,0.9932,126.4763,150.2580,0.9732,102.2945,149.4459,0.9848,66.4145,150.2564,0.9909
108,235.5285,201.6258,0.9734,211.5653,200.9459,0.9597,187.2348,198.8819,0.9775,163.7009,197.0478,0.9948,127.6493,195.9408,0.9778,195.5433,261.9650,0.9572,171.7640,261.2962,0.9714,147.5631,260.1319,0.9920,123.5737,257.7228,0.9710,87.5852,256.7399,0.9580,175.6735,150.8245,0.9998,151.5581,151.3882,0.9985,127.4653,150.6426,0.9720,103.7498,149.7459,0.9997,67.6836,149.9264,0.9709
109,236.6640,201.5971,0.9739,212.7685,200.7774,0.9594,188.6740,199.5537,0.9700,164.7330,196.9710,0.9925,129.1212,195.4405,0.9553,196.8040,261.8267,0.9899,172.9022,261.4087,0.9551,148.9640,260.5002,0.9664,124.9153,258.1638,0.9521,89.1031,256.3141,0.9863,176.7190,150.7918,0.9694,152.7986,151.2467,0.9925,128.8596,150.8163,0.9671,105.0026,149.8488,0.9643,68.7639,149.4578,0.9850
110,237.8231,201.5478,0.9930,213.9653,200.5306,0.9533,190.0371,199.8258,0.9536,166.0500,197.6832,0.9949,130.0242,195.1027,0.9890,197.8605,261.8350,0.9867,174.0543,261.2529,0.9643,149.9782,260.4640,0.9526,126.2114,258.2628,0.9956,90.1888,256.6562,0.9532,177.8790,150.5439,0.9686,153.7896,151.1623,0.9826,129.9628,151.1430,0.9669,106.0204,150.2581,0.9722,70.0221,149.4739,0.9560
111,239.2887,201.2418,0.9913,215.1451,200.5024,0.9833,191.2895,200.0565,0.9571,167.1149,197.7616,0.9902,131.3257,195.1413,0.9625,199.4049,261.7824,0.9628,175.5784,261.1407,0.9631,151.1516,260.5277,0.9656,127.3629,258.8508,0.9641,91.2650,255.9391,0.9565,179.3772,150.8462,0.9943,155.2410,150.8824,0.9771,131.1974,151.5290,0.9679,107.1246,150.4786,0.9772,71.2523,148.8505,0.9852
112,240.4804,200.9444,0.9531,216.3591,200.3887,0.9565,192.3581,199.7270,0.9537,168.4442,198.4653,0.9759,132.4907,194.6545,0.9709,200.6745,261.5214,0.9540,176.3667,261.1922,0.9754,152.1812,260.6873,0.9769,128.5718,259.2051,0.9549,92.3848,256.1191,0.9626,180.3451,150.5279,0.9897,156.3685,150.8306,0.9915,132.3395,151.4420,0.9951,108.4961,150.9305,0.9731,72.5462,149.0310,0.9504
113,241.6769,200.6847,0.9772,217.5717,200.2355,0.9870,193.5173,200.0381,0.9643,169.7913,198.6185,0.9685,133.6417,195.0416,0.9826,201.5116,261.2089,0.9819,177.5753,260.8358,0.9718,153.6434,260.6737,0.9989,129.6446,259.6604,0.9648,93.6966,256.3535,0.9960,181.6381,150.3769,0.9584,157.4287,150.3798,0.9742,133.4867,151.2375,0.9910,109.6882,151.4006,0.9684,73.2572,149.4562,0.9744
114,242.9378,200.8356,0.9924,218.8698,199.8796,0.9826,194.7114,199.7171,0.9911,170.7189,198.9368,0.9540,135.0167,195.1676,0.9653,202.8697,261.2876,0.9741,178.9007,260.4948,0.9675,154.6449,260.2260,0.9941,130.8113,259.5595,0.9543,94.9952,256.3627,0.9782,182.8076,149.8443,0.9861,158.8172,150.1527,0.9699,134.9860,151.0579,0.9984,110.9980,151.5610,0.9926,74.9232,149.3539,0.9611
115,243.9361,200.7259,0.9858,219.9027,199.7853,0.9626,196.1409,199.8217,0.9577,171.9235,199.0630,0.9816,136.3195,195.2003,0.9745,204.1053,260.8427,0.9823,180.3251,260.5035,0.9819,156.1343,260.5981,0.9888,132.1087,260.0312,0.9657,96.1220,256.9173,0.9689,183.8427,150.0957,0.9784,160.0966,150.1231,0.9958,136.0381,151.0075,0.9985,111.9246,151.5063,0.9652,76.0217,149.7409,0.9840
116,245.2452,200.5949,0.9861,221.1699,199.2045,0.9563,196.9520,198.8026,0.9939,173.1722,199.0678,0.9682,137.1598,195.7913,0.9973,205.1396,260.8881,0.9810,181.2470,260.0865,0.9692,157.4178,260.2355,0.9511,133.1179,260.3551,0.9967,97.0476,257.2266,0.9760,185.0972,149.7908,0.9997,161.3859,149.8103,0.9933,137.3120,150.8766,0.9886,113.3613,151.8946,0.9944,77.2932,150.3103,0.9604
117,246.4503,200.6516,0.9812,222.2818,199.4883,0.9778,198.6682,199.1838,0.9853,174.5583,198.9409,0.9657,138.4008,196.3323,0.9744,206.2165,260.8786,0.9913,182.5186,259.9898,0.9711,158.1305,259.8472,0.9811,134.3230,259.9829,0.9715,98.5447,257.5835,0.9699,186.3402,149.8731,0.9641,162.2302,149.7254,0.9640,138.2497,150.7103,0.9582,114.4046,151.9081,0.9920,78.7363,150.6626,0.9512
118,247.3230,200.8191,0.9622,223.7552,199.4355,0.9605,199.4281,198.7034,0.9634,175.4877,198.7512,0.9897,139.4630,196.5206,0.9604,207.5714,260.7342,0.9751,183.5582,260.0766,0.9545,159.6454,259.6002,0.9627,135.5913,259.6870,0.9580,99.5343,258.2886,0.9596,187.6679,149.9706,0.9920,163.7696,149.7082,0.9793,139.5030,150.3389,0.9834,115.4549,151.7273,0.9967,79.4160,151.0202,0.9846
119,248.4732,200.8570,0.9774,224.8652,199.4804,0.9847,200.7664,198.5844,0.9806,176.8538,198.4805,0.9554,140.7533,196.9798,0.9540,208.7770,261.1067,0.9532,184.7903,260.2183,0.9844,160.6367,259.6775,0.9998,136.7712,259.6268,0.9603,100.9172,258.5937,0.9543,188.7627,149.9526,0.9620,164.5431,149.7751,0.9834,140.7531,150.2115,0.9943,116.8977,151.3504,0.9953,80.8200,151.6390,0.9924
120,250.3918,201.0348,0.9530,226.1076,199.5646,0.9989,202.0233,198.1463,0.9677,178.0866,198.2460,0.9560,142.0954,197.2231,0.9619,210.0820,261.4502,0.9980,185.9359,260.2131,0.9803,162.2807,259.1043,0.9697,138.1727,259.4560,0.9583,101.9686,259.0328,0.9623,189.6010,150.1500,0.9979,166.0447,149.9711,0.9961,141.8943,149.9975,0.9645,118.0773,150.9632,0.9835,82.0140,152.0919,0.9996
121,251.2085,201.2951,0.9832,227.3752,199.8040,0.9812,203.2593,198.3383,0.9591,179.4305,197.9970,0.9804,143.2772,197.6421,0.9650,211.2566,261.6257,0.9720,187.0720,260.2678,0.9532,163.2602,258.9737,0.9516,139.0735,258.9403,0.9672,103.4275,259.2776,0.9918,191.1881,150.5947,0.9544,167.3679,149.9780,0.9679,143.2120,149.7081,0.9785,119.4012,150.5152,0.9735,83.3892,152.4744,0.9886
122,252.2040,201.5306,0.9880,228.3944,200.3117,0.9887,204.4287,197.8957,0.9831,180.6554,197.3788,0.9656,144.4739,197.8003,0.9595,212.2583,261.6969,0.9923,188.4105,260.5879,0.9669,164.5662,258.8451,0.9737,140.3715,258.7622,0.9998,104.2543,259.5793,0.9766,192.4491,150.5563,0.9524,168.4776,150.0988,0.9809,144.5214,149.6231,0.9677,120.0791,150.3468,0.9526,84.3284,152.4632,0.9621
123,253.4204,201.6396,0.9571,229.8391,200.0860,0.9670,205.5316,198.1379,0.9553,181.9748,197.2700,0.9502,145.6930,197.3331,0.9735,213.5761,261.7715,0.9619,189.5744,260.6922,0.9575,165.8874,259.0069,0.9714,141.6856,258.6343,0.9797,105.6494,259.5588,1.0000,193.6131,150.5882,0.9625,169.6937,150.5691,0.9577,145.5016,149.7183,0.9639,121.4709,149.7899,0.9570,85.6981,152.2389,0.9883
124,254.5550,201.4435,0.9869,231.1306,200.4682,0.9976,207.1000,198.1761,0.9798,182.9087,197.1130,0.9870,146.6371,197.4995,0.9762,214.4884,262.0553,0.9613,190.8683,261.1342,0.9857,166.6913,259.2045,0.9949,143.2356,258.0900,0.9587,106.8530,259.2619,0.9569,194.8591,150.9161,0.9528,170.9294,150.6568,0.9863,146.6392,150.1071,0.9528,123.0203,149.7292,0.9520,86.9547,152.1172,0.9976
125,255.9332,201.8863,0.9777,232.3267,200.7970,0.9937,208.1049,198.5071,0.9929,184.1797,196.5999,0.9562,147.8421,196.8879,0.9941,216.1275,262.0164,0.9668,192.3790,261.2265,0.9782,168.1735,259.4713,0.9942,144.1343,258.0216,0.9965,108.2042,259.0043,0.9604,195.9475,150.8216,0.9677,171.8850,150.5223,0.9574,147.7483,150.1517,0.9630,123.8439,149.7252,0.9502,87.8460,152.0348,0.9933
126,257.2655,201.9262,0.9920,233.0381,200.9742,0.9907,209.2461,198.8970,0.9585,185.3532,196.4463,0.9560,149.3831,196.6728,0.9732,217.1072,262.1997,0.9900,193.0474,261.6546,0.9902,169.2473,259.3106,1.0000,145.0616,258.1238,0.9595,109.3295,258.5435,0.9528,197.1093,151.0211,0.9523,173.4016,151.0464,0.9747,149.0736,150.5882,0.9811,125.3471,149.8103,0.9685,89.2508,151.6514,0.9666
127,258.2127,201.8967,0.9730,234.4794,200.8903,0.9514,210.4865,198.8422,0.9981,186.4144,196.7990,0.9706,150.4436,196.0077,0.9847,218.4283,262.0298,0.9644,194.2975,261.2759,0.9668,170.6730,259.9034,0.9663,146.5602,258.1696,0.9764,110.4590,258.2589,0.9583,198.4556,151.1210,0.9822,174.5522,151.4114,0.9782,150.3249,150.5612,0.9805,126.3340,149.8085,0.9921,90.4193,151.0819,0.9508
128,259.3607,201.8195,0.9794,235.4335,200.6840,0.9833,211.3674,198.9390,0.9744,187.8084,196.9592,0.9844,151.8627,195.8665,0.9766,219.5771,261.9960,0.9940,195.7331,261.0929,0.9991,171.3814,260.5495,0.9633,147.6256,258.4819,0.9750,111.9142,257.5479,0.9624,199.5395,150.9165,0.9519,175.4261,151.2328,0.9696,151.6898,150.9501,0.9732,127.2990,149.9393,0.9858,91.2886,150.6889,0.9726
129,260.4740,201.5018,0.9728,236.8665,200.9308,0.9506,212.7617,199.4755,0.9886,189.1005,197.6208,0.9706,153.1347,194.9366,0.9587,220.6356,261.8387,0.9749,196.8057,261.5048,0.9584,172.6123,260.4439,0.9503,148.7243,258.8048,0.9765,112.6930,257.2364,0.9536,200.6172,150.8792,0.9723,176.9181,151.0566,0.9849,152.5953,151.3925,0.9519,128.7164,150.3224,0.9538,92.6538,150.2924,0.9862
130,262.1853,201.5569,0.9572,238.0828,200.6650,0.9961,213.9604,199.9092,0.9743,190.2803,197.3307,0.9761,154.2118,195.1196,0.9697,222.0521,261.5982,0.9582,198.0251,261.2685,0.9870,173.8653,260.8439,0.9786,150.0684,259.0571,0.9590,113.9549,257.2174,0.9829,201.9731,150.4834,0.9545,177.9104,151.1768,0.9699,154.1031,151.4827,0.9957,129.8358,150.3571,0.9694,93.8857,150.1208,0.9991
131,263.0863,201.3864,0.9718,239.0258,200.3664,0.9869,215.2896,199.7764,0.9903,191.2511,197.6927,0.9696,155.5223,194.5410,0.9888,223.1441,261.4705,0.9723,199.3339,261.1229,0.9584,175.3001,260.9460,0.9833,151.4086,259.4657,0.9954,115.3335,256.6393,0.9937,203.1711,150.2507,0.9521,179.4002,150.7739,0.9630,155.2616,151.5667,0.9964,131.0322,151.0781,0.9672,95.0920,149.9280,0.9735
132,264.3703,201.1849,0.9695,240.1826,200.4123,0.9840,216.4518,199.8583,0.9943,192.5982,197.9117,0.9613,156.7520,194.5156,0.9571,224.2484,261.3696,0.9738,200.2805,261.0539,0.9964,176.4124,260.9841,0.9528,152.3897,259.9013,0.9888,116.6284,256.5280,0.9655,204.2851,150.0554,0.9901,180.4119,150.7993,0.9934,156.6448,151.4653,0.9770,132.1584,151.3477,0.9819,96.2675,149.9785,0.9739
133,265.4453,201.0594,0.9813,241.7121,200.1416,0.9759,217.7188,199.6482,0.9702,193.6882,198.4427,0.9891,157.6646,194.9648,0.9654,225.4885,261.3281,0.9673,201.5371,260.6937,0.9845,177.8900,260.7138,0.9901,153.7176,260.0001,0.9926,117.5192,256.8558,0.9661,205.7072,149.7987,0.9571,181.7072,150.5241,0.9549,157.4752,151.6322,0.9605,133.6667,151.8416,0.9666,97.4464,150.1991,0.9720
134,266.4832,200.9131,0.9990,242.9404,200.0840,0.9678,218.9705,199.5735,0.9712,194.5856,198.8150,0.9686,158.9012,194.8604,0.9521,226.5285,260.9949,0.9997,202.6238,260.4239,0.9958,179.0643,260.7338,0.9577,154.8159,259.9983,0.9954,118.8428,257.3137,0.9729,206.6892,149.8517,0.9800,182.8740,150.3427,0.9901,158.6817,151.4852,0.9759,134.6402,151.6365,0.9625,98.7421,150.4097,0.9674
135,268.0453,200.5980,0.9849,244.1431,200.1800,0.9776,219.9477,199.6225,0.9670,196.0758,198.9223,0.9602,160.0186,194.9406,0.9925,228.1037,261.1153,0.9852,203.9473,260.4204,0.9777,180.1788,260.5522,0.9675,155.8774,260.2239,0.9802,120.3161,257.4187,0.9960,207.8657,149.4734,0.9870,184.0355,150.1617,0.9985,160.1505,151.2452,0.9589,136.1654,152.1217,0.9535,100.2405,150.5344,0.9636
136,269.2180,200.8494,0.9585,245.1558,199.8948,0.9928,221.4435,199.2932,0.9930,197.4072,198.9224,0.9954,161.5644,195.3858,0.9626,229.5184,260.8756,0.9946,205.0006,260.4034,0.9816,181.2919,260.5961,0.9805,157.3251,260.4856,0.9779,121.3289,258.2587,0.9895,209.0611,149.2633,0.9925,185.3269,149.9287,0.9849,161.2601,151.1654,0.9765,136.9784,151.9677,0.9551,101.0196,151.2673,0.9863
137,270.6405,200.7089,0.9919,246.4572,199.5703,0.9807,222.6035,199.3948,0.9837,198.7701,198.9525,0.9723,162.6918,195.9818,0.9992,230.3258,260.9576,0.9857,206.5723,260.0754,0.9774,182.3814,260.1756,0.9996,158.4065,260.4242,0.9545,121.9806,258.5071,0.9933,210.3373,149.7817,0.9726,186.3726,149.5673,0.9825,162.3544,150.7731,0.9604,138.4524,152.0843,0.9640,102.4462,151.8489,0.9528
138,271.8161,201.0324,0.9807,247.7601,199.7794,0.9664,223.4651,198.5968,0.9534,199.4068,198.6933,0.9982,163.7552,196.3876,0.9820,231.5434,261.0088,0.9524,207.6567,260.2229,0.9774,183.7289,260.0227,0.9971,159.4079,260.5417,0.9565,123.6998,258.7750,0.9554,211.4639,149.5671,0.9827,187.3774,149.6916,0.9862,163.3069,150.4451,0.9606,139.4173,152.4304,0.9826,103.5822,152.2031,0.9814
139,272.6835,201.0347,0.9613,248.8566,199.6257,0.9599,224.8644,198.3207,0.9775,200.5302,198.5729,0.9712,165.0371,196.8021,0.9562,233.0798,261.0494,0.9642,208.7492,260.3875,0.9653,184.6005,259.4881,0.9766,160.9489,260.0840,0.9729,124.7678,259.4203,0.9996,212.7849,150.1504,0.9931,188.6683,149.7511,0.9790,164.5959,150.3544,0.9918,141.1038,151.9550,0.9898,104.8819,152.4901,0.9667
140,274.0159,201.2062,0.9882,249.8657,199.5914,0.9613,226.2698,198.1306,0.9892,201.9473,198.3862,0.9695,165.9156,197.2303,0.9826,233.9100,261.0687,0.9986,210.2020,260.1788,0.9865,186.0667,259.3337,0.9746,161.9585,260.1157,0.9820,126.0071,259.5735,0.9855,214.0682,149.8695,0.9778,190.0936,150.0768,0.9562,166.0129,150.3188,0.9959,142.0129,151.3818,0.9920,106.0043,152.8519,0.9683
141,274.9634,201.7009,0.9595,251.3003,199.7962,0.9598,227.2890,198.1021,0.9525,203.3418,197.7100,0.9920,167.0407,197.3842,0.9918,235.1894,261.6223,0.9735,211.4470,260.0545,0.9902,187.1274,259.2920,0.9759,163.1955,259.5458,0.9524,127.2047,259.9544,0.9698,215.2338,150.4141,0.9814,191.2559,149.9275,0.9842,167.3884,149.8662,0.9894,143.4630,151.1552,0.9525,107.2126,153.0570,0.9922
142,276.4985,201.7628,0.9931,252.6617,199.9294,0.9903,228.6357,198.3614,0.9810,204.3042,197.4379,0.9670,168.4684,197.2955,0.9674,236.1312,261.5052,0.9648,212.1978,260.5107,0.9723,188.8328,258.8138,0.9600,164.5130,259.1245,0.9614,128.4694,260.0360,0.9573,216.3741,150.5709,0.9986,192.6638,150.2513,0.9510,168.5551,150.0655,0.9788,144.4493,151.0468,0.9825,108.3357,153.0487,0.9814
143,277.5791,201.6609,0.9974,253.7472,200.5291,0.9563,229.5792,197.9420,0.9600,205.7516,197.3322,0.9687,169.6727,197.4222,0.9618,237.7175,261.4981,0.9629,213.9638,260.4073,0.9978,189.6098,259.1632,0.9553,165.7283,258.8659,0.9839,129.3480,260.0914,0.9816,217.6532,150.4628,0.9587,193.7072,150.3267,0.9527,169.4873,150.0444,0.9830,145.6373,150.4612,0.9684,109.6535,152.8970,0.9866
144,278.8203,201.8258,0.9593,254.8312,200.4611,0.9839,230.7286,198.4092,0.9796,206.7967,196.9101,0.9918,171.0798,197.1990,0.9804,238.9184,261.6833,0.9860,214.8619,260.9129,0.9511,190.7822,259.4353,0.9536,166.9137,258.8169,0.9852,130.8639,259.9351,0.9966,218.9401,150.7476,0.9575,194.6011,150.6138,0.9855,170.9746,150.0990,0.9898,146.6372,150.0393,0.9677,110.4857,153.1113,0.9712
145,279.9900,201.9467,0.9524,255.8935,200.8827,0.9871,232.1323,198.5003,0.9843,207.8134,196.8393,0.9788,172.2989,196.7145,0.9792,240.0018,261.8693,0.9579,216.0001,260.8550,0.9773,192.2350,259.6604,0.9506,167.8782,258.3299,0.9937,131.8676,259.8344,0.9644,220.0870,150.8896,0.9945,196.1372,150.9030,0.9787,172.0466,150.4713,0.9594,147.9724,150.3293,0.9811,111.7990,152.6609,0.9975
146,281.0371,202.2478,0.9995,257.1306,200.9018,0.9916,233.2889,198.6881,0.9862,209.5497,196.9011,0.9872,173.2802,196.4921,0.9904,240.9720,261.9890,0.9680,217.3101,261.6428,0.9899,193.2839,259.8143,0.9785,169.2669,258.6293,0.9871,133.0680,259.3832,0.9701,221.0237,150.8491,0.9934,197.0743,151.1548,0.9703,173.3039,150.4112,0.9669,149.5344,150.3105,0.9661,113.2465,152.0947,0.9729
147,282.3386,202.1462,0.9982,258.5416,201.1200,0.9600,234.4391,199.0977,0.9840,210.5787,197.0304,0.9546,174.5704,195.9957,0.9944,242.3558,261.9286,0.9558,218.2578,261.3000,0.9582,194.2930,260.4538,0.9868,170.0362,258.8348,0.9538,134.1113,258.8823,0.9990,222.4784,150.7335,0.9905,198.4572,150.9769,0.9905,174.4843,150.7936,0.9819,150.4154,149.8165,0.9523,114.2831,151.9607,0.9505
148,283.2721,201.5100,0.9910,259.4290,200.8664,0.9979,235.6520,199.4476,0.9794,211.8339,196.7830,0.9927,175.6097,195.3940,0.9583,243.6333,261.7296,0.9649,219.6547,261.4765,0.9636,195.8012,260.7181,0.9723,171.8569,259.0563,0.9773,135.8421,258.4962,0.9904,223.5126,150.5101,0.9989,199.6814,151.3719,0.9507,175.4751,151.2745,0.9589,151.6702,150.1559,0.9638,115.6621,151.8628,0.9950
149,284.5675,201.7727,0.9698,260.9307,200.7870,0.9660,237.0501,199.5231,0.9728,212.9315,197.0500,0.9537,176.8271,194.9481,0.9977,244.8999,261.6717,0.9941,220.6334,261.3417,0.9797,196.5161,260.7086,0.9682,172.8999,259.1678,0.9567,136.8154,257.8939,0.9928,224.8780,150.4572,0.9943,200.8414,150.9640,0.9657,176.8757,151.2757,0.9542,153.0267,150.8565,0.9920,116.4827,151.1418,0.9665
150,286.1645,201.9068,0.9597,261.9585,200.7632,0.9587,238.0338,199.7977,0.9734,214.1811,197.4672,0.9943,178.2048,194.5134,0.9672,245.9808,261.4387,1.0000,221.9627,261.2938,0.9907,198.0031,260.7465,0.9937,174.1102,259.7028,0.9524,138.2915,257.7198,0.9755,225.7467,150.4530,0.9560,201.7775,151.0901,0.9589,178.2096,151.6789,0.9607,154.1395,151.1992,0.9986,117.7475,150.8643,0.9648
151,287.2728,201.5725,0.9731,263.1470,200.7164,0.9811,239.3330,199.9691,0.9733,215.3314,197.8978,0.9802,179.3062,194.6523,0.9947,247.0101,261.4332,0.9697,223.1599,260.8336,0.9600,199.2828,261.4017,0.9667,175.2108,259.9319,0.9881,139.2427,257.6666,0.9800,227.0474,150.2031,0.9550,203.4306,150.8381,0.9708,179.2238,151.6177,0.9888,155.1585,151.4756,0.9918,119.0085,150.9358,0.9658
152,288.7897,201.5520,0.9662,264.4018,200.4190,0.9939,240.2586,200.0026,0.9797,216.3975,197.9564,0.9796,180.5161,194.5443,0.9905,248.1535,261.1129,0.9779,224.3433,261.2087,0.9888,200.3240,261.1313,0.9633,176.1580,260.3322,0.9997,140.2885,257.6226,0.9930,228.4279,149.5965,0.9503,204.2268,150.7319,0.9560,180.3368,151.8365,0.9895,156.4498,151.7190,0.9709,120.3668,150.7692,0.9558
153,289.5252,201.0906,0.9764,265.8117,200.4096,0.9632,241.7807,200.1459,0.9526,218.0362,198.3557,0.9769,181.7216,194.3865,0.9898,249.4322,260.9969,0.9502,225.7472,260.7804,0.9968,201.4871,260.9353,0.9900,177.9027,260.5191,0.9619,141.4334,257.9240,0.9631,229.5839,149.8026,0.9749,205.8239,150.4026,0.9800,181.8784,152.1004,0.9646,157.4528,151.9689,0.9504,121.5100,150.8193,0.9855
154,290.8215,201.2091,0.9583,266.9894,200.2278,0.9612,242.7786,199.7065,0.9887,218.6340,198.6102,0.9785,182.9527,194.9088,0.9618,250.8227,260.8520,0.9701,227.0054,260.5911,0.9908,202.8728,261.1746,0.9997,178.6346,260.5586,0.9517,142.5792,257.9100,0.9856,230.8476,149.4656,0.9982,206.7509,150.3697,0.9881,182.9570,151.4893,0.9910,158.7572,152.2910,0.9695,122.7851,151.3520,0.9815
155,291.9563,200.9540,0.9806,267.6040,200.1050,0.9849,244.0699,199.6798,0.9549,220.1004,199.2599,0.9561,184.1036,195.1374,0.9915,251.9949,260.7179,0.9661,227.6803,260.1899,0.9848,204.1226,261.0964,0.9583,179.8284,260.9143,0.9597,144.1893,258.3118,0.9793,231.7520,149.2308,0.9601,208.0477,149.9221,0.9661,184.5047,151.6798,0.9590,160.3570,152.5581,0.9824,124.2502,151.3936,0.9739
156,293.0326,201.0826,0.9657,269.4284,199.9921,0.9874,245.0582,199.3655,0.9551,221.0522,199.1344,0.9899,185.1147,195.7321,0.9511,253.1311,260.6568,0.9638,229.1871,260.0173,0.9844,205.2522,260.6609,0.9796,181.1487,260.9300,0.9733,145.3187,258.8769,0.9696,233.0470,149.0998,0.9994,209.2552,149.7878,0.9585,185.0221,151.5942,0.9820,161.3323,152.2853,0.9845,125.0054,151.9511,0.9994
157,294.4841,201.0988,0.9784,270.5377,199.5817,0.9893,246.2635,199.4011,0.9771,222.4328,198.9184,0.9519,186.5630,195.6695,0.9883,254.3695,260.5372,0.9668,230.1594,260.1200,0.9671,206.5023,260.1456,0.9654,182.5862,260.9134,0.9531,146.2334,259.2366,0.9572,234.4303,149.5390,0.9869,210.3411,149.6492,0.9845,186.3918,150.9801,0.9930,162.3631,152.6742,0.9748,126.3989,152.2818,0.9583
158,295.7826,201.1417,0.9622,271.9328,199.8932,0.9528,247.4579,198.8777,0.9931,223.7611,198.8400,0.9699,187.7029,196.5046,0.9559,255.5098,260.3682,0.9976,231.7098,260.1434,0.9965,207.6121,259.8456,0.9758,183.5566,261.0628,0.9687,147.3827,259.3869,0.9571,235.6935,149.4436,0.9552,211.4836,149.8673,0.9624,187.4486,150.9175,0.9866,163.6693,152.5720,0.9585,127.2406,152.6149,0.9581
159,296.7692,201.4680,0.9726,272.7590,199.4228,0.9554,249.1512,198.7289,0.9775,224.8533,198.2455,0.9909,188.8702,196.8824,0.9501,257.1182,260.9192,0.9914,232.7400,260.2821,0.9849,208.8841,260.0371,0.9933,184.8092,260.4997,0.9621,148.8339,260.4018,0.9778,236.9495,149.6045,0.9684,212.8312,149.6840,0.9567,189.0080,150.5446,0.9913,164.8100,152.3271,0.9879,128.9322,153.4192,0.9596
160,297.7994,201.3072,0.9904,274.1278,199.7742,0.9645,250.1016,198.3961,0.9784,226.0222,198.3309,0.9819,190.1353,196.9108,0.9977,258.0245,261.0997,0.9593,233.9121,260.3090,0.9668,209.9136,259.5743,0.9946,186.3527,260.3390,0.9651,149.9456,260.6127,0.9547,237.8989,149.6381,0.9770,213.7898,149.9459,0.9586,190.0603,150.5524,0.9592,166.0148,152.0396,0.9781,130.0894,153.7869,0.9949
161,299.8114,201.6854,0.9789,275.4480,199.8157,0.9833,251.2124,198.3502,0.9501,227.0700,197.7840,0.9955,191.2542,197.4797,0.9663,259.2969,261.3225,0.9605,235.0979,260.3613,0.9579,211.1796,259.8028,0.9897,187.2563,260.0363,0.9613,151.2101,260.8960,0.9686,239.0359,150.0081,0.9837,215.1518,150.2844,0.9712,190.9527,150.0848,0.9562,167.2159,151.6460,0.9836,131.2032,153.9936,0.9806
162,300.3844,201.7568,0.9546,276.6069,199.9988,0.9852,252.5207,198.2163,0.9820,228.4479,197.4374,0.9892,192.3505,197.2483,0.9874,260.2988,261.2022,0.9978,236.3800,260.4651,0.9690,212.3193,259.6984,0.9807,188.3787,259.4791,0.9537,152.3348,261.0390,0.9660,240.6557,150.1704,0.9938,216.3983,150.4547,0.9797,192.3729,149.8341,0.9579,168.3947,151.3984,0.9699,132.4207,153.9194,0.9686
163,301.6109,201.8195,0.9664,277.6320,200.2006,0.9996,253.9086,198.3995,0.9919,229.6729,197.2741,0.9544,193.5546,197.2411,0.9960,261.3815,261.5092,0.9803,237.6357,261.3142,0.9740,213.7625,259.8241,0.9522,189.7786,259.6742,0.9682,153.4951,260.9327,0.9530,241.6995,150.1698,0.9924,217.6766,150.4490,0.9588,193.7195,149.9148,0.9538,169.7063,150.8622,0.9775,133.6486,153.9317,0.9849
164,302.7751,202.0215,0.9780,278.8500,200.3524,0.9905,255.0507,198.3997,0.9981,230.9109,196.8233,0.9510,194.9572,197.1355,0.9640,262.5570,261.7762,0.9850,238.8977,260.9760,0.9590,215.3023,259.9380,0.9639,190.5808,259.2644,0.9505,154.6125,260.5854,0.9748,242.7297,150.1382,0.9551,218.8353,150.8176,0.9864,194.7763,150.1503,0.9557,170.7269,150.7969,0.9707,135.0071,154.1679,0.9547
165,303.8748,202.3279,0.9503,280.0183,200.6412,0.9992,256.2901,198.3668,0.9608,231.9262,196.7874,0.9749,196.2978,196.8713,0.9559,264.0064,261.7028,0.9999,239.9758,261.2586,0.9804,215.7752,259.8739,0.9585,191.9546,259.0838,0.9704,155.8866,260.6949,0.9518,243.9944,150.4997,0.9679,220.0731,151.0615,0.9684,196.0378,150.3924,0.9948,172.1459,150.5607,0.9659,136.1344,153.3362,0.9759
166,305.0165,202.3678,0.9878,281.1791,200.9745,0.9993,257.1038,198.6081,0.9913,233.2904,196.5531,0.9757,197.3649,196.7784,0.9616,265.1762,261.7181,0.9539,241.2048,261.2945,0.9630,217.3356,260.2176,0.9528,193.0763,258.8853,0.9816,157.1706,260.0904,0.9868,245.3125,150.4928,0.9696,221.2059,150.9122,0.9884,197.4118,150.8117,0.9987,173.3179,150.5043,0.9773,137.1231,153.1316,0.9752
167,306.0365,202.3177,0.9679,282.5121,201.2521,0.9640,258.3742,199.2716,0.9879,234.2710,196.7620,0.9757,198.4726,195.8655,0.9781,266.4502,261.6897,0.9552,242.4271,261.5137,0.9845,218.3178,260.5053,0.9790,194.3965,259.2995,0.9846,158.5903,259.3762,0.9880,246.3515,150.1990,0.9703,222.3241,150.8576,0.9829,198.3817,151.5791,0.9727,174.4833,150.7671,0.9523,138.5148,152.8975,0.9851
168,307.5480,202.0244,0.9705,283.7008,201.2135,0.9955,259.6348,199.6953,0.9868,235.7343,197.0220,0.9584,199.5117,195.5968,0.9829,267.3010,261.9329,0.9519,243.4373,261.1575,0.9793,219.3469,260.6517,0.9983,195.6382,259.3155,0.9800,159.4246,259.1949,0.9832,247.4785,150.0854,0.9878,223.9067,151.0362,0.9850,199.8443,151.3762,0.9853,175.7600,150.9138,0.9900,139.5931,152.2273,0.9702
169,308.8427,201.9857,0.9871,284.5236,200.8654,0.9872,260.6596,199.7675,0.9639,236.8392,197.2125,0.9851,201.1102,195.1523,0.9997,268.7257,261.5122,0.9507,244.8259,261.3374,0.9910,220.9474,261.1674,0.9721,196.8261,259.8568,0.9826,160.8606,259.1420,0.9927,248.7187,149.9031,0.9982,224.9019,151.1405,0.9980,200.7676,151.8141,0.9525,176.7270,151.1281,0.9786,140.8435,151.8155,0.9759
170,309.6344,201.7165,0.9824,285.7770,200.8432,0.9723,261.8323,199.7787,0.9558,237.9952,197.5187,0.9933,202.3817,194.6781,0.9928,269.7531,261.2678,0.9929,245.9538,261.0379,0.9522,221.9079,261.2106,0.9511,198.3418,259.6728,0.9975,162.0097,258.6939,0.9741,250.0453,150.0216,0.9913,225.9971,151.1372,0.9699,201.8745,151.9232,0.9627,178.1551,151.4382,0.9951,142.0394,151.3959,0.9924
171,311.1938,201.6813,0.9563,287.0167,200.5181,0.9567,263.2493,199.8391,0.9931,239.3169,197.7221,0.9856,203.7140,194.5032,0.9803,271.1547,261.1699,0.9979,247.3451,261.2214,0.9707,223.1663,261.1992,0.9951,199.2366,260.4991,0.9585,163.3295,258.4430,0.9998,251.3818,149.7996,0.9797,227.2579,150.6682,0.9795,203.3358,151.6919,0.9743,179.1658,152.0545,0.9563,142.8814,151.3892,0.9823
172,312.4310,201.2771,0.9938,288.5131,200.3920,0.9590,264.1671,200.0379,0.9587,240.7064,198.4208,0.9563,204.5255,194.3943,0.9875,272.5377,260.9940,0.9993,248.1448,261.0197,0.9775,224.1692,261.2933,0.9613,200.1437,260.6497,0.9591,164.4738,258.2762,0.9993,252.4349,149.9433,0.9707,228.4139,150.3458,0.9503,204.3431,151.7613,0.9706,180.5645,151.9960,0.9883,144.5166,151.4392,0.9709
173,313.6538,201.2471,0.9538,289.7641,200.0106,0.9782,265.5801,200.2119,0.9880,241.3380,198.4323,0.9684,205.8765,194.7989,0.9905,273.8710,260.6990,0.9744,249.6485,260.8110,0.9955,225.7040,261.2761,0.9704,201.6989,261.0246,0.9905,165.8406,258.5521,0.9794,253.5155,149.3374,0.9797,229.3664,150.4077,0.9960,205.6550,152.1397,0.9621,181.8117,152.6648,0.9798,145.5107,151.3888,0.9676
174,314.7461,201.2586,0.9719,290.7771,200.3036,0.9852,266.7652,199.5703,0.9888,242.9822,198.6405,0.9598,207.0789,195.1410,0.9835,274.5961,260.6266,0.9702,250.8830,260.7160,0.9662,226.7234,261.2343,0.9526,202.6524,260.9866,0.9849,166.8759,258.6596,0.9876,254.7982,149.3598,0.9871,230.5875,150.1903,0.9611,206.8310,151.8425,0.9501,182.6369,152.5985,0.9823,146.8692,151.5605,0.9793
175,316.1020,201.0684,0.9819,291.9603,199.7981,0.9796,267.8778,199.5163,0.9761,243.8297,198.8111,0.9521,208.0844,194.9871,0.9622,276.2772,260.7963,0.9537,252.2401,260.5997,0.9860,227.9382,260.9763,0.9845,204.1178,261.3204,0.9506,168.0296,259.3543,0.9961,256.0207,148.9952,0.9537,232.0868,149.9290,0.9944,208.0848,151.6082,0.9516,184.0550,153.0997,0.9660,147.9987,152.1306,0.9919
176,317.2720,200.9628,0.9718,293.2294,199.9001,0.9517,269.0338,199.5136,0.9521,244.9931,199.1478,0.9900,209.4430,195.4770,0.9923,277.4632,260.7218,0.9954,253.0281,260.3621,0.9740,229.0867,260.8499,0.9946,205.3644,261.5088,0.9692,169.3563,259.7171,0.9574,257.2000,149.0089,0.9686,233.0321,149.8481,0.9793,209.1817,151.4046,0.9761,185.4773,153.1406,0.9868,149.1278,152.8831,0.9547
177,318.2208,201.1099,0.9806,294.4983,199.7878,0.9712,270.4305,199.3885,0.9694,246.3748,198.9874,0.9520,210.4331,195.9389,0.9947,278.5358,260.7590,0.9821,254.2913,260.1420,0.9619,230.4403,260.4645,0.9579,206.3176,261.4869,0.9718,170.4384,260.1774,0.9941,258.3074,149.2242,0.9516,234.3671,149.6366,0.9577,210.4033,151.1932,0.9955,186.4406,153.1559,0.9691,150.6363,152.9105,0.9952
178,319.6603,201.3035,0.9866,295.7206,199.7860,0.9986,271.6422,198.8236,0.9764,247.6679,198.7099,0.9886,211.5989,196.4237,0.9606,279.7749,260.7621,0.9995,255.5704,260.3326,0.9611,231.5113,260.2808,0.9894,207.5706,261.3736,0.9615,171.3220,260.7193,0.9704,259.8391,149.3806,0.9562,235.6868,149.7217,0.9962,211.6335,150.9447,0.9756,187.5119,152.6848,0.9694,151.6267,153.4817,0.9842
179,320.6541,201.2549,0.9802,296.9710,199.9878,0.9789,272.8442,198.6079,0.9932,248.6793,198.7539,0.9903,212.9765,196.7541,0.9612,280.9732,260.4838,0.9612,257.1994,260.0003,0.9820,232.8729,260.1685,0.9890,208.7469,261.0206,0.9546,172.5781,261.1008,0.9614,260.8360,149.3678,0.9930,236.5181,149.6503,0.9535,212.9310,150.6953,0.9871,188.5733,152.6742,0.9670,152.8991,153.9070,0.9892
180,321.7040,201.5411,0.9542,297.8352,199.9696,0.9588,274.1151,198.5706,0.9672,250.0893,198.3521,0.9643,214.3145,197.4808,0.9528,282.1167,260.9917,0.9863,257.8841,260.1981,0.9733,233.8180,259.9009,0.9958,210.0569,260.8424,0.9726,174.2697,261.4133,0.9602,261.9107,149.6201,0.9878,238.0370,150.1568,0.9771,214.0693,150.0786,0.9878,190.0958,152.1403,0.9983,154.4541,154.4168,0.9884
181,323.0268,201.6077,0.9808,299.1623,200.0241,0.9890,275.2502,198.4422,0.9540,251.2210,197.9957,0.9588,215.1481,197.5007,0.9641,282.9429,261.0682,0.9544,259.3913,260.3069,0.9566,235.4080,259.9030,0.9575,211.0239,260.5113,0.9668,175.1459,261.4182,0.9550,263.3210,149.4796,0.9573,239.2493,150.2875,0.9990,215.1596,150.4747,0.9877,191.3070,151.8974,0.9944,155.0851,154.3933,0.9871
182,324.4283,201.8377,0.9638,300.1287,200.1347,0.9967,276.4100,198.0914,0.9547,252.5761,197.5168,0.9746,216.5649,197.7609,0.9543,284.6618,261.0770,0.9597,260.3471,260.5993,0.9546,236.4375,259.5245,0.9764,212.2448,260.3222,0.9896,176.6310,261.7111,0.9993,264.5956,149.8168,0.9931,240.5613,150.0042,0.9852,216.1708,150.4024,0.9908,192.3819,151.7840,0.9986,156.3236,154.4822,0.9993
183,325.6619,202.0041,0.9696,301.3572,200.5524,0.9888,277.5727,198.4962,0.9969,253.8428,197.2970,0.9523,217.7243,197.2488,0.9641,285.7265,261.2722,0.9862,261.5493,261.2112,0.9614,237.6956,259.6604,0.9887,213.6674,260.0340,0.9870,177.6498,261.5397,0.9638,265.6017,149.9665,0.9618,241.7338,150.1237,0.9535,217.6998,150.4608,0.9976,193.5830,151.1670,0.9549,157.6565,154.4316,0.9645
184,326.6347,202.1302,0.9948,302.8335,200.4819,0.9564,278.8057,198.2110,0.9913,255.0894,197.1099,0.9780,218.9225,197.6876,0.9679,286.7901,261.5446,0.9767,262.8348,260.7888,0.9710,238.8388,260.0000,0.9728,214.7239,259.8149,0.9882,178.8556,261.4281,0.9818,266.5802,150.2222,0.9535,242.7999,150.6043,0.9612,218.7486,150.5821,0.9580,195.0004,151.0966,0.9572,158.7291,154.5697,0.9704
185,327.8527,202.1770,0.9944,304.0579,200.9618,0.9968,279.9174,198.7376,0.9596,256.2022,196.9577,0.9974,220.0017,196.9927,0.9857,288.2117,261.6004,0.9969,264.0909,261.3082,0.9594,239.7744,260.2791,0.9873,216.1627,259.7508,0.9621,179.9119,261.3321,0.9789,268.0233,150.1811,0.9610,243.9338,151.0687,0.9571,219.9731,150.8217,0.9625,195.7981,151.3440,0.9992,159.9132,154.2444,0.9693
186,329.1513,202.2201,0.9977,305.5301,201.0627,0.9501,281.3904,198.8250,0.9901,257.1517,196.6137,0.9550,221.4100,196.5486,0.9580,289.2968,261.4941,0.9735,265.1452,261.4742,0.9653,240.8057,260.3969,0.9877,217.2037,259.3099,0.9848,181.2327,260.7548,0.9518,269.1381,150.1093,0.9622,245.3304,150.9404,0.9867,221.1373,151.0520,0.9505,196.9797,150.6789,0.9578,161.2914,153.8543,0.9834
187,330.6027,202.3317,0.9801,306.4704,201.0868,0.9870,282.3899,198.9179,0.9764,258.4830,196.8578,0.9757,222.5850,196.0824,0.9520,290.3768,261.5431,0.9676,266.3456,261.5609,0.9719,242.3584,260.6163,0.9806,218.4852,259.4535,0.9708,182.4193,260.5882,0.9717,270.2340,150.1263,0.9979,246.2983,151.0336,0.9548,222.4268,151.2795,0.9580,198.5017,151.0498,0.9982,162.5645,153.2017,0.9866
188,331.5718,202.2957,0.9610,307.3214,201.2866,0.9874,283.6403,199.5324,0.9588,259.7549,197.0671,0.9624,224.1690,195.7926,0.9728,291.4462,261.5618,0.9522,267.7196,261.4411,0.9858,243.6780,261.3239,0.9783,219.4849,259.8839,0.9853,183.3748,260.0074,0.9630,271.6489,150.0137,0.9587,247.6047,151.0462,0.9937,223.7078,151.5350,0.9777,199.6739,150.8069,0.9853,163.5961,152.9716,0.9575
189,332.7306,202.3045,0.9696,308.4945,200.9225,0.9855,284.6082,199.8694,0.9658,260.8949,197.3947,0.9918,225.0324,195.2630,0.9502,292.7834,261.1728,0.9715,268.7063,261.2951,0.9543,244.8115,261.3490,0.9947,220.7728,259.9320,0.9678,184.6722,259.7354,0.9998,272.5989,149.9857,0.9786,248.2930,151.2245,0.9841,224.7842,151.6403,0.9878,200.4863,151.5626,0.9540,164.8873,152.6453,0.9701
190,334.0110,201.5913,0.9755,309.8211,201.0976,0.9953,285.7210,199.7593,0.9678,262.0152,197.6879,0.9677,226.1002,194.8596,0.9505,293.8681,261.0984,0.9958,270.0887,261.6763,0.9874,245.6487,261.3077,0.9897,221.9701,260.1628,0.9714,186.0511,259.2000,0.9839,274.0348,149.5723,0.9723,250.0395,151.1295,0.9996,226.0093,152.2177,0.9939,202.0541,151.5905,0.9714,166.0125,152.0780,0.9725
191,335.1370,201.7936,0.9673,311.0433,201.0962,0.9602,287.2307,200.1518,0.9725,263.3795,198.0063,0.9688,227.5164,195.0816,0.9956,295.3206,260.7483,0.9790,271.4762,261.0964,0.9681,247.3782,261.5626,0.9520,223.0738,260.9075,0.9840,187.4341,259.3505,0.9602,275.0482,149.5593,0.9966,250.9589,150.9001,0.9514,227.4334,152.3471,0.9967,203.3183,151.9462,0.9778,167.3133,152.3535,0.9895
192,336.3669,201.3754,0.9883,312.4283,200.7357,0.9768,288.2469,199.9040,0.9941,264.3288,198.5498,0.9779,228.8277,194.8937,0.9586,296.3179,260.6449,0.9901,272.5560,260.8536,0.9713,248.2839,261.8364,0.9642,224.2628,261.2784,0.9667,188.4689,259.0847,0.9861,276.3404,149.0164,0.9683,252.4754,150.4550,0.9903,228.4257,152.0872,0.9886,204.6313,152.6537,0.9639,168.3025,152.1416,0.9825
193,337.6857,201.2736,0.9543,313.6494,200.6285,0.9519,289.5685,199.9335,0.9620,265.8870,198.4297,0.9657,229.9293,194.7541,0.9684,297.3117,260.6204,0.9713,273.4803,260.5911,0.9677,249.4702,261.7845,0.9679,225.4540,261.7250,0.9904,189.5299,259.2616,0.9830,277.5695,149.1747,0.9661,253.6908,150.2319,0.9752,229.7998,152.1677,0.9794,205.6544,152.6360,0.9637,169.4950,152.0176,0.9532
194,338.7559,201.1240,0.9634,314.8450,200.2921,0.9704,290.7105,199.9821,0.9855,266.8198,198.7840,0.9755,231.2058,194.9144,0.9635,299.0128,260.2455,0.9628,274.7501,260.6335,0.9984,250.6705,261.3549,0.9629,227.0775,261.6822,0.9633,190.6501,259.3115,0.9647,278.6584,149.1934,0.9575,254.6724,150.1453,0.9875,230.8055,151.8166,0.9832,207.0064,153.0009,0.9980,170.6837,152.1057,0.9610
195,340.1636,201.1105,0.9924,315.9532,199.9237,0.9863,292.0469,199.7728,0.9969,267.9660,199.0084,0.9786,232.4382,195.4384,0.9761,299.9899,260.7211,0.9938,275.9433,260.6174,0.9641,251.9397,261.2664,0.9915,228.1269,261.8748,0.9699,191.9290,259.9313,0.9838,279.9812,148.7072,0.9952,256.1109,149.9090,0.9979,232.0669,152.0110,0.9750,208.1489,153.1559,0.9842,172.1786,152.6280,0.9583
196,341.3967,201.1689,0.9892,317.4192,199.8725,0.9965,293.1172,199.5260,0.9738,269.2643,199.3169,0.9876,233.2305,196.0214,0.9659,301.3986,260.0526,0.9681,277.0583,260.3389,0.9791,253.3779,261.2549,0.9874,229.0384,262.0536,0.9679,193.0806,260.4635,0.9809,280.8882,149.1385,0.9502,257.1785,149.8655,0.9544,233.2056,151.6006,0.9659,209.2914,153.2590,0.9690,173.4913,153.1873,0.9603
197,342.3343,201.2086,0.9505,318.3681,199.9376,0.9922,294.4701,199.1479,0.9983,270.4896,199.2002,0.9522,234.4937,196.3603,0.9941,302.5124,260.4928,0.9718,278.5399,260.3093,0.9887,254.6564,261.2084,0.9818,230.1703,261.6494,0.9931,194.3052,260.7311,0.9777,282.2458,148.9749,0.9853,258.4071,149.6492,0.9754,234.2122,151.2575,0.9858,210.6194,153.3272,0.9624,174.6185,153.4084,0.9907
198,343.5552,201.0912,0.9721,319.6036,199.7966,0.9512,295.5996,198.9599,0.9653,271.4184,198.8878,0.9689,235.6911,196.8218,0.9547,303.2878,260.3775,0.9923,279.4280,260.0871,0.9608,255.8419,260.7028,0.9975,231.5490,261.9081,0.9899,195.4162,261.3276,0.9571,283.4883,148.9751,0.9760,259.5189,149.7208,0.9766,235.7072,150.9729,0.9890,211.4845,153.0604,0.9788,175.6669,154.2147,0.9501
199,344.9810,201.3797,0.9826,321.0515,200.0175,0.9934,296.8017,198.9337,0.9743,272.9656,198.8197,0.9554,236.9017,197.1886,0.9760,304.9108,260.5772,0.9584,280.7653,260.0066,0.9712,256.6346,260.3212,0.9565,232.8295,261.7294,0.9562,196.9252,261.7552,0.9719,284.6004,149.0536,0.9753,260.6596,149.3105,0.9564,236.8583,150.9791,0.9528,213.0091,152.9560,0.9578,176.8218,154.4932,0.9647
200,346.2018,201.3975,0.9819,322.1066,199.8174,0.9730,297.9369,198.6105,0.9570,273.9082,198.5794,0.9862,238.0654,197.3512,0.9849,306.0712,260.4588,0.9747,282.1623,260.2697,0.9548,258.1019,260.2320,0.9622,233.9698,261.2472,0.9503,198.1855,262.2599,0.9878,285.6929,149.2459,0.9607,261.9448,150.0384,0.9888,237.7193,150.4196,0.9555,214.1078,152.7125,0.9976,178.2594,154.8298,0.9767
201,347.5196,201.7378,0.9943,323.1508,200.0486,0.9716,299.1415,198.4762,0.9508,275.2337,198.1369,0.9918,239.6071,197.8089,0.9590,306.9130,260.7797,0.9798,283.5466,260.5392,0.9809,259.2141,259.9816,0.9916,235.0419,260.8420,0.9979,199.1333,262.4835,0.9558,287.1097,149.3380,0.9991,263.2297,149.9352,0.9905,239.1535,150.1924,0.9725,215.4813,152.4163,0.9557,179.1708,154.8972,0.9719
202,348.9692,202.2009,0.9772,324.3481,200.2942,0.9847,300.5199,198.4972,0.9847,276.5811,197.8767,0.9870,240.4112,197.8017,0.9930,308.5286,260.9450,0.9741,284.4776,260.7230,0.9664,260.5868,259.9195,0.9723,236.2900,260.6857,0.9501,200.5601,262.4571,0.9592,288.5654,149.4711,0.9569,264.7754,150.3357,0.9864,240.4093,150.4786,0.9597,216.6390,151.9645,0.9642,180.6867,155.2253,0.9520
203,349.7587,201.9440,0.9814,325.5223,200.6184,0.9658,301.7576,198.3133,0.9714,277.7532,197.6251,0.9519,241.5226,197.7883,0.9710,309.7847,261.2792,0.9800,285.7016,260.5209,0.9578,261.6569,260.2772,0.9848,237.7442,260.5466,0.9520,201.4080,262.8898,0.9948,289.4661,149.4387,0.9844,265.7045,150.5059,0.9904,241.5188,150.5254,0.9625,217.4199,151.5417,0.9998,181.9690,155.1453,0.9656
204,350.6177,202.1861,0.9906,326.8811,200.6305,0.9855,302.7801,198.8215,0.9569,278.8866,197.4077,0.9739,242.7334,197.8138,0.9503,310.9742,261.3981,0.9844,286.7268,260.9973,0.9920,262.5853,260.1413,0.9611,238.9462,259.9043,0.9725,202.7454,262.4111,0.9599,290.9334,149.9902,0.9815,267.0138,150.6334,0.9855,242.9315,150.3092,0.9636,218.7694,151.5615,0.9842,182.7528,154.6206,0.9742
205,352.1277,202.2650,0.9822,327.7705,200.6866,0.9922,304.0503,198.8759,0.9527,280.0209,197.3595,0.9712,244.1114,197.3248,0.9849,312.1302,261.4225,0.9745,288.1481,260.9563,0.9564,263.9168,260.1104,0.9854,240.1442,260.0263,0.9789,203.9391,261.9693,0.9549,291.7898,150.0060,0.9709,268.2165,150.9523,0.9524,243.9689,150.8969,0.9605,219.9285,151.1788,0.9985,183.9972,154.6624,0.9982
206,353.1765,202.3822,0.9741,329.3692,201.2216,0.9967,305.2760,198.9224,0.9653,281.4049,197.0695,0.9949,245.3099,197.1130,0.9891,313.3226,261.5066,0.9858,288.9609,261.4134,0.9928,265.1658,260.4813,0.9594,241.1798,260.0701,0.9823,205.3402,261.5509,0.9834,293.1549,150.0418,0.9678,269.2346,151.0774,0.9694,245.2949,150.9334,0.9622,220.9470,151.2193,0.9785,185.3460,154.0898,0.9635
207,354.1795,202.1127,0.9633,330.4666,201.1601,0.9872,306.6124,199.3655,0.9952,282.5618,197.2798,0.9562,246.3636,196.4463,0.9919,314.2298,261.0925,0.9697,290.3570,261.7410,1.0000,266.5455,261.2367,0.9743,242.2952,259.8492,0.9601,206.5007,261.3743,0.9534,294.4789,149.8919,0.9623,270.2133,151.0974,0.9616,246.2863,151.4829,0.9899,222.5349,151.0739,0.9559,186.8368,153.6482,0.9559
208,355.4655,202.2319,0.9793,331.4791,201.2535,0.9673,307.6916,199.7175,0.9891,283.7658,197.2613,0.9727,247.5928,196.0708,0.9618,315.6687,261.2839,0.9991,291.8573,261.6338,0.9841,267.6021,261.3023,0.9614,243.7807,260.1022,0.9636,207.9289,261.2071,0.9637,295.6396,149.8329,0.9710,271.7858,151.0963,0.9900,247.5817,151.5727,0.9953,223.5935,151.4521,0.9972,187.8961,153.3291,0.9554
209,356.8052,202.0839,0.9557,332.8811,201.1391,0.9864,308.8886,200.1608,0.9531,284.8279,197.6233,0.9955,248.8252,195.8562,0.9655,316.6169,260.8435,0.9865,292.5311,261.7259,0.9834,268.9021,261.5246,0.9597,244.6489,260.3850,0.9950,208.8206,260.6458,0.9973,296.7590,149.7827,0.9749,273.0988,151.2436,0.9931,249.0592,152.1733,0.9950,224.8609,151.5973,0.9595,188.9102,152.8358,0.9822
210,358.3349,201.9664,0.9520,334.0588,201.4104,0.9505,309.9316,200.2468,0.9709,285.7596,197.7279,0.9789,250.2754,195.5566,0.9632,317.8622,260.7090,0.9849,293.8367,261.3902,0.9885,269.9684,261.8238,0.9972,246.1786,261.0112,0.9939,209.9837,260.3950,0.9698,298.1595,149.7031,0.9692,274.0887,150.9661,0.9601,249.9675,152.2081,0.9842,226.2314,152.1706,0.9979,190.1113,152.8556,0.9749
211,359.1820,201.6926,0.9628,335.2161,201.0279,0.9719,311.0522,200.4332,0.9756,287.4690,198.4284,0.9511,251.4199,195.3538,0.9554,318.9591,260.6691,0.9595,295.1040,261.0624,0.9900,271.4973,261.7779,0.9631,247.2597,261.1462,0.9929,211.2943,260.1085,0.9807,299.0687,149.1679,0.9927,275.5183,150.8058,0.9824,251.3374,152.4567,0.9507,227.4666,152.3116,0.9542,191.1368,152.5606,0.9659
212,360.0743,201.6208,0.9900,336.3838,200.7247,0.9879,312.4169,200.3379,0.9928,288.2447,199.0762,0.9653,252.5675,195.1264,0.9542,320.5846,260.6149,0.9973,296.4527,260.9856,0.9624,272.2705,261.8090,0.9789,248.5148,261.4308,0.9981,212.3082,260.0800,0.9788,300.3581,149.1230,0.9803,276.2593,150.6219,0.9988,252.4431,152.2473,0.9622,228.3733,152.7044,0.9562,192.4853,152.6416,0.9520
213,361.6689,201.6156,0.9584,337.7286,200.8051,0.9606,313.6175,200.2955,0.9803,289.6808,198.9838,0.9766,253.7216,195.1930,0.9832,321.6217,260.1451,0.9844,298.2261,260.6569,0.9835,273.3382,261.8737,0.9876,249.6726,261.8273,0.9953,213.6661,260.1762,0.9739,301.4944,149.0405,0.9591,277.5996,150.4038,0.9877,253.7664,152.2556,0.9917,229.8327,153.2446,0.9832,193.7431,152.1927,0.9823
214,362.9409,201.4057,0.9667,338.7606,200.3357,0.9726,314.8272,199.9513,0.9922,291.0582,199.4625,0.9824,254.8578,195.5396,0.9531,322.7273,260.4564,0.9905,298.7271,260.6527,0.9961,274.9205,261.7401,0.9633,250.8945,262.1247,0.9754,214.9065,260.4190,0.9603,302.8756,148.8557,0.9885,278.8434,150.1691,0.9867,254.7239,151.9644,0.9535,230.8532,153.3453,0.9657,194.7658,152.9160,0.9938
215,364.3514,201.0233,0.9938,340.0441,200.3983,0.9746,316.0002,200.1853,0.9584,291.9810,199.2376,0.9887,256.2259,195.9014,0.9753,323.8167,260.0429,0.9564,299.7658,260.5568,0.9528,275.9531,261.5596,0.9599,252.0528,262.3355,0.9839,216.1453,260.6286,0.9565,304.0806,148.7418,0.9525,279.7588,149.8696,0.9691,256.1498,151.8927,0.9664,232.3550,153.4636,0.9793,196.1866,152.8866,0.9583
216,365.1201,201.1309,0.9873,341.3867,200.0465,0.9775,317.3499,199.9021,0.9662,293.1861,199.5195,0.9915,257.3711,196.0928,0.9691,325.1343,259.8371,0.9686,300.9017,260.4603,0.9639,277.1701,261.3929,0.9874,253.2004,262.5165,0.9606,217.2464,261.0680,0.9766,305.0000,148.8858,0.9880,280.9783,149.9214,0.9834,257.2582,151.5802,0.9629,233.1718,153.5031,0.9620,197.3048,153.7250,0.9757
217,366.4059,201.1480,0.9897,342.5280,199.8716,0.9965,318.5789,199.4374,0.9740,294.5140,199.4372,0.9927,258.4657,196.4557,0.9856,326.4872,260.0413,0.9604,302.3392,260.2619,0.9760,278.6438,261.1838,0.9958,254.3332,262.3610,0.9711,218.4745,261.5477,0.9962,306.1941,148.7073,0.9852,282.1660,149.5737,0.9535,258.4637,151.5000,0.9706,234.5433,153.5863,0.9884,198.6485,153.9442,0.9536
218,367.6463,201.3514,0.9768,343.7575,199.7277,0.9869,319.6582,199.3407,0.9567,295.4119,199.2718,0.9939,259.8607,197.1394,0.9536,327.4090,260.1686,0.9748,303.5241,260.0015,0.9561,279.6092,260.8061,0.9811,255.6313,262.2519,0.9943,219.6936,262.3709,0.9502,307.2694,148.7157,0.9798,283.5277,149.6533,0.9898,259.7773,150.6915,0.9539,235.5420,153.5198,0.9892,199.6459,154.3758,0.9629
219,368.5382,201.2446,0.9536,344.8584,199.6651,0.9961,320.9473,199.1630,0.9604,297.1866,199.1329,0.9635,260.8024,197.6847,0.9571,328.6141,260.0423,0.9831,304.9116,260.3749,0.9623,280.7325,260.4091,0.9608,256.8051,262.0700,0.9830,221.0789,262.6727,0.9755,308.7003,148.8571,0.9580,284.6114,149.3350,0.9624,260.7913,150.7830,0.9541,236.9228,153.0382,0.9992,201.0369,154.8445,0.9533
220,369.7948,201.7575,0.9981,345.9123,200.1446,0.9828,321.8127,198.8390,0.9670,298.0552,198.9063,0.9822,262.1392,197.9390,0.9949,330.0438,260.3886,0.9752,306.0330,260.0891,0.9805,281.9036,260.4599,0.9502,257.8259,262.0164,0.9688,222.0433,262.7463,0.9599,309.9639,149.0417,0.9936,286.0201,149.7297,0.9594,262.2038,150.7691,0.9973,238.2650,152.8797,0.9915,201.9341,154.9978,0.9696
221,371.2966,201.9213,0.9708,347.1149,200.0192,0.9850,323.4629,198.8520,0.9619,299.2827,198.6023,0.9747,263.3614,198.0835,0.9706,331.2643,260.7281,0.9888,307.3910,260.4621,0.9822,283.2903,260.3521,0.9801,259.2992,261.2778,0.9987,223.1013,263.5204,0.9969,311.1899,149.0823,0.9605,287.1445,149.9425,0.9687,263.2112,150.5067,0.9903,239.3799,152.4419,0.9689,203.3306,155.5785,0.9544
222,372.1712,201.8526,0.9622,348.2932,200.4097,0.9894,324.6587,198.7801,0.9806,300.4442,198.1551,0.9545,264.5315,198.1216,0.9778,332.4980,260.9177,0.9717,308.3801,260.6162,0.9672,284.4839,260.2748,0.9785,260.1834,261.1328,0.9870,224.4542,263.2072,0.9700,312.5571,149.3883,0.9740,288.3337,150.4558,0.9524,264.2366,150.8161,0.9750,240.3918,152.0517,0.9707,204.3367,155.8277,0.9920
223,373.3529,202.0818,0.9954,349.6158,200.7658,0.9874,325.8039,198.7080,0.9915,301.6915,197.8326,0.9721,265.7689,198.4912,0.9780,333.5933,260.6777,0.9920,309.7309,260.6781,0.9992,285.6284,260.1013,0.9609,261.6121,260.7416,0.9593,225.6792,263.3870,0.9833,313.6370,149.2881,0.9566,289.8031,150.3957,0.9862,265.4146,150.5027,0.9817,241.6635,151.7127,0.9914,205.7802,155.7518,0.9813
224,374.8014,201.9974,0.9570,351.0009,200.7868,0.9788,327.1288,198.7294,0.9817,302.9192,197.4592,0.9847,266.6433,198.1039,0.9698,334.9182,261.1776,0.9984,310.7282,261.0962,0.9923,286.6970,260.6297,0.9940,262.6009,260.5643,0.9578,227.0200,263.3609,0.9813,314.6307,149.7686,0.9756,291.0008,150.6290,0.9805,266.9703,150.9467,0.9902,242.8180,151.4878,0.9883,206.9759,155.3373,0.9928
225,375.9309,202.4699,0.9802,351.8719,201.2882,0.9968,328.0210,198.8869,0.9581,304.2846,197.4179,0.9774,268.2598,197.6891,0.9993,335.9618,260.9377,0.9868,312.0379,261.2395,0.9783,287.9403,260.5958,0.9538,264.0866,260.3472,0.9747,227.9282,263.0436,0.9554,315.9830,149.7241,0.9837,291.9892,150.8118,0.9831,268.0863,150.9109,0.9914,243.9564,151.8028,0.9633,208.2307,155.0490,0.9544
226,377.3433,202.3295,0.9880,353.1279,201.2416,0.9511,329.2269,199.3133,0.9945,305.3225,197.3710,0.9645,269.1893,197.2807,0.9531,337.0646,261.2419,0.9871,313.1424,261.3292,0.9736,289.3921,261.0438,0.9881,265.2302,260.2817,0.9648,229.1478,262.4069,0.9636,317.2623,149.7559,0.9940,293.3920,151.0151,0.9987,269.1328,150.6888,0.9752,245.2500,151.1137,0.9689,209.3714,154.7620,0.9599
227,378.2087,202.5508,0.9938,354.1100,201.2811,0.9789,330.4939,199.4127,0.9720,306.5783,197.7598,0.9796,270.6863,197.0807,0.9872,338.4283,261.2034,0.9718,314.4026,261.5292,0.9840,290.0856,261.4426,0.9682,266.3783,260.6246,0.9714,230.5077,262.3182,0.9813,318.4779,149.7481,0.9830,294.3538,150.8849,0.9832,270.4071,151.6620,0.9625,246.4000,151.5670,0.9544,210.5549,154.1404,0.9903
228,379.5072,202.2254,0.9927,355.4870,201.2391,0.9981,331.6781,199.6576,0.9768,307.5934,197.6114,0.9800,271.5585,196.8286,0.9908,339.4436,261.1951,0.9884,315.4360,261.4712,0.9730,291.6050,261.3561,0.9752,267.5439,260.6431,0.9652,231.5810,261.9468,0.9811,319.7879,149.7372,0.9893,295.4311,151.0618,0.9918,271.5025,151.8959,0.9952,247.5052,151.7207,0.9737,211.6900,153.7913,0.9634
229,380.9623,202.0198,0.9998,356.6441,201.2365,0.9822,332.8138,200.4740,0.9892,309.0392,198.0064,0.9682,272.9013,196.2335,0.9747,340.9446,260.5945,0.9547,316.8777,261.4990,0.9987,292.9737,261.9687,0.9520,268.7221,260.9818,0.9948,232.7455,261.2294,0.9829,320.8771,149.3270,0.9523,297.0035,151.0856,0.9942,273.0733,151.8513,0.9639,248.9800,151.7547,0.9960,212.8898,153.4785,0.9848
230,381.9518,201.7005,0.9691,358.1002,201.4359,0.9968,334.0412,200.2138,0.9976,310.0662,198.3145,0.9738,273.7690,195.7979,0.9837,341.8615,260.6124,0.9618,317.8983,261.5119,0.9833,293.7666,261.7817,0.9635,269.8273,261.1669,0.9714,234.1108,261.2089,0.9765,322.2673,149.3452,0.9737,298.0487,150.5376,0.9830,274.2257,152.3172,0.9540,250.0721,152.2555,0.9850,214.0433,153.0849,0.9845
231,383.2873,201.7759,0.9995,358.9542,201.2043,0.9677,335.4326,200.4174,0.9845,311.3788,198.7509,0.9645,275.2509,195.7658,0.9766,343.0447,260.3290,0.9816,319.1030,261.3185,0.9925,295.1138,262.3254,0.9808,271.0207,261.8402,0.9581,235.2097,260.8176,0.9783,323.4598,148.9353,0.9912,299.2664,150.7709,0.9884,275.2752,152.3101,0.9530,251.3785,152.5715,0.9910,215.2022,152.7805,0.9766
232,384.4561,201.4210,0.9886,360.3921,201.0245,0.9904,336.5507,200.4699,0.9792,312.3267,198.9708,0.9631,276.4776,195.8267,0.9965,344.1889,260.1950,0.9900,320.1556,260.9277,0.9567,296.5461,262.1328,0.9803,272.2611,262.0997,0.9880,236.5165,260.9051,0.9530,324.4556,148.6085,0.9868,300.4415,150.5128,0.9814,276.3889,152.1969,0.9583,252.6288,152.7752,0.9554,216.3166,152.8450,0.9655
233,385.8173,201.4308,0.9761,361.7351,200.7147,0.9637,337.6609,200.3362,0.9615,313.7217,199.1823,0.9963,277.5657,195.6581,0.9681,345.5497,260.2118,0.9595,321.5958,260.6962,0.9844,297.6008,262.1282,0.9745,273.5796,262.6243,0.9653,237.4045,261.0238,0.9857,325.7009,148.7303,0.9690,301.8027,150.3736,0.9952,277.6579,152.3887,0.9698,253.5293,153.2059,0.9715,217.7347,153.0060,0.9856
234,386.9192,201.5265,0.9967,362.9466,200.7060,0.9915,338.8891,200.5763,0.9552,315.0096,199.5137,0.9645,278.9973,196.1748,0.9926,346.7882,259.9156,0.9852,322.7803,260.5022,0.9503,299.0226,262.1153,0.9835,274.7833,263.0023,0.9647,238.5675,261.6292,0.9544,326.5441,148.4959,0.9785,302.6516,149.9899,0.9567,279.1475,152.2479,0.9867,255.2761,153.3553,0.9629,219.0396,152.8265,0.9690
235,388.1172,201.3162,0.9908,363.7436,200.5653,0.9862,339.8823,200.1280,0.9913,316.0804,199.9178,0.9875,280.3216,196.1773,0.9994,348.0079,259.7747,0.9628,324.3140,260.6681,0.9842,299.7270,261.8600,0.9571,275.9882,262.9435,0.9694,239.9358,261.6862,0.9653,327.8032,148.4837,0.9836,303.7969,149.8404,0.9712,279.8595,151.7845,0.9786,256.1407,153.6760,0.9897,219.8508,153.2609,0.9912
236,389.0408,201.0789,0.9893,365.3488,199.9043,0.9607,341.5317,200.3031,0.9765,317.1735,200.0842,0.9815,281.3585,196.9549,0.9956,349.2221,259.7957,0.9555,325.2945,260.2609,0.9997,301.2743,261.8640,0.9697,277.2567,262.9909,0.9734,241.3042,261.8793,0.9598,329.0967,148.2176,0.9718,305.3997,149.5245,0.9924,281.2515,151.5940,0.9932,257.4263,153.5402,0.9844,221.2894,153.8358,0.9602
237,390.0886,201.0273,0.9838,366.4121,200.3946,0.9873,342.3544,199.7894,0.9939,318.3407,199.7252,0.9501,282.3768,197.1342,0.9521,350.2888,259.9383,0.9683,326.4588,260.3356,0.9701,302.6054,261.2321,0.9584,278.5366,262.9351,0.9682,242.4791,262.5921,0.9505,330.3334,148.2844,0.9830,306.4506,149.6603,0.9791,282.4877,151.0482,0.9619,258.5037,153.3245,0.9865,222.5444,154.2373,0.9697
238,391.5588,201.1880,0.9597,367.4717,199.9587,0.9576,343.7813,199.4925,0.9861,319.5406,199.6209,0.9568,283.6940,197.7858,0.9936,351.3510,259.8374,0.9780,327.7344,260.3981,0.9897,303.7006,260.7174,0.9655,279.6300,262.7013,0.9594,243.9294,263.0300,0.9896,331.5581,148.4765,0.9578,307.4175,149.6181,0.9825,283.4805,151.0246,0.9584,259.7053,153.4912,0.9827,223.6036,154.6576,0.9705
239,392.6283,201.8245,0.9994,369.0006,199.9457,0.9962,344.8781,199.5168,0.9758,320.6582,199.4535,0.9557,284.7695,198.4023,0.9528,352.5713,260.0333,0.9723,328.9111,259.9778,0.9743,304.7687,260.7974,0.9538,280.8015,262.4972,0.9532,244.8583,263.4681,0.9717,332.6649,148.8581,0.9762,308.7737,149.4285,0.9502,284.8290,150.6568,0.9827,260.8761,153.4701,0.9537,225.0461,155.1172,0.9532
240,394.3313,201.5794,0.9745,369.9783,200.1920,0.9609,346.2884,198.9304,0.9593,322.0608,199.0616,0.9565,285.7983,198.6390,0.9717,354.2105,260.2030,0.9930,330.0990,260.1619,0.9566,306.2425,260.7393,0.9781,281.9608,262.0609,0.9867,246.0915,263.9672,0.9958,334.1982,148.7653,0.9860,310.1368,149.4989,0.9847,285.9412,150.5805,0.9945,262.0244,153.0488,0.9631,226.0276,155.4981,0.9909
241,395.1708,201.6517,0.9921,371.1165,200.5888,0.9759,347.2258,198.7992,0.9639,323.1949,198.8640,0.9714,287.4392,198.8518,0.9563,355.1958,260.4905,0.9500,331.1589,260.5206,0.9866,307.2816,260.2297,0.9883,283.1511,262.0407,0.9905,247.1743,264.2014,0.9686,335.0290,149.1029,0.9578,311.3882,149.7804,0.9504,287.2381,150.6725,0.9594,263.3078,152.7735,0.9568,227.3920,155.6409,0.9691
242,396.4296,201.9825,0.9772,372.4249,200.5624,0.9933,348.5578,198.6187,0.9549,324.4013,198.5300,0.9512,288.2789,198.9218,0.9960,356.3947,260.4152,0.9715,332.0038,260.8053,0.9566,308.2076,260.4609,0.9743,284.2374,261.6099,0.9819,248.2038,264.2499,0.9856,336.1075,149.3395,0.9661,312.4333,150.1868,0.9945,288.2698,150.4792,0.9597,264.4946,152.3584,0.9948,228.5422,155.9968,0.9660
243,397.8601,202.3352,0.9692,373.6942,200.9917,0.9528,349.5078,198.7594,0.9621,325.7888,198.2093,0.9924,289.6546,198.9566,0.9817,357.5285,260.6403,0.9905,333.2694,260.9886,0.9977,309.6214,260.5939,0.9720,285.4384,261.1899,0.9559,249.5812,264.4078,0.9724,337.7928,149.4036,0.9500,313.4939,150.5564,0.9510,289.4885,150.6075,0.9889,265.5931,151.9082,0.9728,230.0913,155.8732,0.9898
244,398.6292,201.8915,0.9628,374.6265,201.2231,0.9751,350.8055,199.0846,0.9771,326.6602,198.0333,0.9690,291.0418,198.8236,0.9563,358.7099,260.4879,0.9998,334.9148,261.2707,0.9847,310.7253,260.6438,0.9831,287.0871,261.1908,0.9697,250.8961,264.2075,0.9845,338.9998,149.3883,0.9936,314.7908,150.5009,0.9999,290.6539,150.5574,0.9742,266.8706,151.6312,0.9801,230.9514,155.5358,0.9828
245,400.0731,202.3513,0.9766,376.3127,201.1367,0.9653,351.9911,199.1891,0.9713,328.1225,197.7827,0.9853,291.9514,198.5581,0.9689,359.8839,260.7588,0.9580,335.9406,261.1568,0.9674,312.1224,260.7062,0.9707,288.1600,260.8266,0.9507,251.9191,263.4109,0.9789,340.1412,149.7284,0.9947,316.0966,150.7131,0.9582,292.1810,150.7548,0.9996,268.0911,151.5636,0.9805,232.3353,155.2802,0.9558
246,401.0277,202.2235,0.9755,377.1842,201.5511,0.9692,353.4437,199.3950,0.9670,329.1940,197.6238,0.9873,293.2001,198.2041,0.9526,361.1956,260.8987,0.9673,337.0177,261.4401,0.9854,313.0633,261.2439,0.9945,289.0507,260.9731,0.9639,253.2630,263.5490,0.9910,341.2416,149.6464,0.9646,317.1629,150.4809,0.9749,293.1295,151.1726,0.9541,269.2916,151.2629,0.9643,233.2352,154.7731,0.9672
247,402.3325,202.4693,0.9727,378.3222,201.4262,0.9665,354.4702,199.8502,0.9538,330.6982,197.5752,0.9896,294.2923,197.6805,0.9903,362.2496,260.7618,0.9979,338.4871,261.6135,0.9764,314.4579,261.4879,0.9877,290.4570,261.0066,0.9926,254.7581,263.0377,0.9604,342.4281,149.4925,0.9752,318.2295,150.7534,0.9867,294.2318,151.4682,0.9717,270.5142,151.3958,0.9814,234.3998,154.6584,0.9510
248,403.3705,201.9212,0.9982,379.6069,201.7258,0.9505,355.6817,200.3528,0.9512,331.4391,198.0318,0.9717,295.6004,197.1750,0.9905,363.7068,260.7660,0.9842,339.6874,261.3908,0.9996,315.5119,261.5639,0.9650,291.4925,260.9660,0.9704,255.4077,262.5834,0.9776,343.4806,149.1317,0.9823,319.7026,150.6147,0.9911,295.4146,151.8286,0.9532,271.6308,151.7465,0.9996,235.8130,154.0609,0.9900
249,404.6906,201.9951,0.9539,380.8873,201.6196,0.9626,356.9074,200.4389,0.9643,332.9106,198.2000,0.9932,296.8790,196.7490,0.9631,364.7630,260.5037,0.9964,340.5111,261.7569,0.9618,316.8509,262.1232,0.9507,292.7746,261.1444,0.9579,256.8625,261.8144,0.9838,344.7793,149.3872,0.9560,320.7371,150.7390,0.9580,296.9664,151.6720,0.9784,272.7206,151.8990,0.9697,236.8628,153.5351,0.9894
250,406.0077,202.0058,0.9644,382.0571,201.4965,0.9901,358.1104,200.6372,0.9508,334.5149,198.7808,0.9921,298.0601,196.3800,0.9860,365.8709,260.4466,0.9731,342.2294,261.4173,0.9532,317.9350,262.4324,0.9524,294.1040,261.5976,0.9815,258.0147,262.0345,0.9727,345.8590,149.1371,0.9634,321.9058,150.8074,0.9914,298.1939,152.0129,0.9703,274.3112,152.2895,0.9760,238.2893,153.1808,0.9746
251,407.2909,201.9101,0.9703,383.2080,201.2577,0.9826,359.3760,200.7416,0.9624,335.4892,199.1748,0.9957,299.1105,196.1918,0.9878,367.4618,260.4394,0.9640,343.3468,261.1709,0.9820,319.1134,262.3525,0.9915,295.3023,261.9218,0.9747,259.2784,261.6649,0.9593,347.1865,149.0597,0.9947,323.2922,150.7229,0.9653,299.1872,152.4195,0.9969,275.3383,152.5071,0.9653,239.0098,152.7302,0.9573
252,408.4093,201.4322,0.9768,384.2307,200.9897,0.9550,360.1986,200.7722,0.9802,336.4195,199.5219,0.9697,300.7446,196.2528,0.9562,368.1754,260.1582,0.9553,344.4518,261.0965,0.9515,320.2211,262.5435,0.9847,296.3093,262.5509,0.9511,260.4004,261.5123,0.9899,348.5676,148.8955,0.9715,324.4780,150.4352,0.9929,300.5479,152.2335,0.9713,276.4045,153.0876,0.9757,240.3685,152.7688,0.9671
253,409.6283,201.3067,0.9886,385.7919,200.7502,0.9693,361.6588,200.7566,0.9579,337.9223,199.8328,0.9866,301.6500,196.5050,0.9995,369.4278,259.8978,0.9949,345.5294,260.6834,0.9878,321.5066,262.3811,0.9564,297.5633,262.9926,0.9505,261.3606,261.8775,0.9666,349.3772,148.4688,0.9759,325.6552,150.0810,0.9899,301.6973,152.2763,0.9872,277.6392,153.3192,0.9547,241.6246,153.2825,0.9571
254,410.6362,201.1459,0.9584,386.9634,200.4924,0.9958,362.9093,200.6370,0.9591,338.9960,200.0273,0.9937,302.6660,196.5446,0.9969,371.0142,259.5382,0.9948,346.8569,260.6347,0.9748,322.7466,262.5213,0.9623,298.8464,263.1832,0.9725,262.8706,262.0185,0.9884,350.9974,148.5799,0.9954,326.8550,149.8541,0.9507,302.9324,151.9473,0.9540,278.9435,153.5726,0.9674,242.8869,153.0888,0.9729
255,411.9587,201.1564,0.9968,388.0603,200.6706,0.9956,363.9959,200.7508,0.9505,339.7219,200.1148,0.9916,304.2009,197.0283,0.9699,372.0725,259.7361,0.9683,348.2021,260.7419,0.9789,324.1121,261.9580,0.9669,300.0739,263.4912,0.9743,263.8595,262.3316,0.9546,351.7302,148.2199,0.9692,327.9372,149.7465,0.9956,304.1801,151.9915,0.9686,280.1204,153.6112,0.9783,244.1735,153.5889,0.9815
256,412.9957,200.9356,0.9925,389.3056,200.3946,0.9882,365.2469,200.2038,0.9686,341.2552,200.2853,0.9803,305.2679,197.5943,0.9633,373.0766,259.6133,0.9621,349.0990,260.7269,0.9940,325.2928,261.8871,0.9940,301.4053,263.2860,0.9756,265.1659,263.0022,0.9501,353.1189,148.2350,0.9963,329.2209,149.6488,0.9958,305.1322,151.7637,0.9826,281.2533,153.8127,0.9958,245.1239,154.0024,0.9944
257,414.5560,201.4413,0.9996,390.2995,200.1967,0.9881,366.4331,200.0808,0.9785,342.4264,200.3938,0.9983,306.6813,197.8140,0.9938,374.2749,259.7723,0.9684,350.3527,260.2353,0.9516,326.5694,261.6133,0.9853,302.7122,263.3046,0.9805,266.4886,263.4430,0.9596,354.3153,148.1563,0.9945,330.2455,149.6423,0.9674,306.4524,151.4183,0.9672,282.4906,153.8084,0.9537,246.5489,154.2456,0.9775
258,415.7778,201.3308,0.9855,391.8557,200.1995,0.9600,367.3102,199.7843,0.9959,343.7493,199.8928,0.9964,307.5516,198.4428,0.9846,375.4814,259.5426,0.9742,351.3853,259.9608,0.9988,327.6380,261.4276,0.9715,303.7905,263.2804,0.9848,267.8317,263.9054,0.9721,355.4036,148.5508,0.9988,331.8523,149.3823,0.9553,307.7035,150.8873,0.9560,283.7461,153.4484,0.9721,247.8575,154.7295,0.9617
259,416.7184,201.5001,0.9650,392.7103,200.1443,0.9944,368.7612,199.5064,0.9747,344.7124,199.8630,0.9713,308.9526,198.8805,0.9846,376.7000,259.9592,0.9675,352.8445,260.3195,0.9711,328.8581,260.9970,0.9746,304.6867,263.0624,0.9944,269.0104,264.2859,0.9599,356.7195,148.6388,0.9898,332.8110,149.6260,0.9998,308.4164,150.8475,0.9837,284.9175,153.2878,0.9597,248.9923,155.5984,0.9520
260,417.8285,201.6678,0.9969,393.9726,200.3290,0.9937,370.0061,199.4406,0.9949,346.0442,199.6556,0.9850,310.1225,199.1405,0.9559,378.2423,259.9983,0.9618,354.1067,260.1428,0.9652,330.1653,260.8491,0.9701,306.2286,262.6428,0.9558,270.0532,264.4638,0.9704,358.2683,148.6922,0.9777,333.9540,149.3953,0.9852,309.8093,150.4591,0.9684,285.9462,152.9048,0.9725,249.9595,155.8100,0.9989
261,419.0749,201.6360,0.9607,395.2233,200.2979,0.9898,371.1720,199.2207,0.9900,347.1820,199.2595,0.9729,311.0050,199.6284,0.9908,379.3653,259.9629,0.9769,355.1976,260.3421,0.9856,331.1595,260.4207,0.9692,307.2289,262.2725,0.9863,271.1709,264.9633,0.9853,359.2971,148.7537,0.9729,335.1120,149.4893,0.9731,311.3324,150.4337,0.9710,287.0753,152.1590,0.9921,251.1783,155.7177,0.9624
262,420.5605,201.7377,0.9674,396.4919,200.9308,0.9776,372.0497,199.3561,0.9812,348.3706,199.0714,0.9712,312.3603,199.4694,0.9868,380.2876,260.3302,0.9502,356.4149,260.7334,0.9669,332.3309,260.5012,0.9729,308.7443,261.9497,0.9987,272.7385,265.0559,0.9907,360.5328,149.3017,0.9531,336.2139,149.6541,0.9883,312.2871,150.5643,0.9833,288.4721,152.0015,0.9611,252.5558,155.9498,0.9611
263,421.7163,201.8397,0.9815,397.3223,200.6477,0.9878,373.7197,199.3162,0.9904,349.6512,199.0763,0.9555,313.4932,199.5087,0.9843,381.6612,260.2118,0.9674,357.6685,260.7842,0.9580,333.5490,260.6833,0.9869,309.8350,261.8650,0.9888,273.5876,264.5993,0.9960,361.7070,148.9184,0.9574,337.3458,150.0839,0.9873,313.1009,150.6685,0.9768,289.7626,152.0055,0.9764,253.7969,156.1050,0.9679
264,422.9368,202.1163,0.9791,398.5899,201.0064,0.9996,374.8619,199.6048,0.9924,350.7461,198.6268,0.9671,315.0545,199.4358,0.9959,382.7043,260.7163,0.9658,358.7873,261.0493,0.9563,334.7393,260.7455,0.9986,311.0998,261.4226,0.9953,274.6081,264.6370,0.9999,362.6435,149.3920,0.9617,338.9648,150.1571,0.9697,314.8876,150.6492,0.9994,290.8966,151.6216,0.9917,255.4305,155.6208,0.9561
265,423.8862,202.1978,0.9977,400.1521,201.2087,0.9597,375.9864,199.6459,0.9679,351.7222,198.4077,0.9906,315.9174,198.9929,0.9793,384.0122,260.6931,0.9747,360.3395,261.0921,0.9992,335.8218,261.1638,0.9975,312.1939,261.1823,0.9983,276.1441,264.4388,0.9544,363.9842,149.4574,0.9941,340.1819,150.3692,0.9550,316.1020,150.5913,0.9981,291.9174,151.5080,0.9885,256.0948,155.2931,0.9816
266,424.9121,201.9496,0.9920,401.4329,201.3356,0.9961,377.1771,199.9979,0.9505,353.2966,198.0788,0.9977,317.4789,198.9080,0.9801,385.1478,260.5776,0.9524,361.1733,261.3203,0.9617,337.1364,261.4234,0.9706,313.2895,261.5947,0.9952,277.3127,263.9249,0.9524,365.0854,149.6056,0.9785,341.1710,150.7051,0.9667,317.4066,151.0321,0.9787,293.3611,151.2848,0.9790,257.5514,154.9342,0.9805
267,426.2523,202.3943,0.9882,402.4426,201.6312,0.9585,378.1407,200.2038,0.9791,354.5864,198.1541,0.9520,318.5081,198.4752,0.9523,386.4376,260.7482,0.9748,362.4912,261.4784,0.9671,338.6295,261.7390,0.9954,314.3586,261.2625,0.9539,278.2839,263.5323,0.9977,366.4762,149.5304,0.9562,342.4203,150.3048,0.9956,318.0484,151.3335,0.9540,294.1021,151.4699,0.9770,258.5373,154.5066,0.9554
268,427.5054,202.2219,0.9870,403.7747,201.6700,0.9975,379.4839,200.6913,0.9814,355.6963,198.6630,0.9866,319.8815,197.7191,0.9961,387.6514,260.4668,0.9904,363.5530,261.4690,0.9669,339.5652,262.1387,0.9592,315.4635,261.5555,0.9774,279.6489,263.3436,0.9863,367.3520,149.1515,0.9959,343.5399,150.8985,0.9751,319.8659,151.7389,0.9728,295.7528,151.6754,0.9724,259.9457,153.6873,0.9965
269,428.6913,202.0352,0.9588,404.7712,201.5514,0.9869,380.9036,200.6355,0.9624,356.6798,198.7017,0.9753,320.8105,197.3664,0.9612,388.9312,260.3606,0.9690,364.7710,261.5371,0.9740,341.0340,262.1484,0.9913,316.7379,261.8091,0.9635,280.6596,262.8830,0.9842,368.6990,149.0535,0.9855,344.8566,150.7344,0.9869,321.0604,151.8080,0.9868,297.0097,151.7626,0.9775,261.0708,153.2941,0.9952
270,429.7893,201.9665,0.9503,406.0070,201.5856,0.9713,381.7393,201.0025,0.9986,358.1621,199.2913,0.9625,322.0040,197.4004,0.9714,390.1495,260.5477,0.9829,366.3544,261.5399,0.9798,341.9402,262.1436,0.9632,318.0126,261.9793,0.9528,281.9502,262.4804,0.9656,369.8994,148.9474,0.9976,346.2092,150.5630,0.9577,322.0205,152.0134,0.9570,297.9411,152.0176,0.9760,262.1756,153.2727,0.9841
271,431.1651,201.8128,0.9610,407.3231,201.3614,0.9674,383.1832,201.2414,0.9749,359.2445,199.5644,0.9630,323.2954,197.0784,0.9511,390.9287,260.3046,0.9798,367.3801,261.0422,0.9965,343.2831,262.3381,0.9972,319.2445,262.3911,0.9791,283.0971,262.2480,0.9706,371.1996,148.4222,0.9529,347.2180,150.5715,0.9672,323.4710,152.0512,0.9832,299.3120,152.3661,0.9924,263.0724,153.0685,0.9770
272,432.6446,201.3986,0.9648,408.3398,201.2195,0.9589,384.5437,201.1989,0.9998,360.5712,199.9071,0.9706,324.7572,197.2158,0.9801,392.4720,260.0239,0.9618,368.4658,261.0425,0.9762,344.4743,262.5762,0.9610,320.5290,262.6642,0.9977,284.3569,262.2314,0.9787,372.1915,148.3721,0.9937,348.3383,150.3570,0.9507,324.5632,152.0483,0.9891,300.5041,152.8436,0.9803,264.7363,152.9428,0.9540
273,433.4859,201.2417,0.9632,409.8745,200.8887,0.9793,385.6894,201.1218,0.9656,361.6772,200.2262,0.9843,325.7045,197.1317,0.9691,393.5648,259.8486,0.9555,369.7737,260.7195,0.9784,345.6478,262.4129,0.9701,321.4275,263.0431,0.9512,285.5731,262.5516,0.9823,373.5969,148.5476,0.9523,349.6288,149.9083,0.9517,325.7307,152.2068,0.9983,301.7338,153.2138,0.9602,265.6866,153.0160,0.9880
274,434.8194,200.9817,0.9505,410.9281,200.8129,0.9525,386.6005,201.0067,0.9671,362.6794,200.6279,0.9763,326.9588,197.3912,0.9650,394.5574,259.8527,0.9601,370.6990,260.4996,0.9807,346.9600,262.2539,0.9750,322.7608,263.4240,0.9858,286.8159,262.8450,0.9781,374.5565,148.4797,0.9512,350.8904,149.7946,0.9961,326.8658,152.1883,0.9995,303.1149,153.5139,0.9505,267.0041,153.1888,0.9537
275,436.0158,200.9550,0.9828,412.1787,200.6339,0.9515,388.0406,200.9478,0.9721,364.1325,200.8997,0.9871,328.0635,197.8637,0.9505,395.9522,259.0158,0.9829,371.9054,260.4202,0.9850,347.8406,262.0554,0.9661,323.9184,263.5791,0.9615,288.0658,262.6982,0.9612,375.8065,147.9910,0.9532,351.8749,149.6092,0.9960,328.0440,151.2727,0.9840,304.1625,153.7857,0.9753,268.0792,153.5978,0.9891
276,437.1511,201.1893,0.9915,412.9811,200.6720,0.9537,389.3881,200.7309,0.9534,365.3491,201.0411,0.9629,329.3526,198.1583,0.9978,397.1954,259.6877,0.9638,373.0247,260.2045,0.9889,349.4244,261.9296,0.9557,325.3018,263.9710,0.9919,289.1660,263.8336,0.9546,377.1854,148.2641,0.9662,352.8329,149.6117,0.9989,329.4042,151.3232,0.9776,305.4327,153.7359,0.9557,269.2679,153.9326,0.9932
277,438.1758,201.3690,0.9722,414.5485,200.3046,0.9659,390.0712,200.3024,0.9545,366.6726,201.0841,0.9746,330.5056,198.9781,0.9944,398.1110,259.3540,0.9657,374.1953,260.1080,0.9734,350.1823,261.5263,0.9720,326.1631,263.3967,0.9893,290.6113,263.8728,0.9929,378.4282,147.8662,0.9800,354.3101,149.3446,0.9904,330.4581,151.1419,0.9858,306.6125,153.7589,0.9570,270.5973,154.4109,0.9689
278,439.4514,201.5647,0.9955,415.7018,200.3054,0.9700,391.2926,199.9558,0.9833,367.3776,200.6796,0.9507,331.7662,199.2480,0.9518,399.5657,259.4793,0.9543,375.5338,260.2774,0.9548,351.3878,261.4782,0.9726,327.7262,263.1782,0.9564,291.6743,264.4176,0.9510,379.6409,148.2782,0.9843,355.5065,149.1816,0.9576,331.9064,150.8131,0.9618,308.0663,153.2691,0.9758,271.6570,154.8308,0.9554
279,440.7819,201.3020,0.9726,416.7805,200.2282,0.9709,392.8379,199.9364,0.9576,368.7288,200.5601,0.9904,332.9522,199.8520,0.9585,400.8186,259.7187,0.9586,376.7110,260.1623,0.9694,352.5951,261.3895,0.9913,329.0497,263.1394,0.9648,292.9469,264.6815,0.9705,380.5646,148.4650,0.9580,357.0195,149.4503,0.9933,332.6127,150.7118,0.9848,309.0455,153.0836,0.9830,273.0502,155.1822,0.9777
280,442.1314,201.2224,0.9516,417.9875,200.3109,0.9855,394.0741,199.5008,0.9946,370.0597,200.0437,0.9964,334.0184,200.1936,0.9689,402.0328,259.8344,0.9912,377.8853,259.8740,0.9830,354.1959,260.8981,0.9604,330.2057,263.0111,0.9705,294.2226,265.1396,0.9919,381.9123,148.4055,0.9748,358.0044,149.3705,0.9834,333.8570,150.4258,0.9848,310.1218,152.9709,0.9989,274.1672,155.2882,0.9835
281,442.9415,201.5920,0.9593,418.9359,200.4851,0.9560,395.0284,199.4603,0.9508,371.0068,199.7857,0.9860,335.3680,200.4774,0.9983,403.2166,259.8455,0.9976,379.0887,260.3755,0.9513,355.0296,260.9415,0.9759,331.2398,262.4372,0.9652,295.3207,265.3261,0.9866,383.0212,148.9192,0.9766,359.1301,149.3276,0.9889,335.1226,150.2942,0.9609,311.3017,152.6261,0.9630,275.3495,155.6544,0.9959
282,444.3926,201.6661,0.9744,420.3390,200.5178,0.9760,396.4940,199.5930,0.9607,372.3513,199.5091,0.9842,336.2184,200.2794,0.9704,404.4561,260.0305,0.9853,380.4267,260.5999,0.9680,356.5193,260.7292,0.9960,332.1707,262.3321,0.9515,296.6321,265.4130,0.9943,384.3843,148.8226,0.9701,360.4069,149.8834,0.9889,336.1104,150.3228,0.9884,312.3808,152.2199,0.9506,276.6452,155.7753,0.9622
283,445.3138,202.0259,0.9588,421.4801,201.1136,0.9790,398.0239,199.4335,0.9791,373.6020,199.3117,0.9821,337.4314,200.5109,0.9644,405.4565,260.1094,0.9646,381.7437,260.7968,0.9825,357.7639,260.8227,0.9728,333.5563,261.8511,0.9811,297.8286,265.6009,0.9898,385.7782,149.1329,0.9560,361.2709,149.6641,0.9703,337.4983,150.1669,0.9750,313.5414,151.6602,0.9866,277.7385,155.6638,0.9521
284,446.9227,201.9565,0.9629,422.9573,201.3709,0.9947,398.7936,200.0168,0.9942,374.9854,198.9800,0.9711,338.9031,200.4159,0.9876,406.6978,260.4693,0.9567,382.5014,260.9381,0.9909,358.7163,260.8246,0.9863,334.6621,261.9325,0.9728,298.9269,265.1029,0.9918,386.9472,149.1176,0.9751,362.9144,150.2306,0.9966,338.9228,150.5235,0.9736,315.0188,151.5750,0.9548,278.7643,155.4165,0.9591
285,448.0385,202.2651,0.9535,423.8598,201.4861,0.9821,400.1220,199.9140,0.9777,375.6970,198.8749,0.9854,339.9218,199.8359,0.9891,407.7761,260.1187,0.9649,384.2448,261.3327,0.9994,359.9630,261.1869,0.9714,336.0687,261.8585,0.9707,300.2882,264.9341,0.9837,388.3063,149.1770,0.9696,363.8058,150.5077,0.9618,339.9509,150.8259,0.9684,316.0989,151.2942,0.9639,280.0560,154.8695,0.9886
286,449.0947,202.2254,0.9610,425.3361,201.5952,0.9786,401.0165,200.3276,0.9704,377.1283,199.0051,0.9585,341.2499,199.4570,0.9907,409.1830,260.5157,0.9580,385.2725,261.3776,0.9555,361.1434,260.9275,0.9712,337.1712,261.5296,0.9717,301.4137,264.2870,0.9761,389.4693,149.2684,0.9621,365.1762,150.4071,0.9575,341.1583,151.1259,0.9852,317.5132,151.1559,0.9786,281.1245,154.7256,0.9626
287,450.3964,202.1150,0.9764,426.5014,201.6796,0.9591,402.0707,200.4423,0.9591,378.5926,198.6694,0.9878,342.4251,199.2964,0.9867,410.4495,260.5116,0.9692,386.4314,261.3643,0.9856,362.6892,261.8271,0.9603,338.8422,261.7098,0.9841,302.4638,264.1104,0.9977,390.6076,149.1331,0.9804,366.2837,150.6631,0.9614,342.4632,150.9043,0.9926,318.6526,151.3939,0.9581,282.4018,154.2747,0.9980
288,451.5539,202.0386,0.9822,427.3781,201.8854,0.9904,403.9739,200.6722,0.9699,379.7063,198.8173,0.9819,343.6403,198.8756,0.9765,411.3064,260.4099,0.9754,387.3298,261.7105,0.9780,363.7938,261.8841,0.9545,339.8193,261.5424,0.9718,303.7600,263.9318,0.9629,391.6851,149.1364,0.9737,367.5649,150.4341,0.9804,343.8023,151.5119,0.9562,319.4716,151.3800,0.9756,283.4127,153.6716,0.9609
289,452.7091,202.2181,0.9930,428.8089,201.8723,0.9518,404.9462,201.2121,0.9814,380.9371,199.7236,0.9579,344.8311,198.2111,0.9904,412.8942,260.1241,0.9539,388.9788,261.3359,0.9614,364.7856,262.5472,0.9571,341.0323,262.0095,0.9989,304.8435,263.3319,0.9846,392.9799,149.1160,0.9648,368.8941,150.7013,0.9751,344.8533,151.7205,0.9911,320.9652,151.7318,0.9717,284.9667,153.4209,0.9815
290,453.9061,201.8852,0.9989,429.6832,201.5704,0.9743,405.8408,201.3672,0.9638,382.1895,199.6165,0.9525,346.2256,197.9323,0.9687,414.0253,259.8459,0.9800,390.0187,261.0302,0.9812,365.7569,262.4643,0.9969,341.9591,262.2005,0.9580,306.0710,263.0522,0.9511,394.0810,148.8058,0.9978,370.0609,150.5233,0.9791,346.0190,151.9326,0.9848,322.0353,152.3690,0.9631,286.1034,152.9382,0.9509
291,455.0846,201.5242,0.9551,431.2257,201.3137,0.9774,407.1792,201.6794,0.9840,383.1636,200.0258,0.9533,347.2426,198.0773,0.9734,415.1288,259.7846,0.9915,391.3219,261.1714,0.9558,367.3139,262.6477,0.9755,343.4018,262.8628,0.9844,307.2042,262.8492,0.9507,395.3997,148.4968,0.9716,371.2611,150.0482,0.9660,347.4018,151.7669,0.9599,323.2613,152.5301,0.9977,287.2368,152.4877,0.9561
292,456.5732,201.3675,0.9720,432.3235,201.3642,0.9533,408.5449,201.5616,0.9758,384.3064,200.4839,0.9707,348.5063,198.1026,0.9537,416.2595,259.5579,0.9702,392.4494,261.0083,0.9820,368.2717,262.5357,0.9997,344.3428,263.1190,0.9648,308.4482,262.7984,0.9789,396.2947,148.2910,0.9611,372.1528,150.2464,0.9751,348.3887,152.0599,0.9734,324.3404,152.8146,0.9621,288.6693,152.8029,0.9579
293,457.5940,201.2457,0.9971,433.6429,201.1417,0.9952,409.7830,201.2976,0.9839,385.8179,200.9135,0.9726,349.7335,198.0113,0.9901,417.7329,259.2869,0.9686,393.6886,260.8549,0.9907,369.4684,262.5236,0.9506,345.6331,263.4192,0.9745,309.7591,262.6619,0.9681,397.5932,148.2441,0.9781,373.6800,149.7804,0.9527,349.4876,152.1134,0.9800,325.6920,153.1553,0.9750,289.7246,152.7571,0.9754
294,458.8929,201.3617,0.9878,434.8791,200.7874,0.9906,411.0458,201.5759,0.9945,386.7871,201.2425,0.9606,350.8732,198.4381,0.9750,418.8944,259.2357,0.9608,394.7519,260.5413,0.9924,370.8145,262.4279,0.9554,346.9705,263.7670,0.9761,310.7749,263.2624,0.9719,398.7979,148.2069,0.9882,374.6109,149.4658,0.9574,350.8822,151.7102,0.9968,326.9986,153.0478,0.9856,290.7211,152.9480,0.9788
295,460.1383,201.3329,0.9556,436.0266,200.7972,0.9684,411.9571,201.3108,0.9897,387.8675,201.4669,0.9702,351.8503,198.4584,0.9708,419.9553,259.3522,0.9611,395.7857,260.2084,0.9599,372.1849,262.3885,0.9547,348.0031,264.0074,0.9964,311.8777,263.5455,0.9545,399.8721,148.3520,0.9746,376.0492,149.4254,0.9758,351.9698,151.8808,0.9530,328.1921,153.1759,0.9925,292.0495,153.6158,0.9979
296,461.0474,200.9151,0.9535,437.3415,200.9492,0.9625,413.0604,200.7625,0.9919,389.2833,201.2612,0.9922,353.1920,199.0567,0.9694,421.3052,258.9206,0.9807,397.2571,260.1399,0.9939,373.3249,261.9055,0.9989,349.1346,263.6113,0.9618,313.2466,263.7993,0.9819,401.3328,148.1397,0.9820,377.2657,149.1958,0.9787,353.1214,151.4489,0.9589,329.1941,153.5250,0.9763,293.1203,153.7365,0.9561
297,462.3408,200.7982,0.9977,438.2485,200.5914,0.9903,414.1449,200.8217,0.9511,390.4489,201.4660,0.9837,354.5531,199.5088,0.9680,422.3767,259.1440,0.9751,398.5069,260.1434,0.9765,374.2408,261.8654,0.9551,350.5886,263.5411,0.9961,314.6486,264.6024,0.9840,402.3374,147.8879,0.9737,378.3203,149.0862,0.9894,354.4196,151.0321,0.9816,330.6982,153.4247,0.9640,294.4329,154.3310,0.9969
298,463.6194,200.9615,0.9607,439.9391,200.5085,0.9796,415.5683,200.3987,0.9929,391.8619,201.2233,0.9744,355.7045,199.8588,0.9506,423.6381,259.0905,0.9666,399.4375,259.8981,0.9883,375.5485,261.6306,0.9857,351.7204,263.8006,0.9824,315.8331,264.7854,0.9760,403.6993,148.2624,0.9830,379.9506,148.9633,0.9507,355.6472,150.6431,0.9558,331.9531,153.0845,0.9940,296.0693,154.3901,0.9873
299,464.7775,201.2271,0.9686,440.9635,200.0891,0.9720,416.7225,200.2195,0.9962,392.6897,200.8645,0.9786,356.8478,200.4788,0.9659,424.8078,259.4514,0.9547,400.8905,260.0784,0.9702,376.9199,261.0706,0.9950,353.0985,263.4461,0.9999,316.8485,265.0185,0.9883,404.7858,148.1153,0.9848,380.9219,149.1998,0.9813,356.8795,150.7350,0.9584,332.8325,152.9335,0.9625,297.2373,154.8198,0.9580
300,466.0343,201.1775,0.9552,441.8418,200.5506,0.9877,417.8430,200.1732,0.9588,393.9352,200.8274,0.9894,358.1004,201.2923,0.9972,426.0434,259.2923,0.9694,402.0657,260.2174,0.9920,378.1313,260.9043,0.9680,354.2691,263.3534,0.9764,318.3524,265.6284,0.9842,405.9198,148.4070,0.9542,382.0947,149.0970,0.9637,357.9657,150.3631,0.9574,333.9990,152.6443,0.9510,298.1922,155.3458,0.9985
301,467.2591,201.5724,0.9640,443.3105,200.7981,0.9702,419.0355,199.7349,0.9714,395.4471,200.5418,0.9508,359.1360,201.0592,0.9707,427.4013,259.7848,0.9645,403.3235,260.4350,0.9669,379.2442,260.7762,0.9887,355.5174,262.9955,0.9803,319.5110,266.0163,0.9682,407.1444,148.6173,0.9540,383.3114,149.1404,0.9769,359.0161,150.1973,0.9541,335.3466,152.4442,0.9819,299.2596,155.5666,0.9699
302,468.2940,201.4566,0.9593,444.4607,200.6417,0.9808,420.4615,199.9983,0.9721,396.1049,200.1177,0.9536,360.4636,201.2978,0.9800,428.3558,259.8383,0.9533,404.3311,260.5069,0.9799,380.3238,260.9186,0.9650,356.5381,262.4350,0.9865,320.5997,265.8748,0.9541,408.3667,148.7348,0.9977,384.3518,149.2625,0.9692,360.4128,150.1475,0.9667,336.4297,151.9463,0.9886,300.6547,155.5985,0.9787
303,469.6815,201.7249,0.9582,445.5406,201.1085,0.9666,421.7104,199.7959,0.9928,397.8943,199.7863,0.9544,361.4832,201.4255,0.9589,429.2988,259.9432,0.9795,405.6953,260.6604,0.9721,381.6019,260.8185,0.9868,357.7975,261.9898,0.9918,321.8461,265.6102,0.9980,409.7371,149.0792,0.9749,385.6751,149.7428,0.9623,361.6878,150.0848,0.9960,337.5726,151.6188,0.9812,301.8095,155.4870,0.9988
304,470.7197,202.1153,0.9527,446.8106,201.5604,0.9644,422.7732,200.0743,0.9920,398.7488,199.7238,0.9831,362.7853,201.0244,0.9676,430.6902,260.1662,0.9524,406.9626,260.8797,0.9704,383.1149,261.2105,0.9688,358.7278,261.8957,0.9634,322.9989,265.8543,0.9648,410.9308,149.2793,0.9979,386.5529,149.9523,0.9868,362.9939,150.5430,0.9679,338.8291,151.0514,0.9933,302.9575,155.3003,0.9844
305,472.0970,202.1162,0.9929,448.0674,201.4113,0.9789,424.0509,200.5756,0.9713,399.8804,199.4398,0.9637,364.2077,200.9690,0.9698,432.0822,260.2476,0.9857,408.1127,261.0492,0.9805,384.0273,261.2912,0.9901,360.0619,261.7796,0.9880,323.7918,265.3929,0.9865,411.9695,149.1564,0.9513,388.0809,150.2531,0.9765,364.1909,150.4154,0.9724,340.1776,151.0837,0.9848,303.9058,155.0313,0.9568
306,473.2747,202.1303,0.9761,449.2631,201.6878,0.9501,425.1739,200.5145,0.9952,401.0906,199.1138,0.9912,365.1361,200.5145,0.9685,433.2840,260.3787,0.9786,409.4864,261.1145,0.9885,385.2103,261.6469,0.9526,361.4319,261.6050,0.9753,325.2163,264.7740,0.9512,413.2369,149.2491,0.9798,389.0932,150.4898,0.9738,365.3818,150.6361,0.9687,341.2193,151.0025,0.9619,305.2030,154.5480,0.9837
307,474.2345,201.8945,0.9554,450.3003,201.5648,0.9669,426.1011,200.7629,0.9568,402.4384,199.1789,0.9831,366.5598,200.1632,0.9738,434.3272,260.3085,0.9659,410.4775,261.1780,0.9802,386.1123,261.5552,0.9618,362.5069,261.6207,0.9919,326.5827,264.4774,0.9639,414.4010,149.1684,0.9739,390.6007,150.5680,0.9752,366.6730,151.0492,0.9940,342.3892,151.4096,0.9614,306.6793,153.8927,0.9563
308,475.4764,201.9952,0.9572,451.4818,201.9708,0.9890,427.7666,200.7126,0.9753,403.5385,199.5501,0.9941,367.8348,199.7380,0.9926,435.5954,259.7991,0.9906,411.7450,260.9846,0.9882,387.5883,262.2159,0.9996,363.6994,261.9650,0.9827,328.0262,264.0010,0.9683,415.6650,148.9808,0.9867,391.6093,150.6425,0.9801,367.9871,151.2317,0.9867,343.6723,151.0821,0.9536,307.5089,153.2987,0.9857
309,476.9159,201.4847,0.9996,452.9304,201.8062,0.9797,428.5975,201.6549,0.9812,404.8265,200.0050,0.9706,368.8599,199.1576,0.9957,436.8096,259.7421,0.9616,412.7047,261.5914,0.9542,388.8174,262.0798,0.9569,364.9793,262.2705,0.9626,328.9726,263.7020,0.9775,416.9346,148.9802,0.9895,392.8232,150.5340,0.9809,369.0434,151.3012,0.9718,344.9003,151.4249,0.9907,309.0339,152.9913,0.9933
310,478.1046,201.7137,0.9716,453.9717,201.5398,0.9577,429.9987,202.0012,0.9672,406.1784,200.3814,0.9970,369.9520,198.9739,0.9860,438.1097,259.8765,0.9934,414.1212,261.0079,0.9880,390.0482,262.4728,0.9567,366.0143,262.5395,0.9578,330.1843,263.2304,0.9828,418.1043,148.7820,0.9777,394.1363,150.5966,0.9762,370.2320,151.5100,0.9770,346.2252,151.8080,0.9944,310.1356,152.6830,0.9917
311,479.2009,201.3822,0.9710,454.9628,201.5601,0.9799,431.3101,201.9580,0.9538,407.2489,200.7549,0.9664,371.2328,198.9387,0.9736,439.1210,259.4313,0.9910,415.1138,260.9959,0.9605,391.2780,262.4098,0.9874,367.1753,262.9276,0.9959,331.4753,263.3319,0.9785,419.1433,148.4294,0.9975,395.3494,150.3368,0.9936,371.2458,151.5617,0.9611,347.2859,151.9116,1.0000,311.4193,152.5730,0.9589
312,480.3734,201.0702,0.9937,456.4013,201.4990,0.9634,432.4198,201.8393,0.9910,408.6570,200.9064,0.9653,372.3773,199.0427,0.9769,440.2751,259.2036,0.9982,416.5505,260.5615,0.9586,392.5185,262.5513,0.9944,368.5594,263.3167,0.9955,332.4304,263.2990,0.9551,420.3456,148.0690,0.9761,396.4518,149.7976,0.9949,372.5494,152.0279,0.9998,348.7203,152.3192,0.9766,312.5440,152.6971,0.9531
313,481.7584,201.0985,0.9510,457.6877,201.1762,0.9528,433.7577,201.8774,0.9665,409.6398,201.2207,0.9629,373.5099,199.0129,0.9997,441.5768,259.3399,0.9932,417.8069,260.4793,0.9750,393.6225,262.5072,0.9710,369.7191,263.6002,0.9727,333.7572,263.1189,0.9890,421.4936,147.9608,0.9550,397.5868,149.8884,0.9525,373.8511,151.8342,0.9816,349.7502,152.4598,0.9570,313.8553,152.4948,0.9995
314,482.7982,200.7905,0.9720,458.7738,201.0741,0.9619,434.7352,201.6297,0.9914,410.7323,201.6042,0.9786,374.8495,199.2111,0.9673,442.7827,259.0911,0.9509,418.6879,260.6167,0.9617,394.9725,262.5556,0.9884,371.1197,263.6753,0.9830,334.7888,263.3838,0.9789,422.7754,148.0213,0.9893,398.5607,149.3212,0.9718,374.7483,151.3954,0.9995,350.7401,153.0127,0.9717,315.1082,152.4534,0.9784
315,483.7732,200.8550,0.9605,460.0493,200.8714,0.9525,435.7424,201.5709,0.9624,411.9350,201.8322,0.9928,375.9611,199.3849,0.9721,444.3288,258.8800,0.9675,419.8877,260.3570,0.9656,395.9076,262.0356,0.9547,372.0588,263.9196,0.9953,336.0738,263.9230,0.9836,424.1858,148.0301,0.9703,399.8645,149.3194,0.9921,376.3798,151.4667,0.9688,352.2627,153.4315,0.9984,315.9665,152.8026,0.9828
316,485.3331,200.8129,0.9625,461.1472,200.9042,0.9868,437.1854,201.4376,0.9571,413.0441,201.7326,0.9921,377.2021,199.8921,0.9814,445.5094,258.6243,0.9696,421.2210,260.2625,0.9748,397.4317,262.2725,0.9696,373.5250,263.8665,0.9995,337.2200,264.2821,0.9875,425.1602,147.9437,0.9576,401.2734,149.3938,0.9888,377.4428,150.9702,0.9857,353.5004,153.0826,0.9790,317.2728,153.2899,0.9996
317,486.5695,200.6196,0.9523,462.4802,200.5982,0.9653,438.5409,200.9426,0.9696,414.2314,201.9615,0.9860,378.2525,200.8720,0.9685,446.3045,258.8546,0.9816,422.4201,259.9283,0.9701,398.2319,261.6445,0.9982,374.7098,264.0090,0.9584,338.6035,264.5954,0.9625,426.4876,147.9267,0.9739,402.6214,148.8889,0.9995,378.1283,150.6780,0.9777,354.5250,153.2346,0.9890,318.5013,153.9423,0.9718
318,487.3987,200.9948,0.9621,463.4758,200.3984,0.9914,439.4920,200.7311,0.9920,415.6962,201.6474,0.9863,379.4939,201.0371,0.9584,447.6088,259.0232,0.9889,423.4083,259.8700,0.9768,399.8207,261.2754,0.9892,375.8414,263.9929,0.9913,339.9834,264.9000,0.9905,427.4777,147.8560,0.9704,403.8035,148.8758,0.9785,379.5793,150.5135,0.9866,355.6983,152.9033,0.9555,319.7307,154.0700,0.9981
319,488.7346,201.2503,0.9914,464.8789,200.6861,0.9642,440.7837,200.4959,0.9528,416.9377,201.5896,0.9591,380.7984,201.5242,0.9530,448.9671,259.2684,0.9566,424.7560,259.9665,0.9973,400.8737,261.1648,0.9550,376.7058,263.4343,0.9963,341.2654,265.5218,0.9579,428.8789,148.5433,0.9620,404.8057,148.8610,0.9882,380.7827,150.2414,0.9595,356.7479,152.5292,0.9549,321.3870,154.8063,0.9741
320,489.9847,201.2218,0.9733,466.1571,200.5161,0.9554,441.9354,200.4642,0.9607,418.2066,201.3627,0.9643,382.0926,201.9266,0.9644,450.2015,259.1502,0.9772,426.2540,260.2008,0.9551,402.1889,261.0847,0.9527,377.9400,263.2558,0.9799,341.8892,265.7265,0.9705,429.8756,148.1652,0.9997,406.0007,148.8056,0.9891,382.0862,150.0899,0.9615,358.0341,152.3863,0.9899,322.0219,154.9735,0.9785
321,491.0294,201.2446,0.9775,467.2007,200.8518,0.9968,443.4756,200.2596,0.9938,419.2033,200.9069,0.9928,383.2855,202.1050,0.9648,451.3621,259.2170,0.9647,427.0324,260.0856,0.9547,403.0406,260.9214,0.9856,379.2515,262.8471,0.9841,343.3009,266.0926,0.9538,430.9371,148.3247,0.9847,407.1445,149.2707,0.9576,383.3670,149.8974,0.9915,359.2548,151.9799,0.9578,323.2518,155.1490,0.9853
322,492.3619,201.5069,0.9972,468.4325,201.0470,0.9740,444.4216,200.4372,0.9905,420.1393,200.3063,0.9683,384.5305,202.4669,0.9523,452.1526,259.8972,0.9752,428.5721,260.3063,0.9596,404.4887,260.9443,0.9698,380.3448,262.7463,0.9684,344.7354,266.1524,0.9567,432.3414,148.5984,0.9950,408.4554,149.3214,0.9797,384.5720,150.0528,0.9823,360.4653,151.6040,0.9738,324.4292,154.9446,0.9581
323,493.7019,201.7578,0.9816,469.5299,201.1835,0.9915,445.6797,200.6039,0.9580,421.5949,200.2266,0.9961,385.6163,202.3304,0.9686,453.7234,259.9303,0.9694,429.7562,260.7161,0.9737,405.4346,261.0174,0.9746,381.5382,262.4377,0.9754,345.6718,265.9978,0.9540,433.3936,148.8461,0.9913,409.6925,149.4603,0.9581,385.7219,149.9865,0.9648,361.4252,151.2235,0.9560,325.6554,154.9485,0.9670
324,494.8572,202.0260,1.0000,470.7848,201.5618,0.9828,446.9247,200.3793,0.9950,422.6670,200.1379,0.9685,386.8550,202.0882,0.9699,454.6321,259.9839,0.9933,430.6835,260.8488,0.9784,406.8652,261.1789,0.9555,382.5465,262.1033,0.9574,346.9345,265.8354,0.9679,434.8399,148.8381,0.9907,410.6161,149.7552,0.9920,386.8422,150.2585,0.9536,362.7777,151.0607,0.9946,326.9281,154.7682,0.9733
325,495.6890,202.0681,0.9970,471.9774,201.6489,0.9852,447.7303,200.6717,0.9759,423.9278,200.1747,0.9748,387.8725,201.8074,0.9669,456.1401,259.9554,0.9896,432.0917,261.0967,0.9964,407.9494,261.5850,0.9993,383.7939,261.9059,0.9678,348.0924,265.3040,0.9686,435.8269,149.0186,0.9710,412.2621,150.1262,0.9919,388.0133,150.0399,0.9671,363.9485,150.7115,0.9537,328.1222,154.4939,0.9959
326,497.1240,201.6824,0.9962,473.0131,201.8709,0.9936,449.2435,200.9380,0.9565,425.0714,199.8056,0.9771,389.2290,201.6672,0.9788,457.2322,260.0399,0.9929,433.2651,261.4778,0.9600,409.3736,261.6598,0.9796,385.1972,261.6047,0.9830,349.3754,265.1340,0.9975,437.1937,149.1653,0.9626,413.0882,150.0067,0.9569,389.3203,150.2866,0.9898,365.3378,150.6858,0.9878,329.2806,153.8224,0.9748
327,498.5466,202.2218,0.9657,474.1154,201.8829,0.9740,450.3238,201.3436,0.9757,426.3618,199.9592,0.9671,390.3612,200.8259,0.9879,458.4346,260.0488,0.9636,434.2246,261.1160,0.9745,410.2542,262.0288,0.9663,386.2128,261.9384,0.9531,350.5894,264.5438,0.9856,438.2709,149.0978,0.9964,414.5075,149.9669,0.9926,390.4302,150.3088,0.9988,366.2328,150.8116,0.9982,330.4123,153.6303,0.9778
328,499.6619,201.6320,0.9656,475.3800,201.9132,0.9955,451.6599,201.6899,0.9669,427.4520,200.1581,0.9668,392.0185,200.5658,0.9863,459.7885,259.9409,0.9595,435.6507,261.2984,0.9854,411.6747,261.8859,0.9505,387.7056,262.4617,0.9762,351.8090,264.1039,0.9526,439.6157,148.9782,0.9520,415.6940,150.3107,0.9784,391.8770,151.2237,0.9913,367.6641,150.8220,0.9995,331.6463,152.8595,0.9569
329,500.6007,201.7720,0.9738,476.9717,201.7172,0.9935,452.8019,201.5933,0.9858,428.6964,200.4692,0.9564,392.8914,200.1886,0.9704,461.0827,259.9499,0.9862,436.7415,261.1102,0.9616,412.5243,262.2670,0.9545,389.1100,262.5354,0.9620,353.0727,263.8708,0.9594,440.6528,148.8553,0.9994,416.9032,150.0612,0.9620,392.6733,151.3442,0.9698,368.7838,150.9393,0.9781,332.8498,152.5738,0.9944
330,501.9464,201.3906,0.9733,478.3278,201.8217,0.9742,453.9740,201.8969,0.9816,429.7440,200.8286,0.9797,394.3142,200.0788,0.9976,462.1781,259.2529,0.9849,438.2292,261.1266,0.9784,414.0532,262.4578,0.9731,390.0853,262.4024,0.9535,354.3229,263.5587,0.9882,441.8876,148.7634,0.9609,418.1840,150.0823,0.9630,394.0195,151.5276,0.9844,370.0098,151.4711,0.9507,334.0829,152.2888,0.9552
331,503.3023,201.2967,0.9840,479.1407,201.6296,0.9979,455.0831,202.0319,0.9896,431.2284,201.1727,0.9866,395.2138,199.6528,0.9950,463.2528,259.3993,0.9779,438.9923,261.0638,0.9620,415.2721,262.3993,0.9609,391.4856,262.6701,0.9978,355.4459,263.4023,0.9913,443.0254,148.4265,0.9862,419.0999,149.3320,0.9707,395.1033,151.5854,0.9956,371.0943,151.6149,0.9561,335.0705,151.9032,0.9710
332,504.3492,201.3006,0.9977,480.4141,201.4365,0.9895,456.2599,202.0905,0.9987,432.6101,201.7297,0.9698,396.4037,199.5886,0.9729,464.4192,259.2890,0.9523,440.4470,260.7598,0.9852,416.5332,262.7297,0.9864,392.4025,263.4760,0.9817,356.4413,263.1935,0.9672,444.3786,148.0618,0.9715,420.3705,149.7089,0.9918,396.2712,151.4759,0.9514,372.3623,151.9393,0.9591,336.5878,151.9219,0.9763
333,505.5986,200.8984,0.9987,481.3093,201.3658,0.9753,457.6504,201.8908,0.9555,433.6651,202.0923,0.9646,397.6820,199.7242,0.9837,465.9288,258.8529,0.9941,441.6070,260.5325,0.9552,417.5083,262.7380,0.9760,393.6358,263.4739,0.9519,357.8153,263.4281,0.9649,445.4186,148.3011,0.9516,421.3103,149.6069,0.9554,397.5307,151.5380,0.9891,373.5785,152.3142,0.9564,337.9674,151.7959,0.9862
334,506.9639,200.6406,0.9622,482.7465,201.0585,0.9546,458.7248,202.4440,0.9661,434.9076,202.2401,0.9752,398.7194,200.1124,0.9665,466.9579,258.5545,0.9947,442.8322,260.3221,0.9879,418.8797,262.5322,0.9757,395.0856,263.8240,0.9645,358.8144,263.5552,0.9504,446.6813,148.1315,0.9587,422.9323,149.1949,0.9738,398.8373,151.3266,0.9727,374.7486,152.5621,0.9671,338.8193,152.0259,0.9663
335,508.0876,200.6644,0.9903,484.1014,200.7808,0.9803,459.9316,201.7232,0.9651,436.0185,202.3110,0.9686,400.2131,200.5192,0.9643,468.1530,258.7572,0.9625,443.9880,259.9607,0.9970,420.3371,262.4052,0.9569,396.3497,264.0844,0.9899,360.0629,263.9838,0.9570,448.0852,147.8642,0.9769,423.9402,149.3582,0.9762,400.3176,150.9598,0.9669,375.8744,152.7244,0.9822,339.7582,152.6675,0.9516
336,509.0578,200.6601,0.9923,485.2838,200.6718,0.9772,461.1902,201.7628,0.9778,437.3090,202.6159,0.9836,401.2323,200.8069,0.9793,469.2161,258.7614,0.9503,445.0124,259.8646,0.9606,421.2733,261.8302,0.9594,397.1747,264.2752,0.9771,361.3251,264.3033,0.9838,449.1995,148.0159,0.9931,425.3404,148.8057,0.9502,401.2850,151.0984,0.9680,377.2905,152.8412,0.9714,341.2737,152.5599,0.9937
337,510.3880,201.0060,0.9901,486.5465,200.3742,0.9889,462.2816,201.1684,0.9715,438.6675,202.6469,0.9591,402.2305,201.4330,0.9944,470.3727,258.8882,0.9788,446.1178,260.2165,0.9628,422.3551,261.6007,0.9878,398.4397,264.2863,0.9666,362.4928,264.7571,0.9531,450.5488,147.9585,0.9585,426.5749,148.8023,0.9671,402.6715,150.5392,0.9892,378.3747,152.7142,0.9748,342.5334,153.0856,0.9693
338,511.7693,200.7155,0.9741,487.4279,200.5138,0.9643,463.6951,201.1153,0.9990,439.8700,202.2607,0.9590,403.7491,202.0140,0.9682,471.6251,258.7144,0.9932,447.3876,259.7447,0.9593,423.4150,261.4012,0.9734,399.7667,263.9530,0.9692,363.7161,265.2126,0.9893,451.3621,147.9768,0.9762,427.6197,148.9047,0.9909,403.5651,150.1148,0.9515,379.5644,152.5100,0.9880,343.8205,153.5292,0.9783
339,512.9303,200.9545,0.9789,488.5834,200.6417,0.9901,465.2159,200.8717,0.9736,440.9003,202.1629,0.9641,404.6876,202.6104,0.9791,472.7541,259.1149,0.9903,449.1261,259.7436,0.9969,424.8595,261.0937,0.9726,400.7403,263.3848,0.9584,365.0117,265.6247,0.9703,452.8165,148.0465,0.9984,428.4701,149.0056,0.9695,404.6043,150.0725,0.9561,380.8727,152.1528,0.9520,345.0704,154.0574,0.9678
340,514.1359,201.1278,0.9513,490.1243,200.6820,0.9767,466.0253,200.8822,0.9705,442.1944,201.8151,0.9521,405.9357,202.9782,0.9817,474.0690,258.9822,0.9639,450.1460,260.0423,0.9907,425.7519,260.9899,0.9951,402.0773,263.1869,0.9960,366.0933,266.0031,0.9608,454.0099,148.3739,0.9791,430.2014,149.0215,0.9727,406.0910,149.7690,0.9705,381.8240,152.1394,0.9798,346.1500,154.2081,0.9569
341,515.3304,201.3126,0.9809,491.2554,201.1155,0.9926,467.2146,200.4014,0.9719,443.1999,201.6299,0.9760,407.1241,203.0251,0.9827,475.0836,259.2392,0.9913,451.0514,260.0256,0.9977,427.1006,260.5110,0.9590,403.1600,262.6091,0.9909,367.6994,266.2361,0.9565,454.9097,148.4863,0.9918,431.0457,148.9165,0.9781,407.3654,149.7198,0.9935,383.1771,151.5830,0.9866,347.1359,154.6667,0.9919
342,516.3479,201.4721,0.9912,492.2475,201.1290,0.9814,468.1706,200.3802,0.9725,444.5321,201.2526,0.9994,408.5590,203.1386,0.9646,476.3349,259.4278,0.9589,452.2799,260.3507,0.9823,428.2903,260.9054,0.9649,404.3727,262.7228,0.9671,368.6656,266.5527,0.9817,456.5747,148.8280,0.9613,432.1252,149.0009,0.9925,408.3868,149.3451,0.9690,384.4973,151.1781,0.9593,348.6161,154.3448,0.9543
343,517.7426,201.7216,0.9955,493.5071,201.4585,0.9887,469.7055,200.7657,0.9957,445.5628,200.8714,0.9955,409.3461,203.2209,0.9893,477.7024,259.4671,0.9598,453.6251,260.2460,0.9649,429.5308,261.0038,0.9776,405.7855,262.1830,0.9665,369.6503,266.4312,0.9975,457.7413,148.8378,0.9781,433.8953,149.4092,0.9635,409.6730,149.3301,0.9558,385.4588,150.5604,0.9644,349.6705,154.3233,0.9846
344,519.0921,201.4492,0.9712,494.8762,201.7338,0.9833,470.9071,200.8563,0.9662,446.9096,200.8662,0.9707,410.9670,203.2174,0.9950,478.9182,259.9432,0.9717,455.0680,260.7447,0.9699,430.4745,261.0329,0.9831,406.5498,262.1095,0.9966,370.9534,266.0862,0.9656,458.7870,148.8904,0.9653,434.8612,149.8494,0.9546,410.8779,149.7792,0.9834,386.8429,150.7943,0.9835,350.9489,154.3159,0.9992
345,520.2410,201.7914,0.9551,495.9240,201.6803,0.9633,471.9975,201.2790,0.9619,448.1219,200.7114,0.9631,412.2381,202.6805,0.9735,480.1245,259.7641,0.9958,455.9020,260.7681,0.9767,432.1076,261.3840,0.9793,407.6624,261.7514,0.9970,372.2786,265.5724,0.9787,459.8862,149.0569,0.9865,436.0900,149.8495,0.9974,412.0851,149.8720,0.9662,388.1257,150.5030,0.9677,352.1845,153.7929,0.9812
346,521.0881,201.8462,0.9714,497.3081,201.8822,0.9876,473.1407,201.2413,0.9993,449.1228,200.4861,0.9966,413.2766,202.5220,0.9827,481.2197,259.9607,0.9503,457.3448,261.0986,0.9686,433.1063,261.1101,0.9632,409.2914,261.8831,0.9924,373.5971,265.3186,0.9587,461.2743,149.1782,0.9919,437.4132,149.8864,0.9524,412.9488,150.1896,0.9876,389.2326,150.5160,0.9613,353.1248,153.3543,0.9626
347,522.2959,201.7243,0.9994,498.3939,202.0345,0.9721,474.6649,201.5827,0.9508,450.3742,200.6829,0.9731,414.5063,201.9194,0.9711,482.3278,259.6051,0.9621,458.2648,261.2398,0.9675,434.3758,261.8114,0.9981,410.5485,261.9233,0.9926,374.2695,264.5577,0.9513,462.5790,149.0391,0.9545,438.6126,150.0799,0.9828,414.2228,150.1076,0.9731,390.2055,150.2825,0.9932,354.3126,153.1554,0.9900
348,523.6837,201.4885,0.9615,499.8104,202.1521,0.9797,475.5636,201.6711,0.9562,451.4045,200.5496,0.9534,415.6138,201.6259,0.9667,483.7925,259.6609,0.9675,459.8163,261.2214,0.9995,435.6141,261.6788,0.9930,411.6118,262.1239,0.9581,375.8279,264.3306,0.9907,463.6033,149.0205,1.0000,439.4239,150.2047,0.9952,415.9976,150.5646,0.9895,391.6089,150.4514,0.9732,355.7713,152.5543,0.9642
349,524.8104,201.6069,0.9511,500.9456,202.0141,0.9642,476.8524,202.1372,0.9553,452.6004,201.1772,0.9790,416.8920,201.1272,0.9529,484.8464,259.7285,0.9890,460.8376,260.9373,0.9664,436.9246,262.1278,0.9548,413.1383,262.7101,0.9642,377.0138,263.8825,0.9860,464.7967,148.8028,0.9556,440.6578,149.9272,0.9620,416.7684,150.8223,0.9793,392.8009,150.5154,0.9684,356.8529,151.8653,0.9973
350,526.1029,201.1125,0.9921,502.0464,201.7781,0.9779,477.9706,202.5438,0.9528,453.9226,201.4239,0.9812,417.9655,200.5888,0.9821,486.0459,259.0955,0.9702,462.1214,260.8200,0.9836,438.1527,262.4699,0.9597,414.0390,262.4022,0.9772,377.9256,263.7680,0.9701,466.0438,148.6215,0.9652,441.8337,149.7284,0.9704,418.0066,151.2071,0.9520,394.0079,150.9890,0.9877,358.1130,151.4473,0.9738
351,527.1758,201.2334,0.9718,503.2884,201.9947,0.9609,479.1377,202.8122,0.9833,455.1861,201.8055,0.9720,419.2412,200.5942,0.9545,487.3769,259.1183,0.9874,463.2181,260.7773,0.9743,439.5428,262.2902,0.9805,415.3456,262.8916,0.9922,379.1569,263.4252,0.9811,467.2154,148.1334,0.9772,443.1661,149.4287,0.9707,419.5024,151.2417,0.9631,395.1194,150.9862,0.9959,358.9314,151.1941,0.9708
352,528.4319,200.7610,0.9874,504.3179,201.8331,0.9899,480.1131,202.2989,0.9530,456.5141,202.2241,0.9972,420.4899,200.5299,0.9751,488.2789,258.9897,0.9656,464.2304,260.6722,0.9601,440.4529,262.6263,0.9541,416.5335,263.2970,0.9929,380.6476,263.2229,0.9651,468.1814,148.2288,0.9867,444.5409,149.2420,0.9735,420.3070,151.2402,0.9529,396.2403,151.4768,0.9955,360.6714,151.1914,0.9505
353,529.5885,201.1355,0.9552,505.8873,201.3317,0.9743,481.6870,202.6085,0.9615,457.6900,202.4868,0.9967,421.5638,200.8789,0.9565,489.7518,258.8268,0.9697,465.6859,260.5531,0.9698,442.0206,262.5836,0.9672,417.6994,263.5862,0.9682,381.7143,263.2594,0.9989,469.6633,148.3635,0.9604,445.7747,149.1956,0.9652,421.4514,151.3590,0.9966,397.5318,151.8982,0.9809,361.5101,151.0014,0.9638
354,530.8636,200.7165,0.9801,506.7049,201.3163,0.9850,482.9654,202.6969,0.9896,459.0027,202.7939,0.9717,422.6503,201.0915,0.9562,490.7667,258.5709,0.9730,466.7570,260.3130,0.9587,442.4932,262.4974,0.9876,419.2484,263.9503,0.9551,382.7105,263.7557,0.9922,470.8059,147.9874,0.9790,446.7573,149.2138,0.9703,422.9910,150.8259,0.9532,398.8923,152.0608,0.9666,362.6636,151.5397,0.9876
355,532.1572,200.6889,0.9667,507.9090,200.7750,0.9721,484.0593,202.0219,0.9705,459.9715,202.8508,0.9806,423.6970,201.4519,0.9541,491.8535,258.6159,0.9856,467.8998,260.2496,0.9753,444.2218,262.2508,0.9649,420.1652,264.1038,0.9986,384.0202,263.7894,0.9759,471.9969,147.8920,0.9642,448.1416,149.1137,0.9577,423.9374,150.8856,0.9502,399.9953,152.1868,0.9962,364.1655,151.8100,0.9674
356,533.1693,200.4235,0.9501,509.1467,200.7820,0.9523,485.1358,201.8309,0.9942,461.1086,203.1483,0.9792,425.0877,201.7620,0.9749,493.1292,258.7631,0.9868,469.2551,259.9461,0.9756,445.2117,262.0620,0.9892,421.3438,264.0800,0.9850,385.4430,264.4095,0.9505,473.1114,147.7863,0.9780,449.1684,148.5917,0.9676,425.1679,150.4231,0.9602,401.1054,152.1407,0.9822,365.5134,152.1095,0.9693
357,534.4076,200.2220,0.9547,510.6791,200.7838,0.9783,486.3446,201.7770,0.9839,462.1513,202.8235,0.9662,426.2464,202.0220,0.9904,494.2742,258.6449,0.9594,470.2993,259.7157,0.9642,446.1077,261.7228,0.9968,422.8017,263.9908,0.9861,386.3590,264.7374,0.9862,474.5618,147.7432,0.9511,450.5112,148.5299,0.9834,426.2799,150.2786,0.9715,402.5292,152.2729,0.9573,366.5769,152.3277,0.9732
358,535.7360,200.3998,0.9604,511.7207,200.7947,0.9528,487.4952,201.1586,0.9617,463.5074,203.0113,1.0000,427.5295,202.8853,0.9621,495.6037,258.5959,0.9887,471.6488,259.7701,0.9560,447.6639,261.4268,0.9692,423.7782,263.6176,0.9520,387.9801,264.9342,0.9874,475.5095,147.8730,0.9672,451.6629,148.6515,0.9850,427.6387,149.9626,0.9712,403.3861,152.1422,0.9636,367.7573,152.8435,0.9663
359,536.8413,200.6154,0.9896,512.7504,200.8739,0.9828,489.0810,201.2515,0.9533,464.7252,202.9367,0.9630,428.8196,203.2045,0.9816,496.6447,258.9687,0.9613,472.7802,259.6586,0.9809,448.6999,261.1365,0.9835,424.7390,264.0798,0.9896,388.7431,265.6602,0.9763,476.6147,148.1334,0.9935,452.8805,148.7317,0.9967,428.7004,149.5508,0.9745,405.0173,151.9877,0.9931,368.9300,153.3088,0.9596
360,537.8166,200.9813,0.9840,514.1037,200.9623,0.9823,490.1606,200.8454,0.9765,466.0842,202.5043,0.9597,430.2284,203.5708,0.9819,498.1097,258.7740,0.9564,473.5686,259.8393,0.9867,450.1596,260.9292,0.9600,426.0921,263.4818,0.9575,390.0564,266.1616,0.9874,477.8174,148.0538,0.9771,454.2680,148.6358,0.9565,429.9492,149.3244,0.9785,406.0099,151.2144,0.9702,370.2183,153.6019,0.9931
361,539.1481,201.0187,0.9628,515.1264,200.9320,0.9845,491.1768,200.9283,0.9838,467.4110,202.0012,0.9660,431.0813,203.9117,0.9787,499.0930,258.9792,0.9685,475.2703,259.8862,0.9574,451.2538,260.6063,0.9887,427.1855,262.9197,0.9537,391.3799,266.0036,0.9819,479.2480,148.4617,0.9543,455.4161,148.7529,0.9871,431.4580,149.4090,0.9771,407.2571,151.0462,0.9825,371.2126,153.8940,0.9552
362,540.6862,201.2301,0.9548,516.5724,201.2296,0.9772,492.5494,200.6861,0.9705,468.2876,201.8798,0.9706,432.0891,204.1517,0.9799,500.7256,259.3233,0.9589,476.7080,260.1536,0.9643,452.4301,260.6193,0.9961,428.5413,262.2254,0.9858,392.4542,266.2033,0.9619,480.5540,148.5253,0.9635,456.3982,149.1424,0.9777,432.3270,149.0246,0.9790,408.2784,150.8054,0.9708,372.5427,153.9972,0.9814
363,541.6504,201.3939,0.9858,517.5644,201.7132,0.9840,493.5250,200.7761,0.9702,469.8033,201.2531,0.9716,433.6253,204.1818,0.9626,501.4899,259.4136,0.9658,477.7364,260.4098,0.9864,453.6520,260.3779,0.9858,429.8188,262.2133,0.9850,393.7644,265.9151,0.9815,481.6820,148.9165,0.9767,457.6891,149.4457,0.9529,433.5497,149.1034,0.9728,409.5357,150.3833,0.9562,373.4576,153.6839,0.9833
364,542.7149,201.5817,0.9776,518.8461,201.5778,0.9518,494.9373,200.8692,0.9978,470.5124,201.1165,0.9871,435.0542,203.9410,0.9942,502.8488,259.4147,0.9719,478.6638,260.6008,0.9853,455.2043,261.0429,0.9723,430.9191,261.7976,0.9808,394.7710,266.0158,0.9619,482.7021,148.8610,0.9541,458.6524,149.2129,0.9661,434.9113,149.3520,0.9976,410.6859,150.0127,0.9978,374.6889,153.6111,0.9620
365,544.0076,201.6367,0.9639,520.0668,201.5257,0.9584,495.9541,201.2150,0.9881,472.1310,201.0006,0.9545,435.9944,203.5634,0.9822,504.0980,259.3887,0.9591,479.9267,260.6656,0.9534,455.8434,260.9600,0.9514,432.0068,261.7868,0.9619,396.2457,265.3789,0.9927,484.3470,148.9217,0.9525,460.0087,149.8628,0.9665,436.2137,149.6035,0.9634,411.9000,150.0008,0.9668,376.0210,152.9353,0.9766
366,545.0918,202.0804,0.9850,521.2906,202.0595,0.9778,497.1689,201.4289,0.9985,473.2104,200.8350,0.9955,437.3306,203.1487,0.9700,505.0625,259.7173,0.9984,480.9974,260.9394,0.9878,457.2738,261.3405,0.9785,433.3195,261.7317,0.9901,397.1598,265.1606,0.9970,485.0518,149.1871,0.9797,461.2839,149.7237,0.9562,437.2326,149.7253,0.9547,413.1721,149.6167,0.9556,377.2047,152.7677,0.9884
367,546.3299,201.6410,0.9648,522.4578,201.9103,0.9826,498.1319,201.8879,0.9561,474.4384,201.0053,0.9955,438.3724,202.7439,0.9538,506.0921,259.5696,0.9571,482.4528,260.8540,0.9786,458.3183,261.4171,0.9530,434.5200,261.8413,0.9903,398.4012,264.5546,0.9664,486.1716,149.0695,0.9811,462.4895,150.0153,0.9969,438.2971,150.0245,0.9762,414.4918,149.7573,0.9782,378.3104,151.9075,0.9958
368,547.5770,201.4851,0.9879,523.4263,202.3952,0.9619,499.5873,201.9281,0.9961,475.4999,201.3152,0.9766,439.4479,202.4870,0.9614,507.9495,259.4080,0.9888,483.3344,261.2128,0.9874,459.5862,262.1440,0.9860,435.8695,261.6163,0.9720,399.3534,264.2299,0.9660,487.2980,148.8382,0.9876,463.7095,149.7681,0.9941,439.6820,150.4042,0.9572,415.6340,149.8552,0.9753,379.6384,151.6892,0.9951
369,548.6372,201.5326,0.9949,524.8422,202.2599,0.9524,501.2162,202.4532,0.9500,476.8488,201.4433,0.9619,440.9646,201.9699,0.9791,508.7241,259.4322,0.9757,484.6553,260.9612,0.9551,460.9094,261.9754,0.9548,436.9191,262.0780,0.9633,400.9566,263.7881,0.9904,488.9830,148.5783,0.9666,464.4644,149.8470,0.9785,440.9640,150.4305,0.9821,416.7534,150.1752,0.9966,380.6476,151.0251,0.9568
370,550.3953,201.2024,0.9730,526.0098,202.2228,0.9909,501.9217,202.5284,0.9982,477.9184,201.9006,0.9725,442.0475,201.6680,0.9702,510.0371,259.1292,0.9783,486.2487,260.7546,0.9540,462.0836,262.1820,0.9838,437.9048,262.0736,0.9750,402.1364,263.3127,0.9614,490.0978,148.5916,0.9547,466.0696,149.6379,0.9826,442.2647,150.6774,0.9796,418.3559,150.4295,0.9881,382.1617,150.7883,0.9743
371,551.2291,200.8729,0.9898,527.2034,201.9125,0.9534,503.2680,202.8916,0.9533,479.1517,201.8718,0.9695,443.3818,201.5033,0.9936,511.5713,258.7935,0.9967,487.4342,260.6870,0.9888,463.4525,262.3891,0.9908,439.0576,262.7862,0.9554,403.5465,263.1972,0.9766,491.0575,148.4170,0.9896,467.3890,149.5054,0.9873,443.1018,150.5742,0.9608,419.0514,150.8524,0.9822,383.2256,150.5979,0.9734
372,552.6377,200.9810,0.9688,528.3941,201.6136,0.9826,504.5257,202.8520,0.9839,480.3307,202.6557,0.9971,444.4020,201.5434,0.9715,512.2137,258.6302,0.9943,488.4737,260.1797,0.9641,464.6451,262.2316,0.9986,440.3011,262.9271,0.9829,404.2232,263.0974,0.9935,492.2635,148.2368,0.9775,468.2983,149.3952,0.9933,444.5207,150.8372,0.9656,420.5066,150.8216,0.9785,384.2718,150.4198,0.9818
373,553.8887,200.5709,0.9609,529.5588,201.3213,0.9562,505.3424,202.6417,0.9610,481.5332,202.9198,0.9683,445.6527,201.5116,0.9773,513.7160,258.8405,0.9810,489.6179,260.2916,0.9772,465.5803,262.1363,0.9752,441.8252,263.3580,0.9839,405.3619,263.1951,0.9742,493.6012,148.0704,0.9960,469.7745,149.1311,0.9837,445.6998,150.5934,0.9661,421.7779,151.5446,0.9978,385.3849,150.4976,0.9808
374,554.9749,200.2830,0.9609,530.8619,201.4962,0.9781,507.0299,202.7857,0.9650,482.8673,203.2135,0.9583,446.8529,201.7771,0.9681,514.6825,258.1313,0.9915,490.8792,259.8953,0.9591,466.9308,262.0719,0.9709,442.9008,263.6295,0.9751,407.1234,263.5192,0.9667,494.5120,147.5921,0.9518,470.8204,148.9301,0.9798,446.8356,150.5455,0.9994,423.1311,151.6730,0.9591,386.5674,150.7613,0.9725
375,555.9132,200.3423,0.9672,532.1306,201.1373,0.9618,508.1209,202.4390,0.9551,484.0548,203.4995,0.9565,448.1945,202.0963,0.9880,516.1513,258.3798,0.9514,492.1652,259.7775,0.9797,467.8660,261.9229,0.9691,444.0205,263.6061,0.9892,408.1810,263.3197,0.9809,496.0313,147.8397,0.9662,471.8994,148.7892,0.9898,447.9897,150.2539,0.9665,424.2919,151.6672,0.9942,387.9910,150.8934,0.9989
376,557.1391,200.2119,0.9647,533.0498,201.0753,0.9823,509.3151,202.2180,0.9525,485.3726,203.7478,0.9623,448.9753,202.8976,0.9792,517.0176,258.3517,0.9986,493.2654,259.9216,0.9508,469.3614,261.6731,0.9508,445.2008,263.7082,0.9752,409.2482,264.2691,0.9826,497.1665,147.9265,0.9540,473.0152,148.5751,0.9730,449.2724,150.0489,0.9782,425.1014,151.8170,0.9615,389.4339,151.3840,0.9854
377,558.1048,200.6466,0.9738,534.4285,200.9534,0.9605,510.4463,201.9786,0.9657,486.3945,203.4567,0.9517,450.5280,203.3183,0.9867,518.4558,258.2833,0.9785,494.2066,259.4150,0.9660,470.5526,261.5567,0.9532,446.5539,263.8272,0.9866,410.5013,264.2498,0.9806,498.3044,147.5550,0.9872,474.4809,148.4383,0.9810,450.3072,149.7747,0.9568,426.3634,151.5713,0.9601,390.4941,151.8390,0.9507
378,559.5302,200.3436,0.9813,535.6461,200.5278,0.9853,511.9642,201.6298,0.9909,487.9429,203.3317,0.9622,451.4434,203.4160,0.9877,519.5962,258.3086,0.9649,495.7542,259.5410,0.9775,471.6701,261.0068,0.9956,447.5320,263.4750,0.9566,411.4274,265.1394,0.9966,499.6199,147.6888,0.9857,475.9055,148.4970,0.9606,451.3762,149.5399,0.9775,427.7678,151.5171,0.9534,391.7506,152.2968,0.9905
379,560.7919,200.4504,0.9836,536.7435,200.9973,0.9683,512.6953,201.4578,0.9985,489.0134,203.1222,0.9909,452.9050,204.2220,0.9653,520.6396,258.7043,0.9509,496.8544,259.5835,0.9520,472.8148,260.8375,0.9879,449.1804,263.1702,0.9720,413.0120,265.5154,0.9900,500.7512,148.0104,0.9588,476.7026,148.7311,0.9925,452.7140,149.5965,0.9743,429.1192,151.2413,0.9899,392.7534,152.4635,0.9833
380,562.0247,200.6880,0.9638,537.9824,200.8974,0.9599,513.9448,201.2347,0.9959,490.0292,202.5913,0.9785,453.9298,204.3076,0.9727,522.2060,258.8549,0.9770,498.2679,259.7037,0.9880,474.0620,260.7546,0.9874,449.8925,263.2140,0.9924,414.3313,265.7226,0.9876,502.2638,148.1397,0.9941,477.9233,148.4407,0.9525,454.1039,149.1397,0.9970,429.8507,150.7590,0.9667,394.1531,152.8195,0.9716
381,563.1612,200.7815,0.9635,539.1929,201.2628,0.9785,515.1324,201.2621,0.9818,491.4795,202.6500,0.9823,455.0408,204.4180,0.9733,523.2636,258.6599,0.9843,499.4170,259.3355,0.9602,475.3044,260.5722,0.9550,451.1317,262.7181,0.9533,415.3393,265.7825,0.9571,503.1130,148.1868,0.9561,479.2854,148.8107,0.9609,455.1303,148.9706,0.9779,431.1409,150.6000,0.9682,395.3044,152.6103,0.9646
382,564.4772,201.3153,0.9830,540.3844,201.5334,0.9636,516.2500,201.2412,0.9748,492.6682,202.1535,0.9991,456.6153,204.9174,0.9506,524.6495,258.9756,0.9554,500.3106,259.7227,0.9759,476.2812,260.3316,0.9963,452.5177,262.5233,0.9818,416.7626,265.6949,0.9675,504.3037,148.4130,0.9930,480.5004,148.7261,0.9732,456.4897,148.8662,0.9671,432.4946,150.0264,0.9567,396.6380,153.0175,0.9995
383,565.6778,201.3769,0.9542,541.6325,201.2382,0.9873,517.5273,201.1660,0.9625,493.4056,201.9124,0.9572,457.6848,204.8199,0.9628,525.9483,259.2840,0.9527,501.6157,260.4103,0.9955,477.3811,260.7050,0.9567,453.6396,261.8409,0.9919,417.9329,266.0125,0.9515,505.7095,148.7538,0.9557,482.0362,149.0241,0.9764,457.1242,148.5578,0.9531,433.2476,150.1026,0.9582,397.7738,152.6457,0.9826
384,566.6876,201.3589,0.9815,542.5965,201.8646,0.9848,518.4972,201.3785,0.9530,495.0381,201.6823,0.9830,458.9012,204.5806,0.9609,526.8031,259.1581,0.9894,502.8738,260.1636,0.9533,478.6813,260.4906,0.9696,454.7525,261.7039,0.9869,418.9267,265.9042,0.9504,506.7079,148.9140,0.9768,482.6048,149.3593,0.9579,459.0585,149.0014,0.9998,435.2020,149.0586,0.9852,398.9438,152.5549,0.9519
385,568.2371,201.6666,0.9638,544.2501,201.8840,0.9931,520.0207,201.4186,0.9790,495.6306,201.5861,0.9765,460.0351,204.4063,0.9801,528.3525,259.1413,0.9771,504.4574,260.3665,0.9544,479.9658,260.4481,0.9801,455.8993,261.2609,0.9841,420.0864,265.1599,0.9643,508.0266,149.0064,0.9972,483.9806,149.6218,0.9829,460.0246,149.2007,0.9773,436.1234,149.4573,0.9843,400.2701,152.3786,0.9760
386,569.2848,201.4400,0.9931,545.4676,202.0980,0.9613,521.1373,201.8448,0.9890,497.1217,201.3959,0.9699,461.3106,203.9419,0.9663,529.3227,259.5382,0.9670,505.2812,260.6970,0.9624,481.4624,260.8567,0.9863,457.2830,261.4078,0.9609,421.5168,264.7012,0.9744,509.2586,149.0255,0.9674,485.1797,149.3973,0.9745,461.1421,148.9358,0.9926,437.0673,148.9938,0.9659,401.6579,151.6501,0.9641
387,570.2839,201.3894,0.9596,546.4642,202.1894,0.9932,522.5039,202.1421,0.9933,498.5592,201.4951,0.9939,462.6121,203.1344,0.9609,530.2995,259.7051,0.9930,506.3681,260.7590,0.9958,482.2036,261.1666,0.9751,458.5905,261.5599,0.9558,422.3904,264.4139,0.9843,510.2626,148.7419,0.9957,486.2690,149.5252,0.9520,462.2854,149.3902,0.9546,438.3695,149.1969,0.9889,402.4615,151.0080,0.9707
388,571.6805,201.1827,0.9620,547.5533,202.0820,0.9600,523.4458,202.2198,0.9838,499.5879,201.9109,0.9829,463.5270,202.9291,0.9797,531.5742,259.5361,0.9859,507.7375,260.6221,0.9763,483.7429,261.4003,0.9535,459.9599,261.6136,0.9963,423.7782,263.7684,0.9689,511.5560,148.8773,0.9801,487.6190,149.5440,0.9946,463.7372,149.8268,0.9638,439.6597,149.7081,0.9925,403.5757,150.7594,0.9748
389,572.9778,201.1640,0.9530,548.5822,202.0870,0.9613,524.7407,202.3978,0.9691,500.7537,202.0069,0.9600,464.4085,202.6602,0.9795,532.8681,259.3339,0.9805,508.6513,260.8782,0.9889,485.0345,261.6563,0.9898,461.1302,262.0658,0.9688,425.3045,263.6508,0.9844,512.8825,149.0980,0.9653,488.8522,149.8156,0.9961,465.0503,150.2056,0.9852,440.7687,149.8302,0.9918,404.9748,150.4148,0.9929
390,573.8805,200.7828,0.9764,550.1499,202.0645,0.9980,526.1043,202.7324,0.9797,502.0487,202.4263,0.9592,466.0189,202.5463,0.9555,534.0277,258.7932,0.9693,510.1600,260.5791,0.9750,486.1368,261.9895,0.9898,462.2812,262.1283,0.9675,426.1358,263.0767,0.9610,513.8771,148.3546,0.9788,489.9096,149.3529,0.9867,466.1110,150.3611,0.9974,442.2317,149.7190,0.9539,405.9522,150.2144,0.9661
391,575.1456,200.8184,0.9669,551.3488,201.4309,0.9938,527.0096,202.7428,0.9902,503.1363,202.8522,0.9840,467.2135,202.3609,0.9865,534.9845,258.9259,0.9692,511.4179,260.5753,0.9905,487.5482,262.2197,0.9962,463.3255,262.3654,0.9524,427.4230,262.7867,0.9751,514.9537,148.3595,0.9787,491.4165,149.2307,0.9754,467.3377,150.4606,0.9573,442.9941,149.9028,0.9846,406.9496,149.6293,0.9930
392,576.1395,200.7313,0.9547,552.4625,202.0558,0.9758,528.4663,203.1164,0.9970,504.5484,203.0033,0.9874,468.6866,202.4002,0.9974,536.3452,258.6028,0.9539,512.5468,260.1318,0.9669,488.2004,262.1363,0.9908,464.4655,262.6122,0.9763,428.4837,262.8869,0.9975,516.4953,148.2076,0.9506,492.1600,149.0374,0.9898,468.5386,150.7927,0.9844,444.5774,150.3983,0.9700,408.4590,149.5347,0.9557
393,577.6342,200.7293,0.9507,553.6799,201.5669,0.9798,529.7108,203.1994,0.9516,505.5645,203.3002,0.9988,469.6884,202.7225,0.9791,537.6304,258.4523,0.9762,513.6954,259.8405,0.9531,489.7512,261.9608,0.9558,465.8041,262.8498,0.9581,429.8920,262.9078,0.9694,517.5328,147.9880,0.9975,493.7148,149.0221,0.9689,469.7152,150.4872,0.9651,445.4688,150.6852,0.9741,409.7222,149.6277,0.9755
394,578.8160,200.2748,0.9552,554.8330,201.2309,0.9796,530.9041,202.8117,0.9989,507.0199,203.7266,0.9649,470.9851,202.7020,0.9834,538.8946,258.3793,0.9833,514.7765,259.8478,0.9809,490.8138,261.8659,0.9953,466.6746,263.2161,0.9738,430.5708,263.3248,0.9611,518.4620,147.9335,0.9568,494.9012,148.6400,0.9887,471.0620,150.3874,0.9726,446.8429,151.0381,0.9643,410.8320,150.1486,0.9668
395,580.0677,200.2577,0.9567,555.9997,201.1338,0.9735,532.0809,202.8732,0.9699,507.9270,204.3553,0.9563,472.1429,202.8673,0.9897,540.0948,258.2195,0.9540,516.0407,259.8247,0.9878,492.1746,261.9868,0.9738,468.1406,263.5399,0.9505,432.1784,263.3000,0.9601,519.9608,147.6243,0.9939,496.0331,148.7429,0.9912,472.3111,150.0204,0.9780,448.1688,151.0312,0.9581,411.9726,149.9738,0.9814
396,581.2029,200.1416,0.9935,556.9683,200.8339,0.9730,533.0385,202.7734,0.9745,509.3908,203.6983,0.9819,473.1851,203.5765,0.9825,541.0010,258.3484,0.9523,517.4552,259.5679,0.9909,492.9680,261.1906,0.9772,469.2029,263.6503,0.9854,433.2018,263.9118,0.9576,521.2785,147.8953,0.9832,497.3156,148.3880,0.9635,473.4020,149.7504,0.9866,449.5028,151.2317,0.9631,413.3242,150.6002,0.9962
397,582.3413,200.2045,0.9816,558.2967,200.7730,0.9504,534.3787,201.8051,0.9526,510.4836,203.8892,0.9674,474.4164,204.0632,0.9987,542.6100,258.2847,0.9727,518.2989,259.2883,0.9681,494.5033,261.3591,0.9699,470.7593,263.5656,0.9903,434.8104,264.1007,0.9720,522.3731,147.7689,0.9504,498.0839,148.2935,0.9891,474.2911,149.3120,0.9750,450.4308,150.7506,0.9798,414.3327,150.6946,0.9736
398,583.3797,200.2521,0.9960,559.6826,200.8452,0.9534,535.8109,201.8295,0.9681,511.5541,203.7674,0.9620,475.5855,204.4859,0.9774,543.4632,258.1388,0.9600,519.7137,259.1532,0.9811,495.2977,260.6957,0.9928,471.6705,263.2594,0.9538,435.6640,264.8124,0.9885,523.6325,148.0173,0.9850,499.6492,148.4402,0.9901,475.5353,148.8782,0.9984,451.5590,150.8289,0.9924,415.6373,151.2516,0.9837
399,584.8647,200.1955,0.9890,560.9134,200.5957,0.9625,536.7028,201.5593,0.9717,512.9588,203.4998,0.9666,476.9433,205.0464,0.9513,544.6850,258.4383,0.9556,520.6725,259.4504,0.9878,496.9698,260.6195,0.9692,473.0007,263.0020,0.9621,437.2255,264.8599,0.9932,524.7778,148.2356,0.9761,500.9525,148.3326,0.9741,476.9963,148.8420,0.9774,453.0459,150.6546,0.9756,416.7362,151.3791,0.9995
