frame,Fish1_P1_x,Fish1_P1_y,Fish1_P1_z,Fish1_P2_x,Fish1_P2_y,Fish1_P2_z,Fish1_P3_x,Fish1_P3_y,Fish1_P3_z,Fish1_P4_x,Fish1_P4_y,Fish1_P4_z,Fish1_P5_x,Fish1_P5_y,Fish1_P5_z,Fish1_P6_x,Fish1_P6_y,Fish1_P6_z,Fish1_P7_x,Fish1_P7_y,Fish1_P7_z,Fish1_P8_x,Fish1_P8_y,Fish1_P8_z,Fish1_P9_x,Fish1_P9_y,Fish1_P9_z,Fish1_P10_x,Fish1_P10_y,Fish1_P10_z,Fish1_P11_x,Fish1_P11_y,Fish1_P11_z,Fish1_P12_x,Fish1_P12_y,Fish1_P12_z,Fish1_P13_x,Fish1_P13_y,Fish1_P13_z
0,219.9784,479.9741,2.3025,210.1055,481.0329,0.4072,200.0548,482.0851,-1.2575,190.1116,483.6312,-2.5789,180.4324,485.7917,-3.6549,170.5974,488.8186,-3.1885,161.3174,492.4588,-2.2394,151.7171,496.4144,-0.5582,142.6354,500.1547,1.2814,132.9396,503.2311,2.5864,123.1348,504.6301,3.1511,112.8429,505.2272,3.5166,102.7219,504.7665,2.4463
1,221.7260,480.1569,3.0124,211.9056,481.4006,1.7918,201.9163,482.3107,-0.0471,191.7883,483.2438,-1.9725,182.0996,485.0344,-2.8251,172.2205,487.4577,-3.4828,163.0538,491.0882,-2.9312,153.6729,494.9586,-1.9095,144.0134,499.1506,-0.0976,134.6222,502.5620,1.8547,125.0306,505.0966,3.5237,115.0454,506.1119,3.5138,104.6052,506.3502,2.9715
2,223.7308,480.3988,3.3862,213.7414,481.2692,2.4319,203.6703,482.5173,1.1778,193.7200,483.3915,-0.8392,183.9378,484.7836,-2.4549,173.8355,486.8338,-3.4015,164.5766,489.6519,-3.2017,154.9124,493.6455,-2.5770,145.5473,497.3861,-1.0214,136.4585,501.6470,0.9677,126.3427,504.8187,2.5793,116.8113,506.5850,3.4583,107.0623,507.1473,3.4305
3,225.7890,480.2348,3.5361,215.6928,481.6057,3.2716,205.4854,482.9229,2.0191,195.9501,483.6044,0.4627,185.3908,484.4947,-1.5236,175.9541,485.8105,-2.8322,166.0763,488.7332,-3.4839,156.4897,491.8012,-3.4258,147.1508,495.9109,-1.7156,137.7070,500.2246,-0.4932,128.3196,503.9968,1.6957,118.9575,506.7022,2.8132,108.8813,508.1775,3.6645
4,227.2935,480.3475,3.3485,217.6583,482.1477,3.6573,207.6264,483.4723,2.8775,197.4804,483.9411,1.5772,187.4710,484.7167,-0.3150,177.3872,485.4823,-2.1662,167.6764,487.5376,-3.2047,158.1209,490.3550,-3.4882,148.5799,494.0594,-2.7730,139.2917,498.4635,-1.2764,130.0428,502.6967,0.5544,120.6359,506.1460,2.2682,110.7331,508.8158,3.0560
5,229.2819,479.8435,2.7384,219.6852,481.9855,3.8803,209.4235,483.5134,3.3116,199.3553,484.3755,2.2768,189.3959,484.6623,0.9321,179.2767,485.9904,-1.3760,169.4099,487.5569,-2.8839,159.4065,489.2969,-3.4733,150.2189,492.9012,-3.4237,140.5297,496.7756,-2.1332,131.5574,500.9740,-0.6370,122.3351,505.6383,1.3092,112.5947,508.1742,2.6269
6,230.9270,479.5045,1.9890,221.1379,481.6701,3.0588,211.1983,483.7539,3.2512,201.3430,484.8755,3.2848,191.3191,485.6111,1.6362,181.0859,485.8891,0.1102,171.3124,486.9534,-1.4025,161.2957,488.6700,-3.1293,151.6300,491.6819,-3.3720,142.0317,495.0464,-2.9923,133.0742,499.3196,-2.0344,123.3913,503.9522,0.1034,114.3058,507.6120,1.7184
7,232.3240,478.8541,0.9199,223.1264,481.6209,2.4673,213.4199,483.6627,3.3596,203.2321,485.0823,3.1698,193.2874,486.0410,2.5400,183.0311,486.5188,1.2563,173.0360,486.9301,-0.9531,163.0375,487.9505,-2.5147,153.2843,490.5369,-3.3172,143.8965,493.3982,-3.3942,134.2347,497.7275,-2.5315,125.0447,502.5795,-0.9137,115.5698,506.6859,0.8033
8,234.3055,478.1108,-0.1993,224.3968,480.7880,1.6880,215.2138,483.7845,3.2512,204.8867,485.4955,3.3033,195.4552,486.5541,3.0674,185.4077,487.1608,1.7350,175.0005,487.3013,0.2745,164.8045,488.2809,-1.7856,155.0127,489.8254,-3.1048,145.3267,492.1874,-3.6942,135.9618,495.9021,-3.3802,126.8642,500.5165,-2.0437,117.2720,504.9425,-0.0732
9,235.9397,477.2448,-1.3825,226.4814,480.2201,0.6089,216.7436,483.2108,2.3119,207.0180,485.2520,3.1943,197.0263,486.7642,3.6958,187.0743,487.9340,3.1829,176.9295,487.7862,1.2976,166.7618,488.1275,-0.5319,156.7831,489.1774,-2.3263,146.8091,491.4257,-3.3593,137.2390,494.2254,-3.4227,127.9266,498.5372,-2.7318,118.9276,503.4234,-1.4374
10,237.7766,476.1387,-2.3787,228.2229,479.4871,-0.6314,218.2971,482.5331,1.1304,208.6850,485.0387,2.7904,198.7028,487.1695,3.5702,188.9547,488.4227,3.4769,178.8269,488.6318,2.4235,168.5035,488.8541,0.5371,158.6091,489.3644,-1.2194,148.8080,490.6022,-2.8007,138.7460,493.0910,-3.4649,129.6979,496.5215,-3.3812,120.2201,501.1939,-2.3176
11,238.9945,475.4630,-2.9586,229.8462,478.7270,-1.7439,220.1328,481.6139,0.4102,210.2971,484.7053,1.6814,200.4643,486.7670,2.9682,191.1302,488.5475,3.5639,180.7352,489.5378,2.8912,170.9261,489.4951,1.5813,160.5496,489.7711,0.0948,150.4623,490.2280,-1.9861,140.4905,492.1908,-3.1179,130.9652,495.1769,-3.6773,121.6222,499.2276,-2.8273
12,240.8932,474.4216,-3.6516,231.4038,477.2854,-2.5427,221.4828,480.7787,-1.1985,212.1211,484.0419,0.6642,202.6105,486.7551,2.3461,193.0488,489.0783,3.1629,182.6617,490.1748,3.2992,172.6841,490.4811,2.6981,162.4875,490.4854,0.8822,152.5316,490.5858,-0.8134,142.2440,491.6468,-2.5212,132.5387,493.6701,-3.3392,123.3025,497.3903,-3.3848
13,242.7116,473.8497,-3.5453,232.9614,476.5081,-3.2283,223.2318,479.5421,-2.3019,213.8733,482.9866,-0.0724,204.3553,486.2713,1.5720,194.5101,488.5289,2.8353,184.6004,490.5534,3.5596,174.8337,491.2513,3.3952,164.7046,491.2416,1.9775,154.2255,491.0165,0.3591,144.3405,491.6359,-1.6461,134.4015,492.6922,-2.9541,124.6241,495.7254,-3.3820
14,244.4390,473.0470,-3.3483,234.5175,475.3885,-3.7621,225.1896,478.5850,-2.7212,215.3142,482.1262,-1.0578,206.0151,485.1222,0.3644,196.4758,488.1766,2.2059,186.8356,490.3583,3.6362,176.9566,491.6815,3.3538,166.5366,492.0930,2.8014,155.9397,492.0782,1.6252,145.9254,492.0217,-0.7178,136.1116,492.7176,-1.9200,126.2349,494.6307,-3.2528
15,245.9598,472.4248,-2.7081,236.2242,474.7115,-3.4878,226.5210,477.4341,-3.1245,216.8994,480.8843,-2.3556,207.4810,484.5342,-0.6085,198.3024,487.7000,0.9729,188.4877,490.3036,2.5522,178.3761,492.2592,3.6327,168.6534,493.0276,3.2654,158.2287,493.0152,2.1642,148.0657,492.8266,0.4974,137.8607,492.8224,-1.2256,127.9856,494.0805,-2.6826
16,247.5669,472.2808,-1.8605,238.0583,473.8423,-3.1516,228.4178,476.3990,-3.6122,218.7203,479.4704,-2.9553,209.1853,482.9616,-1.8134,199.6968,486.7556,0.0883,190.1684,489.7621,2.0201,180.3653,492.4340,3.0349,170.4091,493.7290,3.6176,160.4711,494.2438,2.9947,150.2148,493.6907,1.8849,139.9598,493.6249,-0.0907,129.6073,493.8890,-1.8267
17,249.6257,472.2321,-1.0684,239.7428,473.5704,-2.6584,229.8893,475.3731,-3.3539,220.3847,478.3149,-3.6438,210.5984,481.6250,-2.9579,201.3301,485.4461,-1.0455,191.7738,488.9887,0.9170,182.4315,491.9884,2.3925,172.4081,494.0512,3.6921,162.3999,494.7793,3.3642,151.9064,494.9693,2.3901,141.7188,494.1828,0.8311,131.7306,494.1174,-1.1268
18,251.4987,472.1776,0.3227,241.6227,473.4650,-1.7668,231.6142,475.1622,-3.0682,221.6778,477.5298,-3.6530,212.2510,480.3890,-3.0840,202.8959,483.9467,-1.9163,193.7651,488.0163,-0.1569,183.7941,491.8653,1.3923,174.2528,493.8773,3.2248,164.4787,495.3227,3.6309,154.3652,495.9167,3.0556,143.8762,495.5470,2.0221,133.5764,495.2187,0.1153
19,253.0773,472.2344,1.5572,243.2607,473.7932,-0.4206,233.2269,474.6263,-2.1746,223.3977,476.9712,-3.4840,214.0115,479.4614,-3.5823,204.2532,482.5729,-2.7866,195.1264,486.4608,-1.5649,185.5912,490.1772,0.1669,175.9504,493.3259,2.2991,166.6008,496.0665,3.2494,156.2356,496.9255,3.7251,146.0141,496.7755,3.1720,135.7119,496.1338,1.3728
20,255.3003,472.3619,2.2819,245.0386,473.5255,0.9133,235.3295,474.6265,-1.3649,225.2608,476.2691,-2.8377,215.7648,478.0843,-3.5876,206.2243,480.9956,-3.2069,196.2468,484.9764,-2.3451,187.2721,488.5032,-0.9194,177.6328,492.7115,1.0910,168.0825,495.4510,2.6932,158.1358,497.4090,3.6313,148.3622,497.7813,3.3375,137.8428,497.4203,2.3114
21,256.8553,472.7408,2.9193,246.9582,473.5548,1.8702,237.0560,474.9008,-0.0781,226.8402,475.7040,-1.7883,217.1231,477.4235,-3.2024,207.5302,479.9860,-3.6470,197.9821,483.1390,-2.9811,188.5505,487.6836,-1.8686,179.0695,491.7010,-0.1188,169.7351,495.1288,1.8526,159.8871,497.5528,3.1463,150.3583,498.8067,4.0534,139.6963,498.7193,2.8965
22,259.1278,472.9249,3.6078,248.8822,473.9488,2.2898,239.2252,475.0463,0.9596,229.0761,475.9801,-0.7181,218.7449,477.0577,-2.4666,209.2538,479.3570,-3.6100,199.6249,482.5024,-3.3909,190.3101,485.9189,-2.4791,181.1086,490.0866,-0.8152,171.3270,494.1283,1.0000,161.7996,497.3920,2.3946,151.9863,499.1941,3.7485,142.0632,499.9611,3.3849
23,260.8097,472.6404,3.5051,251.0168,474.3013,3.4563,240.8498,475.2756,2.2102,230.7236,475.8495,0.4530,220.8617,476.7034,-1.5654,210.8450,478.8396,-3.0901,201.1138,480.8818,-3.7489,191.5901,484.1793,-3.3933,182.0938,488.2302,-2.2526,172.9338,492.5892,-0.4418,163.6640,496.4656,1.5073,153.8840,499.4629,3.0167,144.0972,500.2272,3.4927
24,262.2862,472.6288,3.3913,252.6655,474.5496,3.4125,242.8831,475.4315,2.8017,232.8010,476.5198,1.3357,222.9575,477.0918,-0.5620,212.2636,478.5218,-2.2664,202.6789,480.3421,-3.1500,193.2593,482.8042,-3.5030,183.7294,486.6214,-2.6845,174.1919,491.1755,-1.2859,165.4905,495.3473,0.1856,155.5715,498.7777,2.2644,146.0932,500.6971,3.2858
25,264.5364,472.6362,3.0326,254.5548,474.6666,3.8009,244.8829,476.0845,3.5094,234.5537,476.6642,2.4666,224.5268,477.4890,0.5449,214.4561,478.2790,-1.3782,204.5896,479.6343,-2.7650,194.7325,482.0121,-3.2632,185.2380,485.4080,-3.2518,175.5854,489.2418,-2.4146,166.8181,493.8110,-0.5606,157.4341,497.6996,1.1130,147.5782,500.8498,2.7356
26,266.1589,471.8351,2.0380,256.5605,474.5901,3.2821,246.6130,476.2734,3.6895,236.5086,477.5166,3.3143,226.8183,477.9814,1.7447,216.4733,478.5051,-0.0260,206.3584,479.3664,-1.6382,196.5385,481.1022,-3.0431,186.8991,483.8934,-3.6076,177.2718,487.6170,-3.2271,168.2016,491.8599,-1.5585,159.0030,496.5201,0.1039,149.5298,499.9479,1.7375
27,267.8184,471.3717,0.8525,258.0400,474.0375,2.4279,248.2706,476.2477,3.4272,238.7030,477.7850,3.6049,228.5255,478.3919,2.4539,218.1309,479.4100,0.8368,208.2121,479.4673,-0.9066,198.1736,480.3752,-2.6457,188.2798,482.7564,-3.5613,178.8517,486.0527,-3.5821,169.7587,490.1380,-2.5605,160.1742,494.8933,-1.0595,151.1299,499.1676,0.8384
28,269.5512,470.4983,-0.0559,260.0562,473.5493,1.3951,250.0670,475.9146,2.9440,240.4756,477.7607,3.7673,230.4270,478.7293,3.1673,219.9318,479.4667,1.9363,210.0783,479.8774,0.1987,199.9985,480.8155,-1.3899,190.0071,482.2566,-3.2240,180.3862,484.9011,-3.9267,171.1642,488.2147,-3.2602,161.7862,493.1676,-2.1403,152.5705,497.6694,-0.2956
29,271.0516,469.6822,-1.3408,261.7349,472.6112,0.4270,252.0329,475.5764,2.1833,242.2462,477.7917,3.2154,232.4169,479.2627,3.7407,222.3272,480.0222,2.8834,212.1642,480.6479,1.5286,201.9314,480.7597,-0.5853,191.8062,481.6495,-2.1684,182.1385,483.5991,-3.4461,172.6290,486.7213,-3.7219,163.2199,490.9404,-3.0015,154.1526,495.8555,-1.3487
30,272.8396,468.8519,-2.3238,263.3905,472.1273,-0.6197,253.7552,475.0951,1.1742,243.8677,477.7870,2.5181,234.5026,479.7611,3.5723,224.2633,481.0450,3.2433,213.9571,481.1577,2.2799,203.7932,481.4423,0.6521,193.6898,482.0883,-1.4338,183.6596,483.1396,-2.7846,174.2036,485.4050,-3.6991,164.5967,489.0462,-3.3064,155.3703,493.8364,-2.2310
31,274.6211,467.9896,-2.9389,265.0054,470.8272,-1.7353,255.0771,474.1713,0.0179,245.8303,477.2267,1.6992,235.9128,479.5329,3.0978,226.2082,481.0196,3.6051,215.8698,481.6381,3.1640,205.7459,482.0752,1.4834,195.5332,482.2227,-0.1804,185.8049,482.9918,-1.9412,175.9034,484.7647,-3.1138,166.1355,487.7144,-3.3328,156.9551,491.9813,-2.9175
32,276.2487,466.8259,-3.6617,266.5068,469.6383,-2.6832,257.1114,473.0376,-0.9188,247.2483,476.3242,1.0179,237.8670,479.3027,2.7516,228.2552,481.2372,3.6564,218.0001,482.5661,3.4970,208.1167,482.8075,2.6621,197.8129,483.1080,0.9672,187.7016,483.0686,-0.6923,177.5869,483.9361,-2.4347,167.8033,486.2840,-3.5691,158.2676,489.6527,-3.2411
33,277.6300,466.1264,-3.4190,268.2307,469.0017,-3.0111,258.5444,471.8967,-1.8920,249.2069,475.3907,-0.4477,239.7317,478.7336,1.3661,229.9939,481.0397,2.9084,219.8501,482.8779,3.4658,209.8694,483.8641,3.2828,199.8532,484.0174,1.9628,189.5307,483.8556,0.5138,179.5104,484.3593,-1.4192,169.6098,485.2914,-2.8486,159.8479,488.3344,-3.6698
34,279.4429,465.6637,-3.2093,269.5643,468.0132,-3.6500,260.0533,471.0048,-2.8903,250.5928,474.2139,-1.3126,241.1987,477.6092,0.3682,231.5990,480.8895,2.0536,221.9588,482.9759,3.7445,211.7937,484.2637,3.5950,201.6570,484.8870,3.1112,191.4821,484.6536,1.2772,181.3062,484.7926,-0.3602,171.0936,485.4984,-2.0368,161.4901,487.1028,-3.3255
35,281.1297,465.2110,-2.8009,271.1285,467.3407,-3.5154,261.9726,469.8656,-3.3569,252.4462,473.1971,-2.2760,243.2914,476.6599,-0.6064,233.5702,479.9718,1.0688,223.4681,482.9776,2.8473,213.9664,484.5560,3.6950,203.9877,485.5740,3.3901,193.6914,485.6687,2.4155,183.1466,485.3190,0.4499,173.2035,485.5312,-1.2398,163.1674,486.3355,-2.6247
36,282.9579,464.8722,-1.7347,273.0619,466.7768,-3.1568,263.4544,469.0244,-3.7851,253.9552,471.9578,-2.9011,244.3552,475.3994,-1.6406,234.9268,478.9067,0.0898,225.5971,482.3370,1.7714,215.8142,484.5345,2.8574,205.7805,486.2404,3.6311,195.5059,486.5770,2.8467,185.3946,486.1000,1.6736,175.1175,485.7961,-0.1973,165.0567,486.6856,-2.1276
37,284.8929,464.5433,-1.0662,275.1683,466.2896,-2.6166,265.1587,468.2630,-3.4315,255.8073,470.9290,-3.9436,245.9100,474.0523,-2.6249,236.5183,477.7639,-1.1615,227.2658,481.5662,0.7638,217.5827,484.6021,2.6860,207.5323,486.6560,3.3675,197.8345,487.4235,3.1539,187.4395,487.1674,2.5617,177.1084,486.9341,0.7757,166.6913,486.7026,-0.9016
38,286.8786,464.8503,0.1870,276.9160,465.7762,-1.4693,266.8198,467.6378,-2.8850,257.0048,469.9998,-3.5922,247.8875,472.8561,-3.0482,238.1667,476.3357,-1.8146,228.4973,479.9885,-0.1298,219.3361,483.8254,1.5329,209.7595,486.6043,2.8824,199.7387,487.8654,3.5069,189.3388,488.1497,3.0620,179.3816,487.9630,1.9362,168.6935,487.7534,0.2580
39,288.6239,464.8447,1.1792,278.4139,466.0828,-0.5030,268.7311,466.7922,-2.0446,258.7136,469.4561,-3.4119,249.1269,471.8566,-3.6973,239.7468,475.0323,-2.6476,230.3274,479.0418,-1.4634,220.7666,482.8383,0.1894,211.1855,486.1967,2.0209,201.7143,488.2086,3.3838,191.3468,489.4101,3.6353,181.4606,489.5152,3.0290,170.9726,488.5379,1.5534
40,290.2310,464.9646,2.4297,280.4934,466.3214,0.6311,270.1780,467.1143,-1.1988,260.4682,468.8386,-2.7906,250.5452,470.8755,-3.7163,241.4312,473.8525,-3.5957,231.8997,477.8604,-2.6198,222.4972,481.5642,-0.6054,212.9826,485.2949,1.1210,203.5406,487.9416,3.0472,193.7053,489.7097,3.5433,183.5735,490.3213,3.3608,172.9886,490.1549,2.2280
41,292.3015,465.2812,3.0254,282.1851,466.1069,1.4683,272.1135,466.9854,-0.2279,262.3540,468.3898,-2.0260,252.2986,469.9533,-3.3836,242.5847,472.7601,-3.8087,233.2697,475.9500,-2.6923,223.6160,480.0321,-1.7461,214.4041,484.0853,0.1423,204.8835,487.6183,1.9604,195.5451,489.9483,3.3960,185.3495,490.9372,3.6765,175.1443,491.1054,3.1965
42,294.0972,465.4693,3.4823,284.3247,466.6776,2.6653,274.0272,467.6232,1.0020,264.4497,468.4544,-0.7517,254.0870,469.6191,-2.4814,244.2382,471.5531,-3.4750,234.8075,474.7171,-3.3271,225.3328,478.5391,-2.6160,216.0222,482.6243,-1.3089,206.6815,486.4592,0.7249,196.8427,489.6760,2.2143,187.4509,491.6735,3.2064,177.1291,492.4492,3.4055
43,295.9692,465.2767,3.5715,285.8498,466.8154,3.1549,276.5366,467.7885,1.9503,266.1825,468.5692,0.2958,255.8818,469.7766,-1.6662,246.1752,471.2629,-3.0264,236.4142,473.6215,-3.4884,226.7450,476.9371,-3.3804,217.4363,480.8727,-1.8363,208.4648,485.5977,-0.2663,198.6793,488.8426,1.8132,188.9362,491.6916,2.8959,179.5017,492.9783,3.7560
44,298.0222,465.1829,3.4052,287.7492,466.9737,3.5336,277.6231,468.2420,2.8942,267.6974,468.7428,1.2424,257.8005,469.6232,-0.6381,247.7396,470.8176,-2.2824,238.0526,472.6247,-3.2668,228.4332,475.6639,-3.5504,219.1693,479.4992,-3.0600,209.8634,483.8731,-1.5007,200.3914,487.7601,0.5605,190.9882,491.1828,2.4080,181.0308,493.4855,3.4889
45,299.8972,464.8429,2.8708,289.8596,466.7798,3.4009,279.7358,468.4157,3.3227,269.8897,469.5882,2.3826,260.1901,469.9719,0.7501,249.7905,470.9853,-1.2818,239.9194,472.3569,-2.8616,230.0462,474.4849,-3.6094,220.4102,478.0129,-3.4196,211.4568,481.7949,-2.3502,202.0338,486.2670,-0.7666,192.4440,490.3906,1.1250,182.9882,493.0520,2.6697
46,301.3195,464.3825,1.7530,291.5037,466.8838,3.3985,281.5887,468.6463,3.7446,271.8698,469.8243,2.9889,261.7370,470.4761,1.3681,251.5168,470.7282,0.0747,241.7133,471.7924,-1.7813,232.0944,473.5139,-2.9806,222.1443,476.3293,-3.7639,212.5848,480.0775,-3.4039,203.4629,484.5040,-1.6271,194.0410,489.4429,-0.1297,184.5407,492.8636,2.2558
47,302.9052,464.1095,0.7268,293.5980,466.5440,2.8304,283.9115,468.6163,3.8990,273.5682,470.1533,3.7659,263.5804,470.9377,2.6139,253.6327,471.5514,0.8869,243.4864,472.1322,-0.6388,233.5238,472.9827,-2.4917,223.6087,475.4884,-3.7100,214.2520,478.3757,-3.3039,204.9479,482.7440,-2.5186,195.5358,487.4114,-1.0062,186.3916,491.6421,0.4922
48,304.6549,463.2989,-0.0400,295.1450,465.9732,1.5218,285.5398,468.6162,2.8339,275.7209,470.5953,3.4475,265.6117,471.6160,3.3470,255.4698,472.0153,1.9491,245.4409,472.5057,0.2549,235.0962,472.9418,-1.4766,225.2085,474.6176,-3.0349,215.6314,477.1915,-3.3393,206.3346,480.8736,-3.4596,197.1034,485.5987,-1.9276,187.9691,490.1620,-0.4533
49,306.3815,462.2850,-1.2467,296.7416,465.2583,0.5492,287.3884,468.2675,2.3080,277.5215,470.2575,3.1702,267.5503,472.0984,3.6252,257.5921,472.5037,2.6217,247.5205,473.0435,1.1578,237.3320,473.4198,-0.0516,227.3542,474.3287,-2.2337,217.3844,476.1726,-3.5512,207.9292,479.3529,-3.9791,198.3606,483.3710,-2.6938,189.2352,488.4669,-1.5935
50,307.8719,461.4480,-2.4175,298.3113,464.3151,-0.7457,288.9834,467.6469,0.9869,279.2066,470.1684,2.7658,269.5725,472.1637,3.4572,259.3022,473.0238,3.3295,249.3466,473.9009,2.2625,239.5061,473.9229,0.5593,229.0823,474.2175,-1.1936,218.7548,475.6997,-2.7434,209.3858,478.0363,-3.7352,199.7721,481.8989,-3.3110,190.5660,486.3005,-2.2580
51,309.9715,460.5362,-2.9949,300.0359,463.6875,-1.7113,290.4343,466.4597,-0.0104,280.9288,469.7776,2.0390,271.4508,472.1234,3.3002,261.7353,473.8446,3.8385,251.1098,474.3653,2.9439,240.7535,474.6854,1.9049,230.8775,474.8270,-0.2470,220.7971,475.4823,-2.0814,211.1791,476.8246,-3.1271,201.3360,480.3001,-3.4838,191.7567,483.8675,-3.2067
52,311.2593,459.4762,-3.4901,301.8285,462.1990,-2.8644,292.2325,465.5984,-1.0143,282.5681,468.8874,1.0874,272.8055,471.5905,2.5922,263.5091,473.8530,3.2693,253.0055,475.1230,3.3073,243.4954,475.8433,2.6282,233.0205,475.4838,1.1700,222.7640,475.7000,-0.6603,212.8413,476.9809,-2.7415,202.9064,478.7169,-3.3324,193.4429,482.4745,-3.6700
53,312.9984,459.0854,-3.3450,303.0744,461.4635,-3.1146,293.7305,464.4035,-1.9194,284.3159,468.0378,-0.2815,275.1089,471.0254,1.4977,265.1675,473.8808,2.7740,255.4266,475.2700,3.5917,245.1287,476.1645,3.4086,234.6201,476.2591,1.8833,224.8633,476.5226,0.3742,214.7981,476.3335,-1.5475,204.4570,478.0180,-2.9441,195.0435,481.0478,-3.8876
54,314.5947,457.8944,-3.5812,305.1532,460.5230,-3.3324,295.5870,463.4714,-2.9864,286.0538,466.7407,-1.5347,276.2410,470.3064,0.6842,266.8476,473.5276,2.2248,257.0350,476.0228,3.6085,247.1777,476.7726,3.3245,237.0659,477.2397,2.9110,226.8020,477.2083,1.5262,216.5667,476.9845,-0.6099,206.5300,477.6210,-2.1033,196.7376,479.7103,-3.4525
55,316.1959,457.4875,-2.9973,306.6810,459.6506,-3.6822,297.1551,462.4206,-3.3780,287.5759,465.8096,-2.5596,278.1286,468.9291,-0.7509,268.6752,472.7114,1.3247,258.9236,475.6247,2.5223,249.0227,477.2814,3.8494,239.1754,478.2596,3.2710,229.1408,478.1996,2.1683,218.8747,477.6463,0.5015,208.2870,477.8198,-1.1459,198.3777,479.1012,-2.4694
56,317.9963,457.5730,-2.0257,308.6081,459.3982,-2.8302,298.6349,461.2817,-3.5488,289.0714,464.1993,-2.9462,279.4627,468.1854,-1.5513,270.1068,471.6034,0.0825,260.5517,475.3309,1.7616,250.9284,477.4765,3.1178,240.9001,478.5291,3.7768,230.9599,479.1852,2.8302,220.6506,478.9003,1.6453,210.0850,478.5663,-0.2495,200.1638,478.9779,-1.9527
57,320.1875,457.2339,-0.7850,310.2050,458.8557,-2.6405,300.2873,460.8202,-3.4357,290.8524,463.4651,-3.5614,281.2989,466.6394,-2.4508,272.0077,470.5405,-0.6553,262.0419,473.9095,0.8244,252.6340,477.0718,2.4407,243.0698,479.2020,3.5207,232.7228,480.0497,3.5958,222.7006,479.9547,2.8043,212.2482,479.4545,1.0988,202.1515,479.4723,-0.9070
58,321.7014,457.0735,0.1929,312.0571,458.6155,-1.8445,302.1395,460.1045,-3.1371,292.6486,462.4344,-3.4666,283.1241,465.3298,-3.2981,273.5063,468.8309,-2.0076,263.8766,472.9840,-0.1970,254.2521,476.4786,1.6989,244.5776,478.9095,2.9019,234.6698,480.7268,3.5422,224.6681,480.8392,3.1794,214.6343,480.7551,1.7761,203.9325,480.2341,0.1831
59,323.6806,457.2466,1.1552,313.7876,458.4154,-0.3233,303.8182,459.6370,-2.1070,294.2029,461.5350,-3.5907,284.2642,464.0702,-3.3197,274.6211,467.5951,-2.6199,265.5524,471.4056,-1.4723,255.9843,475.2725,0.7188,246.4584,478.3687,2.3589,236.8913,480.7840,3.4512,226.7400,481.6716,3.5537,216.3318,481.7321,2.7001,206.2045,481.2649,1.1569
60,325.5020,457.5451,2.3888,315.6510,458.2666,0.8248,305.9107,459.9083,-1.1433,295.8349,461.0438,-2.7251,285.8043,463.3390,-3.7586,276.4773,466.2740,-3.2701,266.9785,469.9513,-2.1927,257.3990,473.9670,-0.7124,248.2560,477.7250,1.2655,238.6211,480.3073,2.6145,228.7068,482.5547,3.6300,218.7705,482.8769,3.4003,208.1873,482.4296,2.1946
61,327.4348,457.6868,2.9588,317.5323,458.5505,1.7602,307.5304,459.8256,-0.1884,297.4461,461.0443,-1.9252,287.9626,462.4065,-3.2126,277.8142,465.0501,-3.7165,268.4083,468.6753,-3.2281,259.1904,472.3021,-1.7569,249.9311,476.6225,0.1598,240.3516,480.1560,1.9962,230.7726,482.3992,3.1648,220.6880,483.8612,3.6817,210.5658,483.6778,2.8541
62,329.5721,457.8318,3.4124,319.4308,459.0260,2.7452,309.5289,460.0472,1.0799,299.3676,461.0518,-1.2189,289.2398,462.1892,-2.5579,279.4845,464.3368,-3.6054,270.0651,467.2206,-3.4860,260.4818,470.9231,-2.4103,251.3462,475.2454,-1.0108,241.6296,479.0002,0.8418,232.5342,482.4280,2.5597,222.4052,484.2439,3.4194,212.4070,484.6661,3.5643
63,331.2202,457.9679,3.3715,321.1490,459.8844,3.1066,311.3500,460.4013,1.8713,301.5067,461.0980,0.2803,291.4990,461.9399,-1.6452,281.2804,463.4023,-2.9394,271.6985,466.0762,-3.4924,262.2516,469.4758,-3.2748,252.9445,473.3807,-1.8092,243.4096,477.8368,0.0162,233.6792,481.4743,1.5115,224.6364,484.1933,3.3901,214.2233,485.6979,3.5328
64,333.1143,457.6383,3.2677,322.9199,459.5184,3.3412,313.0269,460.7079,2.8228,303.3188,461.2668,1.4180,293.1415,462.1390,-0.6149,283.0922,463.4194,-2.2671,273.4090,465.1332,-3.0766,263.6737,468.0235,-3.8075,254.0352,471.8846,-2.8751,244.9806,476.0181,-1.3774,235.5159,480.3732,0.4616,226.4032,483.6952,2.3789,216.2145,485.9517,3.2091
65,335.0065,457.5005,2.7740,325.0751,459.3697,3.7546,315.3382,461.0012,3.3872,305.1962,461.8854,2.2892,294.9316,462.4717,0.5603,285.0512,463.2252,-1.2892,274.9119,464.4028,-2.5194,265.3470,467.0544,-3.6236,255.9734,470.2749,-3.1673,246.4080,474.3797,-2.3984,237.1391,478.8468,-0.4079,227.9963,482.8783,1.4078,217.7806,485.8352,2.7909
66,336.6929,457.0380,1.8936,326.7803,459.2685,3.4607,317.1801,461.3991,3.5996,306.9528,462.4368,3.0528,296.9291,463.0027,1.6011,286.7067,463.4994,-0.3267,276.8930,464.5516,-2.0174,266.6664,466.1815,-3.1397,257.3063,468.6799,-3.8857,248.1383,472.6195,-2.9809,238.5861,477.1295,-1.8878,229.2504,481.3051,-0.0442,219.7876,485.0020,1.8328
67,338.1607,456.1723,0.8445,328.6156,458.9223,2.7977,318.9652,461.3969,3.4094,309.0842,462.8304,3.3419,298.8016,463.9863,2.5326,288.8512,463.9763,1.1235,278.5210,464.4009,-0.6942,268.7176,465.3141,-2.4924,258.8878,467.9123,-3.4105,249.4327,471.0638,-3.4511,239.8726,475.1040,-2.7221,230.5985,479.9434,-0.8371,221.5873,484.0583,0.7838
68,339.8793,455.7534,-0.1788,330.6035,458.3618,1.5382,320.4695,460.8320,2.9575,310.7846,462.8486,3.3605,300.8826,464.0190,3.3758,290.8287,464.4130,2.0780,280.5066,465.1864,0.2534,270.4387,465.5595,-1.7972,260.7962,467.4167,-3.2402,250.8973,469.6861,-3.6799,241.6872,473.6202,-3.2754,232.5506,477.9483,-2.0550,223.0494,482.4938,-0.0399
69,341.6941,454.6682,-1.3826,331.8928,457.8224,0.3003,322.4115,460.5543,2.2961,312.8318,463.0445,3.3170,302.6709,464.4124,3.5634,292.7944,465.1588,2.6959,282.5918,465.7677,1.6357,272.5320,465.7477,-0.2831,262.2531,466.6763,-2.1469,252.3558,468.8234,-3.3434,243.0633,471.7034,-3.4389,233.7462,475.9560,-2.6992,224.0561,480.8133,-1.3709
70,343.1273,453.8297,-2.2442,333.5729,456.8914,-0.6380,324.1747,460.1784,1.1554,314.6611,462.4858,2.7985,304.4029,464.6717,3.6525,294.9857,465.8201,3.2729,284.7117,466.2840,2.3339,274.5084,466.6135,0.3719,264.2463,466.8758,-1.3854,254.0341,468.1035,-2.8230,244.4589,470.5076,-3.5968,235.1228,474.4157,-3.3897,226.1509,478.9391,-2.1740
71,344.7823,452.8408,-3.1945,335.3789,455.9250,-1.6298,325.8236,459.1831,0.0654,316.0508,462.1117,2.0095,306.4669,464.6067,3.3056,296.6829,466.0020,3.5860,286.4190,466.9836,3.1151,276.4448,467.4391,1.6209,266.1269,467.3990,0.0254,255.9295,468.0577,-1.8022,246.1938,469.5854,-3.0656,236.6871,472.6521,-3.7078,227.0243,476.7320,-3.0972
72,346.6167,451.9051,-3.3995,337.0023,454.8080,-2.4525,327.3565,458.0632,-0.9611,317.8754,461.2929,0.9574,308.2610,464.1757,2.2328,298.5513,466.4139,3.4766,288.7255,467.2255,3.6851,278.5869,467.8602,2.7465,268.0392,467.8602,0.9835,258.2519,468.2599,-0.8569,248.0935,469.0831,-2.2713,238.4386,471.4320,-3.5769,228.8911,474.9436,-3.3981
73,348.3963,451.3215,-3.7261,338.7931,453.9659,-3.1900,329.1101,457.1308,-1.9065,319.5437,460.4435,-0.3404,309.8958,463.6344,1.7205,300.2530,466.2695,2.9656,290.5254,468.1013,3.8869,280.1791,468.7516,3.3246,269.9327,469.1451,2.0013,259.8263,468.9508,-0.0719,249.8340,469.0337,-1.5743,239.9339,470.7083,-2.9191,230.5555,473.3659,-3.6420
74,350.1173,450.6219,-3.2726,339.6250,453.0788,-3.5771,330.5573,455.8779,-2.7055,320.8121,459.8320,-1.1817,311.6824,463.0884,0.5356,301.9188,466.0132,1.9657,292.4023,468.3096,3.4156,282.1438,469.4433,3.5474,272.1077,469.4464,2.6631,261.8917,469.8269,1.7678,251.8614,469.4899,-0.5575,241.8182,470.3890,-2.1524,231.8795,472.4120,-2.9999
75,351.6771,450.1951,-2.6778,341.8210,451.9032,-3.4701,332.1274,455.1139,-3.3578,322.9301,458.0406,-2.1495,312.9911,461.8563,-0.6673,303.8773,465.0692,1.3273,294.1849,467.9854,2.8198,284.5339,469.7052,3.7546,274.1816,470.8000,3.7361,263.8969,470.3206,2.3437,253.6324,470.2966,0.5824,243.4553,470.6966,-1.0561,233.7234,471.9461,-2.8690
76,353.0802,450.1867,-1.8644,343.5937,451.3571,-3.3782,333.9806,453.9499,-3.9210,324.1516,457.1363,-2.8647,314.8465,460.9094,-1.5420,305.6338,464.3131,0.2436,295.6327,467.1413,1.7908,286.1721,469.8431,3.2317,276.2047,471.3153,3.7462,266.0676,471.5867,2.6633,255.9192,471.2567,1.5597,245.6350,471.2277,-0.0169,235.5081,471.3195,-1.9364
77,355.1860,450.0185,-0.7348,345.3190,451.3459,-2.4397,335.5348,453.2671,-3.3311,325.8755,455.6809,-3.4415,316.3405,459.0214,-2.7095,306.9055,462.8960,-0.9145,297.4561,466.5744,0.8084,287.9892,469.5916,2.5813,278.3328,471.5270,3.2197,268.0762,472.6041,3.4984,257.9085,472.2070,2.4692,247.6245,472.1414,0.8862,237.3403,471.7530,-1.0373
78,357.1226,449.8069,0.3173,347.2611,451.2634,-1.4298,337.2186,452.7737,-3.2009,327.5484,455.0680,-3.4889,318.0766,458.2186,-3.3497,308.6155,461.5282,-1.8515,299.1007,465.4710,-0.0258,289.6970,468.8165,1.5169,279.8445,471.6836,3.1776,270.0189,472.8109,3.4957,259.9882,473.3680,2.9448,249.5582,472.8520,2.0675,239.2341,472.6630,0.4523
79,358.8408,449.5687,1.3506,349.0570,450.7731,-0.5496,338.9895,452.3011,-2.3034,329.6138,454.1212,-3.3074,319.4766,456.3914,-3.3588,309.5690,460.3629,-3.0392,300.4312,463.9815,-1.0254,291.2728,467.7950,0.3792,281.7925,471.0308,2.3181,271.6546,473.4125,3.3830,261.7416,474.2129,3.5438,251.6438,474.3859,2.6258,241.2353,474.0692,1.2285
80,360.7893,450.0342,2.2774,351.0345,451.0270,0.7600,340.7298,452.3019,-1.2571,330.9213,453.6438,-2.6709,321.0082,455.6903,-3.2385,311.6788,458.7882,-3.2889,302.1554,462.1977,-2.2950,292.7701,466.5743,-0.7480,283.3246,470.4228,1.2023,273.6912,473.2292,2.6943,264.0629,474.8918,3.5986,253.6816,475.2381,3.4931,243.5148,475.1057,2.4297
81,362.5092,450.2485,2.7557,352.8196,451.1757,1.7661,342.8260,452.1930,-0.1224,332.9190,453.1640,-1.8055,322.8957,455.2748,-3.4232,313.1972,457.8489,-3.3942,303.5784,461.0311,-2.7803,294.0992,465.0266,-1.6694,284.9727,468.9282,0.2636,275.6037,472.8572,1.7831,265.7031,475.2346,3.4477,255.8042,476.0348,3.5656,245.7279,476.3698,3.2235
82,364.8833,450.2824,3.3590,354.4583,451.5876,2.7472,344.8678,452.5484,1.0010,334.5561,453.5969,-0.9787,324.6126,454.6987,-2.5000,315.1116,456.6252,-3.0904,305.1475,459.5941,-3.5938,295.9168,463.4652,-2.4261,286.3544,467.3652,-1.0544,277.1402,471.3648,0.8484,267.6327,474.6518,2.3723,257.5828,476.7183,3.5271,248.0689,477.5411,3.3054
83,366.2075,450.3459,3.8266,356.6299,451.7735,3.3888,346.7267,453.0701,1.8587,336.5265,453.4308,0.1370,326.2477,454.5344,-1.7875,316.6618,456.1215,-3.1104,306.9137,458.7935,-3.5389,297.2476,461.8976,-3.2542,287.8695,465.7436,-2.0754,278.8383,470.1132,-0.5474,269.2189,474.1838,1.3137,259.6221,476.8312,3.0613,249.7494,478.2518,3.3532
84,368.3443,450.4449,3.3021,358.4623,451.8652,3.7613,348.3440,453.4575,2.7840,338.4797,453.9050,1.6365,328.0107,454.7549,-0.8063,318.1367,456.0858,-2.0749,308.1936,457.6886,-3.4283,298.9685,460.8425,-3.4678,289.5278,464.4187,-3.0049,280.2569,468.7742,-1.4467,270.7264,473.0616,0.5257,261.1663,476.2500,2.1424,251.5763,478.5257,3.2979
85,370.2819,450.0750,2.9759,359.9990,452.0642,3.7204,350.4519,453.4196,3.2718,340.4562,454.3950,2.4164,330.2423,455.0211,0.6498,320.0306,456.0448,-1.1427,310.4291,457.0635,-2.8345,300.4361,459.3104,-3.4424,291.0750,462.6914,-3.4331,281.6798,466.7887,-2.3806,272.5749,471.2162,-0.7093,263.3543,475.0611,1.0473,253.6712,478.3595,2.8284
86,372.0911,449.3822,1.8133,362.1245,451.8922,3.0967,352.2051,453.5189,3.6679,342.3715,454.8445,3.0230,332.2440,455.4409,1.6498,322.0405,456.2718,-0.1263,311.9995,456.9164,-1.9596,302.0090,458.4998,-3.0464,292.4311,461.4091,-3.6695,282.8957,465.0974,-2.8470,273.7478,469.4812,-1.7602,264.4803,474.0578,0.0572,255.0927,477.7145,1.9556
87,373.5274,448.8972,0.9594,363.8158,451.7449,2.5659,354.2940,453.7319,3.4995,344.0611,455.2331,3.6174,334.0624,456.2881,2.5981,324.2289,456.3664,0.9572,313.8091,457.2185,-0.7681,303.8897,458.1326,-2.5000,294.2371,460.4463,-3.4676,284.5276,463.5812,-3.4753,275.2967,467.6734,-2.3332,265.9186,472.5672,-0.7897,256.8506,476.9448,0.9478
88,375.1111,448.0232,-0.3585,365.6816,450.8003,1.3587,356.1018,453.7116,3.0429,346.1868,455.5569,3.5627,335.8461,456.7693,3.3055,325.7530,457.1463,1.9484,315.7925,457.4225,0.3405,305.6962,457.9624,-1.4711,295.8912,459.4001,-2.9194,286.2815,462.1949,-3.5626,276.6033,465.6858,-3.1603,267.4400,470.5230,-2.0539,258.1817,475.1452,-0.2673
89,376.9448,447.1730,-1.5715,367.2639,450.1027,0.1143,357.4599,453.0812,2.0917,347.6582,455.4079,3.5178,338.1151,456.9738,3.7041,327.8685,457.6269,2.9427,317.6166,458.1292,1.3510,307.5719,458.3427,-0.3238,297.3549,459.3474,-2.2544,287.6649,461.2242,-3.2880,278.2077,464.3788,-3.3537,268.7924,468.5883,-3.1018,259.7370,472.9941,-1.2601
90,378.3886,446.3429,-2.5375,368.9003,449.5481,-0.5388,359.3265,452.5086,1.3968,349.7872,455.1029,2.6665,339.7722,457.1707,3.3700,329.5718,458.2951,3.4231,319.7990,458.9558,2.1253,309.5072,458.7484,0.6686,299.4362,459.3213,-1.2187,289.3850,460.4754,-2.5164,279.9024,463.0158,-3.7754,270.3014,466.7805,-3.3597,261.2336,471.4517,-2.3319
91,380.0347,445.3258,-3.1186,370.6656,448.3866,-1.9482,361.0613,451.6583,0.0488,351.1155,454.8687,2.0065,341.5342,457.1536,3.0129,331.6190,458.4236,3.7149,321.8950,459.4604,3.0476,311.8449,459.5914,1.5183,301.4036,459.9105,-0.1634,291.0836,460.3548,-1.7993,281.5369,461.8921,-3.3588,271.6886,465.1033,-3.2670,262.4531,469.2706,-3.1761
92,382.1491,444.4446,-3.5714,372.1776,447.2356,-2.4730,362.6200,450.5565,-1.0881,352.8069,453.8605,0.5232,343.4081,456.7303,2.4076,333.6132,458.7879,3.6438,323.9482,460.0889,3.6662,313.5497,460.4770,2.4700,303.4789,460.6245,0.8052,293.2150,460.6433,-0.9997,283.1701,461.4038,-2.5610,273.6998,463.9482,-3.6290,264.0266,467.4278,-3.5428
93,383.3513,443.7713,-3.6796,373.7569,446.5501,-3.1162,364.0366,449.5289,-1.7776,354.9969,453.0407,-0.0164,345.3670,456.1730,1.2726,335.5077,458.6090,3.0012,325.9205,460.5564,3.4730,315.4260,461.0066,2.9527,305.6428,461.5275,1.9990,295.1357,461.3126,0.2561,285.2243,461.7561,-1.8695,275.2502,462.8152,-3.0417,265.2480,465.8778,-3.7793
94,384.9400,442.9899,-3.2133,375.4011,445.6261,-3.3618,365.8716,448.5770,-2.9864,356.3189,451.7025,-1.2717,346.9761,455.4634,0.4901,337.4006,458.3525,2.1269,327.6009,460.7539,3.6659,317.6842,461.7626,3.4192,307.2371,462.3200,2.6760,297.3845,462.1295,1.4511,286.9689,462.1749,-0.6498,276.8641,462.7480,-2.2263,267.0758,464.8495,-3.4052
95,387.0125,442.7358,-2.5076,376.6068,444.6509,-3.3553,367.0726,447.6543,-3.3729,357.6125,450.7933,-2.4771,348.3123,454.4505,-0.6898,338.8061,457.9393,1.3643,329.2727,460.3247,2.7228,319.7317,462.1572,3.3531,309.6392,463.0918,3.4003,299.3087,463.1006,1.9556,288.9177,463.0769,0.9576,278.7310,462.9929,-1.0201,268.8522,464.1588,-3.0503
96,388.6055,442.4306,-2.1291,378.7604,444.3990,-3.2140,368.8750,446.2035,-3.5997,359.4193,449.3638,-3.0224,350.0704,453.0256,-1.6435,340.3913,456.5322,0.0700,331.0388,460.0450,1.7928,321.2301,462.5812,3.1992,311.2113,463.7122,3.4126,301.1092,463.9450,2.9371,291.3106,464.0394,1.9033,280.8813,463.5849,-0.0584,270.5938,463.8386,-2.0764
97,390.6169,442.0915,-0.8343,380.6667,443.8478,-2.4405,370.5857,445.7933,-3.4794,360.9636,448.0853,-3.4270,351.3606,451.4523,-2.3321,341.9761,455.3441,-0.9880,332.7118,458.8692,0.7581,323.2415,462.0045,2.4925,313.0061,463.9985,3.5873,303.1918,464.8552,3.5509,293.1639,465.0306,2.5093,282.8695,464.7842,1.1743,272.2641,464.8142,-1.0632
98,392.1414,442.3351,0.2437,382.4191,443.7237,-1.4325,372.3520,445.1587,-2.8291,362.9046,447.5938,-3.4681,353.2718,450.3703,-3.4363,343.7729,453.9893,-1.8320,334.1654,457.8117,-0.3220,324.9607,461.4759,1.5755,315.2057,464.2852,2.7164,305.3811,465.7594,3.7729,295.2568,465.9091,3.1577,284.9375,465.5848,1.9889,274.2818,464.9902,0.3098
99,394.1264,442.2922,1.3266,384.2452,443.4636,-0.4685,374.2681,444.7744,-2.2128,364.2945,446.6005,-3.6109,354.5877,449.1250,-3.6257,345.4254,452.6733,-2.8184,335.7070,456.5561,-1.1005,326.4251,460.2152,0.3195,316.9477,463.4603,2.3181,307.0106,465.6000,3.4073,296.9649,466.9739,3.7215,286.8412,466.8888,3.0498,276.5115,466.5071,1.3055
100,395.9259,442.5905,2.3530,386.2369,443.7609,0.6872,376.1699,444.7282,-1.1061,366.0830,446.0101,-2.7221,356.8039,448.4722,-3.6491,347.0252,451.0779,-3.4230,337.4373,454.9496,-2.4083,327.9762,458.9557,-0.7494,318.4084,462.5326,1.0800,308.9537,465.8406,2.6539,298.9343,467.6740,3.3726,289.0147,467.8000,3.2773,278.7468,467.5945,2.5098
101,398.0432,442.7688,3.1502,387.8004,444.0353,1.7759,378.0039,444.8788,-0.3409,367.7788,445.9471,-1.8803,358.1775,447.6638,-3.2031,348.5986,450.2509,-3.4860,339.0864,453.7778,-3.0089,329.6344,457.5885,-1.5352,320.5018,461.4268,0.0060,310.9213,465.1279,1.8375,300.8845,467.7259,3.2595,291.3202,468.7655,3.7333,281.0445,468.5682,2.8985
102,399.8486,442.7764,3.4315,389.7529,444.0991,2.4587,379.6300,445.0886,1.0175,369.9362,446.0064,-0.8008,359.9546,447.0883,-2.5707,350.0950,449.4144,-3.3617,340.4273,452.2044,-3.4572,330.8594,456.1098,-2.4784,321.8306,460.2803,-0.8491,312.0289,464.1343,0.6499,302.6227,467.2680,2.6734,293.0100,469.2897,3.7265,282.9063,469.7390,3.2856
103,401.5204,442.8944,3.3597,391.8104,444.4141,3.1306,381.7491,445.4435,1.9239,371.7841,446.0307,0.3460,361.8715,447.1372,-1.7631,351.7721,448.6507,-3.1100,341.8653,451.0218,-3.4605,332.6711,454.6354,-3.2453,323.4827,458.3886,-1.9525,313.8290,462.9762,-0.2530,304.2907,466.5698,1.4038,294.6760,469.4236,2.9777,285.0075,470.5448,3.7853
104,403.4389,442.4598,3.2010,393.4103,444.3129,3.6425,383.7049,445.8139,2.7304,373.6711,446.2800,1.2824,363.4960,447.1291,-0.4793,353.5273,448.3878,-2.1655,343.8518,450.1326,-3.2376,334.1380,453.1166,-3.5458,324.3524,457.1453,-2.9783,315.2456,461.1028,-1.5513,306.2980,465.2663,0.3918,296.4257,468.8943,2.4205,286.8402,470.9357,3.5338
105,405.2867,442.3570,2.7426,395.4862,444.5983,3.5444,385.5600,446.3161,3.8102,375.5514,446.8045,2.1616,365.5541,447.3103,0.6045,355.4276,448.3321,-1.2856,345.7082,449.7775,-2.8241,335.8148,451.9272,-3.6216,326.1203,455.4609,-3.4690,316.8259,459.5697,-2.2736,307.5902,463.7436,-0.2821,298.3147,467.5399,1.4206,288.4220,470.7303,2.6487
106,407.1752,441.9641,1.9336,397.0257,444.5801,3.1354,387.2450,446.2820,3.6715,377.4724,447.5776,3.1441,367.6003,448.0286,1.7125,357.3937,448.7400,-0.1689,347.5127,449.4735,-1.9013,337.4334,451.0245,-3.4223,328.0382,454.0700,-3.7366,318.3287,457.7758,-3.1297,309.2383,462.0236,-1.5472,299.6493,466.6148,0.3514,290.3918,470.2301,1.9353
107,408.8027,441.3164,0.8052,399.3083,444.2877,2.3964,389.0864,446.0665,3.2915,379.3342,447.7345,3.2871,369.3537,448.1439,2.6153,359.4460,448.8566,0.5668,349.1218,449.6872,-0.9257,339.1488,450.9098,-2.2425,329.4314,452.6507,-3.4333,319.6580,456.0787,-3.5309,310.3865,460.4863,-2.6284,301.0041,464.9125,-0.8958,291.9295,469.0626,0.7995
108,410.2835,440.5412,-0.3631,400.7361,443.3342,1.6091,390.9678,446.2065,3.0380,381.4875,447.7513,3.8024,371.2622,449.1848,3.3721,361.3170,449.6494,2.0869,351.0093,450.0960,0.1241,341.0015,450.8817,-1.2711,331.1919,452.3484,-2.9022,321.5198,455.0248,-3.5989,311.6931,458.4379,-3.2107,302.5429,462.7940,-2.0926,293.2496,467.7729,-0.0021
109,412.1295,439.5426,-1.3238,402.3268,442.8553,0.3709,392.9851,445.7676,2.1630,383.1777,447.9663,3.5945,372.9188,449.5497,3.7523,363.0928,450.1996,2.8676,352.8544,450.5138,1.2012,342.8130,450.6128,-0.5848,332.8904,451.7654,-2.2729,323.1243,453.9702,-3.4459,313.6108,456.5947,-3.6928,304.1762,461.0795,-2.8231,295.0115,465.7589,-1.2404
110,413.5999,438.7394,-2.6004,404.2115,441.8095,-0.4806,394.6939,444.9914,1.2380,384.9198,447.6811,2.5346,375.3044,449.6061,3.6236,365.1526,450.8865,3.4180,355.1212,451.1776,2.4680,344.8223,451.4858,0.5695,334.6584,451.9955,-1.4007,324.4463,453.1027,-2.6481,314.9493,455.7642,-3.3497,305.7572,459.4273,-3.3457,296.3806,463.6806,-2.7220
111,415.3791,437.7994,-3.0867,405.3704,441.1001,-1.7263,396.1162,444.0151,-0.0030,386.4963,447.0627,1.6900,376.8866,449.5953,3.3044,366.7737,451.1867,3.4643,357.0275,452.0142,3.1839,347.0707,452.2201,1.7755,336.4853,452.3242,-0.1152,326.8316,452.8141,-1.9221,316.6459,454.5448,-3.1226,307.0518,457.6402,-3.7064,297.8194,461.6369,-3.1124
112,417.1017,437.2598,-3.6072,407.4609,439.9366,-2.4377,397.8513,443.4526,-0.7689,388.1583,446.4099,0.7518,378.6768,449.0472,2.2449,369.0669,451.4805,3.5717,358.8099,452.4718,3.4657,349.0164,453.0489,2.6217,338.7642,453.1039,1.0261,328.4685,453.2074,-0.6284,318.3716,454.0987,-2.3937,308.7716,456.3273,-3.3501,299.3184,459.4270,-3.7534
113,418.7125,436.1468,-3.3378,409.0448,438.9392,-3.2293,399.3874,442.0181,-2.0004,390.0912,445.2684,-0.2217,380.3317,448.7209,1.4593,370.7518,451.1557,2.9777,360.8329,452.7845,3.6535,350.3929,453.7598,3.0150,340.6507,453.8639,2.1412,330.3417,453.8036,0.4259,320.1590,454.2083,-1.3581,310.4037,455.9173,-2.9119,300.5898,458.5480,-3.4524
114,420.3190,435.7430,-3.3477,410.7170,438.0461,-3.5854,401.3025,441.0751,-3.0406,391.5762,444.3451,-1.3079,382.0895,447.8886,0.2396,372.2444,451.0995,2.2071,362.9396,453.2393,3.2554,352.5348,454.5197,3.6435,342.9083,454.7932,2.8524,332.1223,454.5974,1.3917,322.1069,454.5075,-0.2817,312.3229,455.1670,-2.1962,302.2061,457.4852,-3.2997
115,422.1919,435.0614,-2.5543,412.2721,437.5419,-3.3803,402.5665,440.0258,-3.3487,393.0989,443.3121,-2.3230,383.6667,446.6512,-0.7434,374.1749,450.1801,1.3863,364.3330,452.9752,2.9925,354.6067,454.6633,3.4051,344.7801,455.4594,3.3881,334.3429,455.5880,2.2732,324.1066,455.3508,0.6237,314.0024,455.4443,-1.1544,303.9042,456.5616,-2.7472
116,423.6239,434.7904,-2.0022,413.8752,436.6232,-3.2854,404.1668,439.1541,-3.2857,394.8684,442.0540,-2.8879,385.2881,445.4755,-1.6793,375.7386,448.8128,-0.0073,366.1359,452.4843,1.8298,356.2901,454.8690,3.2185,346.7497,456.3286,3.9566,336.3629,456.8579,3.1947,326.1197,456.3838,1.5841,315.9129,456.0539,-0.1856,305.7909,456.3586,-1.7333
117,425.8268,434.6851,-0.7350,415.6245,435.9825,-2.4487,406.0611,438.1165,-3.3798,396.6176,441.3507,-3.6256,386.8558,444.0392,-2.1696,377.3042,448.0513,-0.9846,367.7560,451.5063,0.6613,358.2380,454.5213,2.5297,348.2031,456.5899,3.8416,338.3718,457.5620,3.4312,327.8641,457.3464,2.4918,318.0974,457.0498,0.9657,307.8129,456.9093,-0.8891
118,427.6388,434.5982,0.2269,417.7662,435.7211,-1.6907,407.7228,437.6975,-3.0312,398.0245,439.8073,-3.4438,388.4082,443.2348,-3.1116,379.0056,446.7850,-2.1392,369.4657,450.1215,-0.1273,360.2771,453.8055,1.3895,350.5439,456.4476,2.9051,340.7131,458.0588,3.5628,330.5915,458.6290,3.0790,320.2773,457.9272,2.1698,309.7944,457.6058,0.1410
119,429.2367,435.1806,1.3735,419.3187,436.1040,-0.3137,409.5160,437.4318,-2.0680,399.6497,439.2384,-3.3526,389.8271,441.6282,-3.4983,380.3629,445.1866,-2.8781,371.2072,449.0702,-1.3088,361.6085,452.8334,0.4434,352.1590,455.8581,2.2081,342.4309,458.4226,3.1737,332.3091,459.3410,3.4849,321.9609,459.2098,2.8423,311.8524,458.8047,1.2241
120,431.3376,435.0613,2.2449,421.1413,436.0667,0.7393,411.2572,437.1978,-1.3751,401.7927,438.3477,-3.0576,391.5351,440.8962,-3.2781,382.1065,443.9178,-3.2472,372.6053,447.2725,-2.2810,363.2476,451.8777,-0.7399,353.9729,455.0778,1.4549,344.2021,458.3303,2.8590,334.4311,459.9630,3.4457,324.1899,460.3408,3.3683,313.6608,460.0663,2.4658
121,433.3365,435.4580,3.0794,423.1452,436.3306,1.7549,413.2513,437.3550,-0.3207,403.3689,438.5141,-1.7534,393.3123,440.1238,-2.8848,383.4628,442.4604,-3.2987,374.1565,446.0391,-3.1443,364.4379,450.3439,-1.5902,355.4495,454.2224,-0.0183,345.9658,457.7780,1.5713,336.2913,460.2126,3.1907,326.0995,461.2695,3.5293,316.0642,461.2186,3.1712
122,434.9434,435.2995,3.6700,425.0413,436.7162,2.3997,415.2634,437.3282,1.0133,404.9690,438.3289,-0.9055,395.2403,440.0015,-2.5314,385.2134,441.5077,-3.2014,375.5125,444.6110,-3.4790,366.3562,448.7261,-2.2681,357.0177,452.5745,-1.0973,347.4981,456.7363,1.0076,338.0715,459.5190,2.4110,328.3922,461.6902,3.4466,318.4924,462.3856,3.7082
123,437.1405,435.5065,3.5255,426.6160,436.7541,3.3351,417.0356,438.0570,1.8528,406.9174,438.3458,0.1254,396.9456,439.2767,-1.4496,387.2467,440.9383,-3.0196,377.5253,443.6693,-3.5312,367.7779,446.7648,-3.2591,358.5943,451.0438,-1.9104,349.0243,455.1369,-0.3225,339.5009,458.8444,1.5691,329.9859,461.6588,3.0852,319.9527,463.2548,3.6655
124,438.9284,435.3199,3.4538,428.8444,436.8366,3.6943,419.1152,438.2218,3.1550,408.9432,439.3155,1.3276,398.6004,439.7383,-0.6033,388.7738,440.7961,-2.1864,378.9083,442.5737,-3.4147,369.5000,445.5858,-3.7670,359.5867,449.3245,-2.7992,350.4013,453.3983,-1.2707,341.7285,458.0052,0.3449,331.7458,461.3261,2.0203,321.8020,463.5456,3.4539
125,440.4954,434.8780,2.8298,430.7580,436.9305,3.3615,420.8665,438.7223,3.4460,410.9157,439.6773,2.0899,400.7172,440.2665,0.8018,390.7957,440.7319,-1.1227,380.7623,442.0835,-2.7248,370.7109,444.3427,-3.4950,361.5525,447.7986,-3.1551,352.2733,451.7845,-2.3344,342.6919,456.4821,-0.5240,333.2862,460.5490,1.0269,324.0049,463.0854,2.7266
126,442.0936,434.6215,1.9399,432.1607,436.7322,3.0874,422.8293,438.9931,3.7003,412.8864,439.7861,3.1190,402.6073,440.3900,1.6435,392.4239,441.1497,-0.0446,382.3609,441.8916,-2.1871,372.6562,443.6525,-3.1798,363.0250,446.3513,-3.7426,353.4312,450.1459,-3.0239,344.1457,454.5469,-1.8955,334.8960,458.7918,0.0198,325.6149,462.8442,1.8786
127,443.8736,434.0308,0.6876,434.3236,436.4859,2.5377,424.4746,438.6927,3.5055,414.4931,440.0791,3.4222,404.3556,441.1164,2.5031,394.2285,441.6087,1.0590,384.2825,442.0534,-0.7274,374.2871,443.2700,-2.6662,364.6386,445.3298,-3.3809,354.9804,448.4833,-3.6750,345.6545,452.7029,-2.7889,336.6272,457.5245,-1.3040,326.8143,461.4661,0.8879
128,445.9871,432.9548,-0.3054,436.1825,435.9785,1.7395,426.4386,438.5857,3.1131,416.6153,440.2607,3.5646,406.3986,441.6116,3.0565,396.2366,442.1637,2.0176,386.4442,442.5336,0.4727,376.3507,443.3367,-2.1023,366.1290,444.7139,-3.1792,356.4958,447.3485,-3.5836,347.0922,451.2385,-3.3019,338.0465,455.4814,-2.0038,328.5936,460.0251,-0.2911
129,447.0367,432.3587,-1.3379,437.6029,435.4477,0.3380,427.7559,438.2406,2.0045,418.1060,440.4964,3.4803,408.3005,441.8691,3.7918,398.1493,442.9168,2.9055,388.0969,443.0890,1.2258,377.9530,443.4189,-0.6004,367.7728,444.4442,-2.3017,358.3223,446.2256,-2.9134,348.7270,449.1705,-3.7717,339.1747,453.4917,-3.0889,329.9262,458.3068,-1.5893
130,448.8715,431.3836,-2.4699,439.4140,434.4676,-0.4678,429.8554,437.5080,1.2013,420.1727,440.2837,2.4995,410.4398,442.1223,3.7142,400.3491,443.2608,3.3852,390.4138,443.7109,2.0627,379.9724,444.1840,0.8700,370.0334,444.1057,-1.2605,359.8459,445.6326,-2.9177,350.1663,447.8961,-3.1961,340.7691,451.6470,-3.5711,331.6525,456.3856,-2.1449
131,450.5836,430.3601,-3.1657,440.8419,433.4199,-1.5932,431.3354,436.7461,0.2319,421.7686,439.8703,1.9650,412.1889,442.1573,3.2015,402.1206,443.6430,3.6356,392.3238,444.5027,3.1319,381.9737,444.6177,1.6979,371.8687,444.7551,-0.2080,361.6498,445.5277,-2.1233,351.8974,447.2123,-3.1446,342.1786,450.1795,-3.7635,332.8084,454.4115,-3.2558
132,452.0912,429.4786,-3.3972,442.3647,432.3762,-2.7571,433.2963,435.6718,-1.0767,423.5346,439.1037,0.5534,413.7401,441.8678,2.4015,403.9109,443.8382,3.4822,394.2078,445.4387,3.2488,383.8001,445.3716,2.7402,373.6665,445.3343,1.1206,363.5067,445.9185,-0.8322,353.5013,446.8560,-2.3735,344.0682,448.8512,-3.5065,334.5911,452.6116,-3.4561
133,453.7383,428.6444,-3.8054,444.0609,431.4386,-3.4174,434.7658,434.2428,-2.1389,425.0520,438.1069,-0.1794,415.4278,441.2575,1.4154,405.9872,443.6488,3.0000,396.3055,445.8555,3.7538,385.8733,446.2535,3.0986,375.7339,446.1673,1.9241,365.7530,446.6859,0.3230,355.4726,446.8289,-1.8092,345.3909,448.2558,-3.0157,335.8273,451.0303,-3.8768
134,455.7484,428.0554,-3.2508,445.8557,430.6656,-3.4170,436.1107,433.6475,-2.7650,426.9721,436.8259,-1.1767,417.3761,440.2826,0.6445,407.6371,443.5416,2.1960,397.9684,445.6856,3.4874,387.9884,447.0452,3.6558,377.7301,447.4774,3.0619,367.6834,447.2644,1.2270,357.5662,446.9236,-0.4727,347.5283,447.7391,-2.1301,337.3748,449.8764,-3.5476
135,457.2538,427.6211,-2.7382,447.2751,430.0038,-3.4976,437.8041,432.6853,-3.3888,428.3839,435.7581,-2.0806,418.8995,439.1010,-0.6183,409.4396,442.6646,1.1275,399.6283,445.2190,2.8256,389.7966,447.2386,3.6206,380.0366,448.0092,3.3325,369.5975,448.2654,2.1632,359.2558,447.9841,0.5413,349.0211,448.0259,-1.3624,339.1484,449.3374,-2.7799
136,459.0740,427.3581,-2.1302,449.2686,429.3256,-2.9861,439.9448,431.4726,-3.5678,429.7676,434.8023,-2.9078,420.5984,438.1193,-1.7159,410.6216,441.8462,0.2191,401.5122,444.8029,2.0321,391.8181,447.4185,3.0094,381.6794,448.7757,3.5821,371.5504,449.4356,2.9907,361.4185,448.9572,1.9169,351.0285,448.6077,-0.3101,341.1624,449.0931,-1.8782
137,460.9511,427.5770,-0.8809,450.9079,428.6784,-2.3413,441.2806,430.8146,-3.5559,431.6188,433.5041,-3.4788,422.0003,436.8097,-2.5344,412.5109,440.3906,-1.2560,403.2175,444.0360,1.0968,393.2796,447.1021,2.5849,383.6523,449.1874,3.5012,373.8073,449.9933,3.0182,363.5129,450.0250,2.4846,352.9849,449.6487,1.0582,343.1621,449.2842,-0.6866
138,462.7545,427.2454,0.3327,452.9230,428.4785,-1.3365,442.9155,429.9933,-3.1516,433.3341,432.3725,-3.5774,423.6082,435.4608,-3.0917,414.0639,438.9213,-2.3639,404.7052,442.8596,-0.0721,395.1367,446.5470,1.5287,385.8466,448.9273,2.9206,375.7973,450.8061,3.7173,365.3627,451.2188,3.2372,355.0206,450.6198,1.9664,344.8143,450.3953,0.3384
139,464.7878,427.3044,1.1043,454.6944,428.5382,-0.3649,444.7805,429.8659,-2.0909,434.8657,431.7369,-3.0386,425.3827,434.1756,-3.8032,415.8861,437.6395,-2.8607,406.2017,441.5924,-1.4169,396.6862,445.1015,0.1356,387.1767,448.8156,2.0704,377.5855,451.0470,3.5324,367.5020,452.0200,3.5096,357.0660,452.0316,2.8575,346.8763,451.3286,1.4049
140,466.5182,427.4610,2.2930,456.5392,428.7714,0.5994,446.3356,429.7951,-1.0394,436.4981,431.2785,-2.5962,426.9859,433.5831,-3.5016,417.4539,436.5907,-3.5093,407.8508,440.1162,-2.4219,398.3789,443.7663,-0.5252,389.1250,447.9696,1.4273,379.3048,450.6960,2.9850,369.7047,452.3529,3.1901,359.3928,452.8105,3.3946,349.2611,452.3386,2.3604
141,468.1871,428.1484,3.0643,458.4529,428.7274,1.3761,448.2132,429.6759,0.0570,438.2034,431.0817,-1.8388,428.5011,432.3052,-3.2579,418.9822,435.3094,-3.5756,409.1182,438.6375,-3.0185,399.8792,442.6439,-1.8026,390.2852,446.5174,0.0154,381.2932,450.2382,1.8944,371.3333,452.6994,3.3996,361.3006,453.7136,3.7706,351.2952,453.7479,3.2298
142,470.3172,427.7512,3.5359,460.2776,429.3995,2.6854,450.3211,430.0812,1.0769,440.0076,430.7403,-0.8060,430.3283,432.1953,-2.7956,420.3172,434.3852,-3.4396,410.7895,437.1233,-3.4547,401.4368,440.9889,-2.6699,392.1404,445.2041,-1.0927,382.9876,449.0425,0.8893,372.9595,452.1685,2.6340,363.4959,454.3175,3.3578,353.3498,454.7629,3.6552
143,471.6836,427.8502,3.4712,462.3655,429.3684,3.4242,452.3769,430.4646,1.7730,441.9877,431.0937,0.3179,432.1364,431.9198,-1.4544,422.0333,433.6158,-2.9422,412.4613,436.3447,-3.4199,402.7772,439.3169,-3.0661,393.6317,443.6401,-2.0149,384.4764,447.8986,-0.1399,374.7706,451.6550,1.3306,365.1974,454.2197,2.8643,355.1653,455.4050,3.7765
144,473.8599,427.7572,3.4105,464.2063,429.7634,3.5012,454.1048,430.6198,2.9509,444.0211,431.6669,1.4789,434.0637,432.3255,-0.4813,423.7710,433.3969,-1.9586,414.0701,435.1334,-3.2426,404.7741,437.9544,-3.9283,395.0103,441.9030,-2.8624,385.7526,446.1061,-1.4518,376.3387,450.4436,0.5802,366.7390,454.0964,2.2773,357.3090,456.0397,3.3736
145,475.5022,427.7332,2.9657,465.8572,429.3953,3.4983,456.0718,431.0080,3.2658,445.9762,431.8413,2.5195,436.0006,432.6839,0.5256,425.8260,433.5016,-1.5389,415.8900,434.8994,-2.4817,405.9814,437.0266,-3.3875,396.7890,440.0379,-3.6866,387.2864,444.5218,-2.3379,377.9316,449.0655,-0.4101,368.5297,452.9492,1.0514,359.3019,455.7558,2.5929
146,477.2796,426.8780,2.0936,468.0510,429.4882,3.1250,457.9733,431.1276,3.7987,447.8808,432.4774,2.9528,437.7709,432.8242,1.6988,427.8243,433.3188,-0.2704,417.5851,434.4401,-1.9155,407.7870,436.2258,-3.1808,397.9042,438.9878,-3.4175,388.7735,442.4467,-3.0217,379.5212,446.9798,-1.6846,370.3619,451.8117,0.1379,360.8234,455.3089,1.8405
147,479.3284,426.5553,0.9569,469.3916,429.3286,2.6520,459.5170,431.4527,3.4839,449.8452,432.4737,3.2752,439.9056,433.4947,2.7162,429.4323,433.8480,1.2854,419.6599,434.5932,-0.8308,409.4348,435.7999,-2.3190,399.7060,437.9393,-3.7125,390.5049,441.2621,-3.4992,380.8486,445.4986,-2.6700,371.7084,449.8388,-1.1372,362.5043,454.1474,0.9340
148,480.7464,425.6270,-0.2835,471.0977,428.6780,1.5591,461.6412,431.2173,3.1641,451.6145,433.0858,3.5646,441.7030,434.0152,3.1674,431.6939,434.6192,1.9092,421.5770,435.0708,0.0751,411.3833,435.8504,-1.4077,401.3777,436.9929,-3.0356,391.9899,439.8749,-3.9348,382.4867,443.1611,-2.9487,373.2199,447.9449,-2.0026,363.9599,452.5924,-0.1883
149,482.4354,424.7445,-1.1261,472.5764,427.8508,0.2854,463.2370,430.5864,2.5930,453.4515,432.9666,3.2426,443.7641,434.4416,3.4676,433.8550,435.4219,2.8813,423.7809,435.5297,1.2329,413.1472,436.1374,-0.5872,403.4118,436.7582,-2.4833,393.2958,438.8070,-3.1565,384.0519,441.9426,-3.4633,374.1258,446.1106,-2.8352,365.2621,450.7198,-1.2229
150,484.2707,424.1585,-2.3484,474.4173,427.2528,-0.6798,464.8909,429.8470,1.2880,455.4076,432.8687,2.7869,445.5957,434.8048,3.6213,435.7123,436.0012,3.4135,425.3304,436.4590,2.2326,415.2019,436.4028,0.9517,404.9461,437.0385,-1.1235,395.2624,438.1683,-2.7408,385.3913,440.1812,-3.6588,376.1780,444.1174,-3.3649,367.1178,448.6680,-2.3949
151,485.7071,422.6458,-3.1868,475.9555,426.0774,-1.7331,466.3116,429.3402,0.2647,456.9957,432.3807,1.9901,447.2076,434.7186,3.2032,437.3377,436.1300,3.6592,427.7490,437.0469,3.0881,417.0634,437.2114,1.6657,406.9679,437.2752,-0.1262,396.8530,438.2016,-1.5945,386.9554,439.6337,-3.1104,377.5638,442.5381,-3.6837,368.2239,446.5610,-2.7243
152,487.4464,422.0349,-3.5172,477.6331,425.2501,-2.6069,468.1959,428.4920,-0.8440,458.7017,431.5548,0.8146,449.0613,434.3171,2.5405,439.5048,436.7564,3.1328,429.7206,437.8135,3.4972,419.1711,437.7877,2.7735,408.8500,438.1751,0.9365,398.5871,438.3292,-0.7914,388.6735,439.3661,-2.2251,379.1299,441.4931,-3.5688,369.4276,444.8992,-3.4843
153,489.0808,421.2869,-3.2170,479.5085,423.8383,-3.4187,469.6103,426.9933,-1.9319,460.3246,430.4269,-0.1694,450.9081,433.7940,1.5701,441.1513,436.1491,2.7040,431.1776,437.9463,3.4679,421.2153,438.7754,3.0429,411.0233,438.9950,1.9448,400.9215,438.9133,0.3162,390.5994,439.3051,-1.4697,380.4417,440.8104,-3.0574,371.1934,443.0713,-3.6559
154,490.5317,420.6701,-3.3081,481.1299,423.0746,-3.7538,471.6712,425.8352,-2.8914,461.8550,429.3300,-1.5653,452.6430,432.9760,0.5051,442.8846,435.7758,2.1946,433.0293,438.2035,3.3944,423.1777,439.5331,3.6534,413.1930,440.1502,2.6268,402.6350,439.5363,1.3251,392.3469,439.5893,-0.3686,382.6185,440.6036,-2.0830,372.8490,442.2135,-3.3890
155,492.6608,420.3608,-3.0409,482.5353,422.1462,-3.6731,473.2883,425.2480,-3.3357,463.6099,428.5213,-2.2519,454.1730,431.8322,-0.5756,444.7924,435.2926,1.2378,434.9038,438.0277,2.5040,425.2042,439.8691,3.5923,414.9145,440.7500,3.4127,404.8688,440.7602,2.1947,394.3710,440.5044,0.3015,384.4779,440.8528,-1.1693,374.5308,441.9042,-2.5968
156,494.6495,419.8132,-1.9532,484.5278,421.4461,-3.1764,474.7401,424.2267,-3.4380,465.2609,427.1441,-3.0473,455.7115,430.6589,-1.5443,446.1077,434.2413,0.1076,436.7267,437.6152,1.8644,426.8484,439.7670,3.0895,417.1524,441.2795,3.5083,407.0356,441.7146,3.1616,396.9705,441.7156,1.7478,386.4089,441.3177,0.0728,376.1646,441.3606,-1.7726
157,496.1555,419.9113,-0.7830,486.1040,421.2039,-2.3352,476.3815,423.1406,-3.5000,466.8098,425.8526,-3.2341,457.3553,429.0304,-2.5599,448.0315,433.4471,-1.0694,438.3449,436.3642,0.9478,428.8324,439.6343,2.3333,419.0876,441.9044,3.6625,408.9955,442.5358,3.6294,398.6929,442.1467,2.3366,388.6022,442.2850,0.9799,378.0188,441.8753,-1.0573
158,497.9271,420.0971,0.1640,487.8857,420.8709,-1.5412,477.9835,422.7910,-3.0271,468.6388,425.0594,-3.5192,458.5946,427.9965,-3.1930,449.4009,431.6562,-2.0003,439.7611,435.0534,-0.4253,430.6077,439.0288,1.7434,420.8510,441.6226,2.9834,410.6526,443.1697,3.4936,400.6850,443.4225,3.2285,390.6154,443.3387,1.8730,380.1839,442.7035,-0.0438
159,499.9712,419.8546,1.4419,489.7212,421.1650,-0.3071,479.9340,422.4391,-2.3091,470.0200,424.0534,-3.1774,460.5805,426.7766,-3.5602,450.7958,430.0238,-2.9182,441.3087,433.7675,-1.3104,431.9287,437.8781,0.0957,422.5615,441.0432,2.1173,412.9329,443.3756,3.3802,402.8069,444.5007,3.4472,392.5683,444.3682,2.9473,382.1347,443.9258,1.4341
160,501.6194,420.2304,2.2593,491.6107,421.0534,0.4706,481.7581,422.2172,-1.2710,471.9288,423.8500,-2.7370,461.7501,425.9694,-3.8380,452.3222,428.8789,-3.1550,442.6454,432.3664,-2.4265,433.7453,436.3378,-0.7518,424.3929,440.4445,1.1338,414.7609,443.2479,2.6174,404.6490,444.8845,3.3823,394.7093,445.6375,3.1692,384.4288,444.9142,2.3083
161,503.6284,420.4433,3.0529,493.6322,421.6436,1.9383,483.7283,422.4472,-0.0427,473.8347,423.5834,-2.0037,463.7471,425.2550,-3.3844,453.9632,428.0006,-3.7686,444.6235,431.1807,-2.9118,435.0489,434.9776,-1.6880,425.7053,439.3613,0.1462,416.4517,442.4961,1.9905,407.0020,445.1226,3.0073,396.8297,446.2535,3.4048,386.2673,446.1515,3.1349
162,505.3203,420.2775,3.4389,495.5559,421.8003,2.7792,485.4121,422.7288,0.8807,475.6859,423.5667,-0.8245,465.2434,424.9172,-2.5661,455.6020,426.6966,-3.5496,446.1731,429.8420,-3.4869,436.9537,433.3407,-2.5514,427.1320,437.7614,-0.9128,417.9718,441.7219,0.9521,408.4782,444.6259,2.6275,398.8626,446.9691,3.4197,388.8049,447.4641,3.6705
163,507.3937,420.6395,3.3519,497.2657,421.9919,3.2027,487.3189,423.1371,1.9345,477.3605,423.7402,0.2239,466.9457,424.3552,-1.6109,457.7289,426.0761,-2.9843,448.0058,428.6303,-3.5144,438.2351,431.8753,-3.3673,428.7526,436.0599,-2.1287,419.4311,440.3370,-0.0779,410.4394,443.9724,1.6147,400.2995,446.7374,2.7227,390.7781,448.1574,3.7347
164,508.9469,419.9472,3.5916,499.0175,421.9230,3.7463,489.3034,423.2429,3.0412,479.1889,424.1658,1.1693,469.3738,424.6768,-0.4676,459.0629,425.7407,-2.2530,449.4861,427.7135,-3.3062,439.6655,430.8243,-3.7856,430.0643,434.6154,-3.1652,421.2631,438.6944,-1.2896,411.7245,442.8061,0.5720,402.4957,446.5573,2.1042,392.6252,448.4215,3.3026
165,510.9060,420.1974,2.5457,501.2641,422.0464,3.2984,491.3460,423.5198,3.0847,481.2849,424.2346,2.2625,470.9031,424.9779,0.7951,461.1035,425.6242,-1.2588,451.0827,427.4071,-2.6843,441.1558,429.3067,-3.4445,431.9360,432.7389,-3.4791,422.5530,437.0057,-2.7137,413.1534,441.5125,-0.8544,403.9625,445.2536,1.2598,394.1280,448.2394,2.7866
166,512.6111,419.7787,2.0267,502.6779,422.0135,3.3226,493.2057,424.0579,3.8910,482.9936,424.9877,3.4167,473.2066,425.4818,1.4673,462.6706,426.2101,-0.1351,452.8423,426.9147,-2.0311,443.0995,428.6943,-3.1108,433.1242,431.7244,-3.4212,424.1087,434.9183,-2.9230,414.4482,439.7077,-1.5216,405.5445,444.1932,0.3968,395.9853,447.7278,1.8228
167,514.3368,419.0520,0.7050,504.8062,421.6200,2.4270,494.7840,423.7339,3.5045,484.9875,425.4046,3.2529,474.7500,425.9694,2.7607,464.8239,426.5900,1.0875,454.8352,427.0475,-1.0785,444.7006,428.0324,-2.5060,434.8667,430.4248,-3.4293,425.3934,433.7218,-3.0692,415.8353,438.1661,-2.7402,406.6630,442.2569,-0.8887,397.5941,446.6314,0.7774
168,515.8979,418.2511,-0.0696,506.3709,420.9812,1.5157,496.3790,423.6123,3.0382,486.8462,425.4258,3.7589,476.9666,426.6957,3.3141,466.8342,427.3827,1.8132,456.6583,427.1899,0.1948,446.8812,428.0037,-1.7376,436.6604,429.8042,-2.8787,426.9201,432.5332,-3.5995,417.7419,436.2480,-3.3861,408.0822,440.5996,-1.9907,399.0792,445.2218,-0.2729
169,517.9024,416.8457,-1.1642,508.1343,420.3398,0.3481,498.6625,423.0337,2.2273,488.9126,425.2541,3.3827,478.8906,427.0973,3.4961,468.8756,427.9758,2.7959,458.9449,427.9694,1.2530,448.6600,428.4396,-0.6349,438.3796,429.5949,-2.0920,428.4905,430.9981,-3.1115,419.1068,434.3394,-3.7020,409.4249,438.3882,-2.7959,400.4477,443.5817,-1.2170
170,519.2243,416.2399,-2.1257,509.6940,419.8817,-0.6173,499.9776,422.2642,1.1146,490.7469,425.2203,2.3784,480.6337,427.1933,3.7496,470.8137,428.3661,3.4306,460.9580,429.0126,2.2080,450.5400,429.1952,0.9812,440.3482,429.4056,-1.1713,430.2727,430.7120,-2.8742,420.6376,432.8856,-3.4175,411.3065,436.5074,-3.2731,401.8514,441.5403,-2.1685
171,521.1212,415.5494,-3.2130,511.0716,418.5313,-1.8869,501.8732,421.5106,0.2361,492.3407,424.5620,1.7573,482.6216,427.3243,3.2099,472.5722,428.8234,3.5641,462.5361,429.3563,3.0627,452.3121,429.7463,1.3940,442.3632,429.8045,-0.1070,432.3758,430.7636,-1.8027,422.1297,432.1902,-3.1304,412.7300,435.1889,-3.4750,403.4479,439.5048,-2.9331
172,522.5103,414.5478,-3.4966,513.0693,417.4212,-2.5959,503.4247,420.6634,-0.9368,494.0807,424.2704,1.0178,484.2701,427.0560,2.2814,474.6162,428.8911,3.3761,464.8827,430.1120,3.5316,454.5375,430.5793,2.3901,444.2767,430.5412,0.9829,434.0408,430.8500,-0.8028,423.7995,431.7853,-2.2313,413.9834,433.8046,-3.5622,404.4990,437.2008,-3.6386
173,524.4647,413.7768,-3.7307,514.6109,416.5733,-3.1658,505.0907,420.0562,-1.9790,495.6457,422.9664,-0.3871,485.8644,426.0600,1.6547,476.3944,428.7675,2.9281,466.6707,430.5487,3.5959,456.4980,431.4363,3.1252,445.8825,431.1672,2.0716,435.9254,431.3298,0.0003,425.7486,431.7762,-1.5662,415.7826,432.9922,-2.6917,406.2717,435.9161,-3.7920
174,525.8827,413.1660,-3.5079,516.2958,415.4133,-3.6776,506.5694,418.3032,-3.0777,497.2029,421.7809,-1.3826,487.6716,425.4290,0.6162,478.0224,428.2622,2.2403,468.5072,430.6540,3.3254,458.3990,431.9653,3.6611,448.2250,432.4597,2.9031,438.3560,432.1257,1.5273,427.9199,432.0007,-0.4095,417.8142,432.7814,-2.5802,408.0222,434.6135,-3.3612
175,527.4761,412.8362,-3.0288,517.8688,414.7233,-3.5452,508.0816,417.5612,-3.3126,498.7176,420.7025,-2.7321,489.5432,424.2575,-0.5347,479.8308,427.7072,1.3283,470.0802,430.6567,2.9897,460.3785,432.3418,3.6908,450.3633,433.1386,3.3340,440.1020,433.3342,2.2436,429.9212,433.2458,0.7207,419.5925,433.1433,-1.2913,409.4481,434.0614,-2.9589
176,529.6654,412.3875,-2.1796,519.7452,414.2579,-3.1299,509.7422,416.3796,-3.3337,500.2686,419.6232,-3.0381,490.6731,422.8390,-1.6217,481.3824,426.6467,0.2752,471.6567,429.9482,2.0777,462.3264,432.3774,3.2459,452.3679,433.6882,3.3764,442.2627,434.2139,3.3294,431.7583,434.0980,1.8206,421.6453,433.6702,-0.2607,411.3879,433.9855,-1.8985
177,531.1781,412.3718,-0.5971,521.2904,413.8753,-2.7795,511.6942,415.8123,-3.5953,502.0461,418.4600,-3.2235,492.4637,421.8283,-2.6162,482.8412,425.8581,-0.9714,473.6004,429.0956,0.6444,463.7699,431.8558,2.6941,454.2591,434.0950,3.2441,444.0298,435.0431,3.3096,434.0583,434.9207,2.5521,423.5952,434.2723,1.1201,413.3578,434.1031,-0.9230
178,533.1284,412.1950,0.3102,523.3988,413.6397,-1.7837,513.2376,414.9119,-2.9507,503.4502,417.5271,-3.4706,494.1506,420.5392,-3.2770,484.3196,424.4453,-1.6873,475.1356,427.9943,-0.4304,465.6107,431.4278,1.4836,456.2787,434.1504,2.8876,446.0609,435.6947,3.3520,436.0620,436.0800,3.3734,425.7447,435.6359,1.9182,415.5688,435.2941,0.3472
179,535.1326,412.4532,1.1906,525.3230,413.5345,-0.3011,515.0947,415.0389,-2.3410,505.0834,416.6946,-3.4077,495.7150,419.4153,-3.7979,485.9979,422.5255,-2.9533,476.6876,426.4806,-1.1798,467.3542,430.2722,0.6875,457.8981,433.6916,2.1564,448.3062,436.0288,3.1741,438.0364,436.8187,3.7001,427.6291,436.8228,2.7483,417.5066,436.1706,1.3560
180,536.5972,412.7642,1.9163,526.9466,413.7261,0.5568,517.0896,414.9312,-1.0640,507.1842,416.2821,-2.8104,497.2933,418.5770,-3.5521,487.3092,421.1665,-3.1148,478.1075,425.0197,-2.1775,468.9894,429.1816,-0.6101,459.1059,433.1602,1.1681,449.9856,435.7716,2.6731,439.9293,437.4686,3.7918,429.6598,438.0607,3.6561,419.4657,437.5914,2.1430
181,539.0430,412.6364,3.1534,528.5132,413.7851,1.7294,518.6166,414.8115,-0.3199,508.8155,415.8107,-2.0611,498.9843,417.4229,-3.0808,489.1408,420.4987,-3.6768,479.6280,423.6651,-2.9069,470.0134,427.5131,-1.5074,460.8570,431.4613,-0.1198,451.4851,434.9723,1.9693,441.6166,437.5745,3.1466,431.7809,438.8041,3.4535,421.5162,439.0283,3.1201
182,540.7245,413.0813,3.5552,530.6595,414.2689,2.5574,520.9371,415.1229,1.0057,510.8771,416.1126,-0.9699,500.7667,417.0942,-2.5330,490.9333,419.3559,-3.4835,481.1690,422.3529,-3.4114,471.7849,426.0399,-2.5203,462.6184,430.2452,-0.9276,453.2554,434.2698,0.9329,443.5426,437.3989,2.3958,433.7259,439.3670,3.4675,423.6219,440.0262,3.3813
183,542.5737,412.7387,3.7890,532.6711,414.4980,3.2413,522.3875,415.1764,2.0297,512.4718,416.2479,0.4135,502.5685,417.0056,-1.4769,492.5206,418.7594,-2.8911,482.8295,421.3588,-3.6419,473.4061,424.7069,-3.2105,463.9165,428.5239,-1.9839,454.6519,432.7369,-0.1158,445.2697,436.8550,1.5480,435.5070,439.3086,3.1204,425.6456,440.9042,3.5918
184,544.3777,412.7053,3.3402,534.4723,414.7505,3.4961,524.2689,415.6204,2.7391,514.5400,416.4267,1.2079,504.3274,417.2724,-0.5075,494.1914,418.3308,-2.0682,484.6207,420.3228,-3.4492,474.9074,422.9534,-3.4805,465.6558,426.8837,-2.8978,456.0932,431.1940,-1.1047,446.7816,435.4530,0.6307,437.3888,438.6930,2.2618,427.8816,441.1354,3.3295
185,546.0898,412.2067,2.8009,536.2475,414.4865,3.7291,526.2667,416.1120,3.1993,516.4291,416.7916,2.3524,506.3030,417.7251,0.4370,496.1559,418.2420,-1.1169,486.0262,419.6600,-2.6805,476.5767,421.7852,-3.3772,467.0436,425.4940,-3.4486,457.6952,429.5070,-2.3849,448.7392,433.8633,-0.5810,438.9487,437.8725,1.2029,429.3608,440.8545,2.7590
186,547.7773,412.3847,1.8746,538.0304,414.5720,3.4379,528.0510,416.4780,3.4392,518.2392,417.2359,2.9861,508.0201,418.0064,1.6454,498.0954,418.6650,-0.0792,488.0713,419.7114,-1.8768,478.4011,421.2333,-3.2713,468.3794,423.5522,-3.6629,458.9881,427.7395,-2.8643,449.5376,432.2594,-1.9233,440.3190,436.9353,0.2324,430.7279,440.5653,1.8679
187,549.7712,411.3024,0.8940,539.9149,413.8282,2.5152,530.2569,416.1762,3.5375,520.3286,417.8098,3.6648,510.2798,418.8823,2.6332,500.2141,419.0780,1.1003,490.0014,419.7091,-0.7532,479.9202,420.7287,-2.7663,470.2292,422.7209,-3.5743,460.6037,426.2400,-3.4084,451.3948,430.2902,-2.5521,441.9458,435.1470,-0.7555,432.6850,439.0532,0.6904
188,551.0859,410.5378,-0.2122,541.6497,413.7255,1.5991,531.9701,416.0906,3.2148,522.3565,417.8980,3.6361,512.0941,419.1133,3.1542,501.8536,419.6599,2.1599,492.0828,420.1895,0.2793,481.9959,420.6998,-1.5906,471.6857,422.3679,-2.8289,462.0722,424.6051,-3.2920,452.8184,428.3627,-3.2849,443.6062,433.1956,-1.8974,434.5286,437.8058,-0.1899
189,553.0650,409.7375,-1.4425,543.0970,412.9888,0.3891,533.7291,415.7384,2.1604,523.8946,418.1661,3.5787,513.9944,419.4314,3.8552,504.0146,420.2515,2.7914,493.9739,420.6420,1.3688,483.4995,420.8706,-0.3274,473.7227,422.0343,-2.4663,463.7554,423.8408,-3.2347,454.5955,426.9481,-3.6997,444.8351,430.9006,-2.6393,435.7120,435.7539,-1.1827
190,554.7285,408.8465,-2.3971,545.0070,411.7465,-0.5568,535.4976,415.1131,1.3315,525.7459,417.7985,2.9616,515.9576,419.9957,3.6728,505.9226,420.8974,3.2837,496.0202,421.7853,2.2810,485.6953,421.6135,0.6457,475.4936,422.0648,-1.4443,465.4266,423.2400,-2.7434,455.8773,425.7071,-3.3645,446.2425,429.1682,-3.2240,437.1623,433.8718,-2.1375
191,555.8964,408.1996,-3.0269,546.4053,411.2081,-1.4263,537.2840,414.2113,0.2235,527.5572,417.0637,2.2864,517.6224,420.0166,3.1710,507.9295,421.2762,3.8078,498.0980,422.1101,2.9625,487.5435,422.3813,1.3621,477.2098,422.4055,-0.0728,467.2916,422.9811,-2.1603,457.4377,424.6953,-3.1316,447.9890,427.3908,-3.3633,438.2457,431.9146,-3.1241
192,557.9754,407.1936,-3.5231,548.1737,409.7603,-2.6078,538.5782,413.1173,-1.1663,529.1590,416.4564,0.9950,519.4610,419.1570,2.3774,509.7711,421.2154,3.6558,499.7635,422.6696,3.5139,489.7614,423.1966,2.4802,479.3325,423.4028,0.6823,469.1053,423.1634,-0.7295,459.2823,424.3145,-2.6271,449.5306,426.3137,-3.5432,439.8957,429.8814,-3.6453
193,559.5369,406.3911,-3.7141,549.7797,409.0787,-3.2166,540.5125,412.1357,-1.9705,530.8929,415.4109,-0.4210,521.0457,418.8298,1.5417,511.6212,421.3954,3.0113,501.8196,423.0342,3.7027,491.7591,423.6684,3.2027,481.6972,424.5133,2.0119,471.2289,423.6502,0.2746,461.0717,424.1882,-1.3066,451.1892,425.5313,-3.1447,441.6327,428.3526,-3.7312
194,560.9602,405.7026,-3.2460,551.6173,408.1379,-3.3191,541.7241,411.0963,-2.7844,532.1521,414.4220,-1.5192,522.9406,417.7689,0.5923,513.5707,420.9171,2.1137,503.4097,423.2802,3.1964,493.7809,424.7524,3.8253,483.7719,424.9009,2.9100,473.1288,424.5497,1.4658,462.7988,424.8479,-0.6239,452.9045,425.6483,-2.1728,443.2001,427.2824,-3.2069
195,562.9162,405.1226,-2.9019,552.9355,407.1343,-3.4435,543.5048,409.8641,-3.2675,534.0126,413.3270,-2.4682,524.4462,416.8591,-0.6725,515.1675,420.3300,1.4496,505.4353,422.9228,2.7603,495.9107,425.0434,3.5211,485.6214,425.6793,3.3370,475.4662,425.7991,2.4594,465.2782,425.3923,0.6783,454.9580,425.6923,-1.2810,444.8371,426.9791,-2.8371
196,564.8043,405.0484,-2.1168,554.9794,406.5171,-3.1432,545.3419,408.9879,-3.8260,535.5690,412.0671,-3.0384,526.1283,415.6179,-1.9156,516.8033,418.8791,0.0656,507.2343,422.3578,1.6843,497.3004,424.8610,3.4762,487.2635,426.3978,3.5680,477.2239,426.5137,2.8783,467.1197,426.5650,1.8933,456.6413,425.8627,-0.0325,446.7240,426.7524,-2.1861
197,566.7729,404.8697,-0.5617,556.6040,406.5194,-2.5829,547.1549,408.2111,-3.6861,537.2125,411.1308,-3.3046,527.6509,414.3441,-2.5961,518.4248,418.1401,-1.0743,508.9137,421.5949,1.0425,499.1304,424.6360,2.4106,489.1624,426.4783,3.6273,479.4608,427.4551,3.5686,469.1457,427.6723,2.5279,458.8222,426.9430,1.1708,448.6438,426.9685,-0.4976
198,568.5687,405.0799,0.3077,558.3545,406.1715,-1.5643,548.5018,407.9023,-3.0274,538.8514,410.0203,-3.8156,529.3127,413.1393,-3.2303,519.8150,416.5858,-2.1120,510.2691,420.1751,-0.1769,500.6834,423.8721,1.2594,491.1289,426.7006,2.9945,481.3401,428.2093,3.3372,471.3340,428.5383,3.2433,460.9702,427.8509,2.2321,450.5232,427.8287,0.2062
199,570.1644,405.1798,1.1743,560.3106,405.9991,-0.4169,550.4563,407.4921,-2.1275,540.4042,409.2147,-3.2855,531.0098,411.9496,-3.5944,521.3542,415.3877,-2.7707,512.0499,419.0287,-1.2186,502.4511,422.9290,0.5808,492.7754,426.1393,2.2521,483.2539,428.5489,2.9869,472.9761,429.6080,3.6769,463.2886,429.4161,3.0206,452.9818,428.5004,1.1062
200,572.0584,404.9387,2.5465,562.0935,406.0988,0.8171,552.2359,407.1896,-1.1224,542.0891,408.6435,-2.5767,532.3403,410.8520,-3.6134,522.7984,413.5516,-3.6191,513.4669,417.8329,-2.2164,503.9904,421.5938,-0.8834,494.5991,425.3065,1.1362,485.1247,428.3243,2.8361,475.5131,430.0893,3.2485,464.8577,430.5073,3.2516,454.7175,430.3133,2.3312
201,573.8279,405.5363,3.0261,564.0137,406.4615,1.7730,553.8866,407.3741,0.0676,544.2002,408.3804,-1.8996,534.3865,410.1846,-3.3770,524.3794,412.8639,-3.6135,514.9795,416.2032,-3.0982,505.6673,420.3235,-1.6322,496.3050,424.3280,0.2285,486.9201,427.3725,1.9072,477.1155,430.1409,3.0475,467.0657,431.2444,3.6487,456.9646,431.3231,3.2161
202,575.7958,405.3483,3.5067,565.8585,406.8461,2.5684,555.9685,407.7474,0.7545,545.8478,408.5220,-1.1414,535.9164,409.7725,-2.7122,526.3198,411.8689,-3.7966,516.4543,414.7596,-3.5116,506.9849,418.3977,-2.5570,497.6129,422.8518,-0.9256,488.4136,426.5910,0.8811,478.8411,429.8863,2.2548,469.0258,431.4893,3.4770,459.3071,432.3115,3.3731
203,577.8423,405.3271,3.4359,567.7758,406.9666,3.3689,557.7301,407.8516,1.9792,547.6347,408.7590,0.4630,537.5947,409.4914,-1.5826,527.7381,410.9999,-3.1807,517.8423,413.6449,-3.7021,508.8833,417.0904,-3.3919,499.0894,421.0214,-2.2230,489.9200,425.4933,-0.3061,480.4078,428.8136,1.3510,470.8863,431.8407,3.0091,460.7319,433.3826,3.5154
204,579.2553,405.1631,3.2390,569.6752,406.8586,3.6973,559.7143,408.4284,3.0563,549.6136,408.9807,1.4413,539.3257,409.9523,-0.5034,529.5332,410.7227,-2.4072,519.7286,412.8496,-3.3381,509.8170,415.5529,-3.4889,501.0177,419.4111,-2.7839,491.4322,423.6665,-1.5275,481.9650,427.7339,0.5639,472.7444,431.3763,2.1156,463.0173,433.9602,3.0732
205,581.3947,405.0618,2.8015,571.6369,407.3694,3.5251,561.9459,408.4356,3.4994,551.3777,409.3051,2.3820,541.6067,410.0430,0.7157,531.3259,411.0474,-1.4470,521.5302,412.2769,-2.7219,511.7641,414.5126,-3.9304,502.0279,418.0090,-3.2810,493.1069,422.0019,-2.0661,483.5998,426.5739,-0.7020,474.1759,430.6068,1.0080,464.9102,433.7884,2.7525
206,583.2598,404.5005,1.8648,573.3784,406.9117,3.2810,563.6390,408.9067,3.5211,553.2977,410.0223,3.0034,543.1990,410.4320,1.6532,533.5592,411.1992,-0.2509,523.1345,411.8831,-2.0550,513.4577,413.8956,-2.7695,504.0612,416.4139,-3.4570,494.3895,420.5194,-2.9793,485.0156,424.8183,-1.8148,475.7161,429.0677,0.0788,466.0749,433.0312,2.3025
207,584.5747,404.1595,0.6098,575.0982,406.5296,2.5241,565.4292,408.6411,3.4341,555.5539,410.1826,3.6806,545.5898,411.0842,2.8070,534.9798,411.5226,1.0791,525.3054,412.3232,-0.7175,515.1870,413.3953,-2.4914,505.1880,415.5476,-3.3733,495.8557,418.5703,-3.2026,486.3990,422.8433,-2.6996,477.2847,427.6018,-0.9373,467.9422,431.8767,1.0041
208,586.4284,403.1282,-0.3666,576.5519,406.3461,1.4658,566.9779,408.5233,2.8100,557.4947,410.5189,3.4442,547.2254,411.5178,3.4073,537.0251,412.2283,2.0920,527.1449,412.5967,0.2370,516.6551,413.2242,-1.6466,506.9001,414.9222,-2.7922,497.3723,417.3625,-3.5902,487.7143,420.9749,-3.1080,478.7164,425.4000,-1.8490,469.5531,430.0380,-0.3432
209,588.0314,402.1801,-1.2408,578.4408,405.4098,0.7620,568.8039,408.0726,2.2113,559.1009,410.4826,3.1986,549.0382,412.0046,3.3719,539.0492,413.2763,3.2044,529.4155,413.1240,1.1901,518.9894,413.3482,-0.5358,508.7333,414.5322,-2.2270,499.1045,416.2184,-3.3651,489.2247,419.4180,-3.6128,480.2249,423.5462,-2.9901,470.9601,428.5843,-1.3764
210,590.0071,401.0341,-2.4492,580.1362,404.3156,-1.0425,570.6162,407.4514,1.1045,560.9354,410.2551,2.6602,551.2470,412.1493,3.7146,541.3591,413.1815,3.2539,531.1894,413.6931,2.2327,520.8877,414.2061,0.8078,510.7103,414.5656,-1.1754,501.0151,415.7179,-2.7737,491.0312,417.9403,-3.7392,481.2099,422.0059,-3.0910,472.1038,426.4861,-2.2589
211,591.3546,400.5842,-3.0718,582.2074,403.6774,-1.8142,572.1085,406.9710,0.0791,562.6574,409.8066,1.9120,553.1581,412.0802,2.8304,543.0195,413.7103,3.5025,532.7934,414.4566,2.8382,523.0052,414.6326,1.6616,512.8799,414.8682,-0.0628,502.7283,415.6472,-1.9895,492.5532,417.4274,-3.1472,483.0085,420.1453,-3.6058,473.5091,424.4247,-2.8999
212,592.9428,399.4999,-3.5565,583.4042,402.8278,-2.4667,573.9280,405.6819,-0.9872,564.3432,408.8603,0.8002,554.8217,411.7351,2.2985,544.9570,413.9455,3.2005,535.1906,415.3817,3.8075,524.8070,415.6991,2.7782,514.7355,415.7955,1.0227,504.3979,415.8823,-0.7906,494.5560,416.9463,-2.4721,484.6640,419.1507,-3.4811,475.1004,422.6478,-3.8148
213,594.8871,398.9891,-3.5907,585.2340,401.4701,-3.1936,575.2956,404.5052,-1.9519,565.9456,407.9047,-0.1186,556.4534,411.1839,1.5476,547.0224,414.0543,2.9886,537.0350,415.5230,3.8607,527.0777,416.3383,3.2686,516.8170,416.6349,2.1699,506.5413,416.4633,0.0188,496.5148,416.7380,-1.5353,486.3669,418.3536,-3.0443,476.5611,421.1829,-3.4862
214,596.6582,398.2312,-3.2843,586.8442,400.4642,-3.7981,576.9921,403.4867,-2.5737,567.9968,406.9345,-1.3409,558.0721,410.3731,0.5457,548.5973,413.4125,2.1945,538.7148,415.6263,3.2753,528.9584,417.0917,3.4871,518.8579,417.4085,2.9845,508.4315,417.5345,1.5644,498.3350,417.4307,-0.5912,488.4100,417.7195,-2.1991,478.2450,419.5524,-3.5298
215,598.1036,397.8506,-2.8090,588.5242,399.7892,-3.6830,578.9345,402.7037,-3.4221,568.9568,405.6120,-2.3967,559.7404,409.5016,-0.6210,550.2736,412.7938,1.0479,540.7715,415.7622,2.8321,531.0072,417.3582,3.5453,520.9334,418.1996,3.2933,510.7773,418.2271,2.1987,500.2277,417.6604,0.7885,490.2308,417.9017,-1.3257,480.3214,419.3505,-2.8031
216,599.9228,397.5496,-1.6889,590.2115,399.3186,-3.2060,580.6015,401.6649,-3.7628,570.7275,404.8555,-3.3291,561.1487,408.1727,-1.7167,551.6853,411.1939,0.0692,542.5038,414.8375,1.7299,532.7428,417.6596,3.0436,522.6488,418.6222,3.5978,512.4474,419.2107,2.6892,502.4190,418.7021,1.4936,491.9619,418.3934,-0.3612,481.7167,418.8140,-2.0080
217,601.7459,397.6208,-0.7340,591.4799,398.7942,-2.6254,582.1140,400.7519,-3.4061,572.4876,403.4162,-3.7428,562.8111,406.8928,-2.5090,553.4081,410.5982,-1.0134,543.7871,414.1392,0.9896,534.5971,417.0496,2.5144,524.5746,418.9732,3.5065,514.4408,420.0993,3.3946,504.2651,420.0624,2.6064,494.1112,419.5697,0.9564,483.8334,419.4028,-0.8612
218,603.5188,397.3728,0.3813,593.7665,398.7406,-1.3902,583.7884,400.3878,-3.0291,574.1776,402.6295,-3.3412,564.5705,405.6401,-3.1911,554.9140,409.0514,-1.8914,545.3840,413.1946,-0.2269,536.1877,416.5997,1.6097,526.4294,418.8117,3.0341,516.6332,420.4685,3.6195,506.4007,421.2724,2.9828,496.0347,420.7347,1.8890,485.8155,419.9515,-0.0823
219,605.4662,397.5793,1.2307,595.5351,398.6394,-0.4079,585.5463,399.6470,-2.2111,575.7266,401.9919,-3.5600,566.3863,404.3815,-3.7255,556.4933,407.9334,-2.8332,547.0153,411.7073,-1.2080,537.7189,415.6859,0.8111,527.8250,418.6972,2.4891,518.5171,421.1621,3.4211,508.2220,421.8792,3.5645,498.4104,421.9393,2.7691,487.7801,421.3867,1.3858
220,607.6909,397.6462,2.1334,597.4394,398.7598,0.6580,587.2442,399.8628,-1.2978,577.3598,401.1750,-2.6066,567.4652,403.4288,-3.5839,558.2080,406.4220,-3.2483,548.5430,410.2065,-2.2778,539.2943,414.3629,-0.5520,529.8910,418.0225,1.2830,520.2112,420.9260,3.0884,510.3123,422.6208,3.5645,500.2946,422.7487,3.2898,489.8483,422.8316,2.1514
221,609.4221,397.6946,3.0305,599.1744,398.8613,1.4622,589.4189,400.0488,0.0617,579.3738,401.1551,-1.7158,569.2565,402.8245,-2.9574,559.7427,405.2628,-3.7297,550.1473,408.6093,-3.5046,540.8765,412.8685,-1.6019,531.4662,416.5659,0.0832,522.1742,419.9859,2.2418,512.0432,422.8057,3.0751,502.2316,423.5473,3.7404,492.1409,424.0357,2.9823
222,611.2887,397.9812,3.4688,601.0575,399.3983,2.6489,591.1654,399.9000,0.9900,580.9185,400.8983,-1.1424,571.2104,402.3005,-2.4953,561.1859,404.3931,-3.6079,551.7261,407.4182,-3.4384,542.4015,410.9722,-2.8855,533.0129,415.0624,-1.0468,523.4148,419.1567,0.9643,513.9962,422.1954,2.5177,504.2805,424.3492,3.5009,494.3358,425.2221,3.6016
223,612.8786,398.0230,3.3826,603.0263,399.7382,3.2308,593.0116,400.3396,2.1860,582.9115,401.2751,0.2055,572.7507,402.1531,-1.7234,562.9371,403.6440,-2.7225,553.4312,406.2174,-3.6851,543.9196,409.5262,-3.0553,534.4349,413.8646,-2.0533,525.1587,417.7737,-0.2617,515.5783,421.4524,1.3227,505.9606,424.2339,3.0240,496.0623,425.7435,3.7874
224,614.8340,397.6100,3.3962,604.9901,399.6022,3.4236,594.9843,400.7780,2.8810,584.9584,401.6542,1.2810,574.5576,402.3202,-0.5129,564.7859,403.4571,-2.1309,554.8269,405.4223,-3.2828,545.4007,408.1810,-3.2375,536.0235,411.9360,-3.0792,526.6045,416.3149,-1.5454,517.2939,420.4716,0.6122,507.6043,423.8922,2.1757,498.0798,426.2056,3.4670
225,616.6886,397.9457,2.7865,606.8150,399.6351,3.5323,596.7005,401.1011,3.2879,586.6138,402.0568,2.2351,576.7427,402.6023,0.7074,566.8644,403.4751,-1.2785,556.6572,404.7808,-2.8157,546.9252,407.2178,-3.5012,537.3903,410.4027,-3.4025,528.0405,414.5453,-2.3793,518.7451,419.0416,-0.7336,509.6802,422.8007,1.2945,499.9541,426.0807,2.7978
226,618.4020,397.0574,1.8457,608.5060,399.8085,3.0193,598.8802,401.1997,3.6786,588.9054,402.2916,2.9240,578.7854,403.3081,1.6079,568.8063,403.6165,-0.0617,558.7007,404.4363,-1.6523,548.5349,406.2295,-3.2335,539.3585,409.0062,-3.4678,529.7642,412.7096,-2.9216,520.2560,416.9299,-1.7515,511.0313,421.2944,-0.0596,501.5889,425.4587,1.9970
227,619.9708,396.3730,0.9514,610.1191,399.2755,2.2675,600.7011,401.2149,3.6924,590.5927,402.7442,3.3413,580.6964,403.4897,2.5553,570.5488,403.9968,0.8616,560.3002,404.4696,-0.9728,550.3918,405.5735,-2.4949,540.6329,407.9551,-3.4598,530.7358,411.0369,-3.4485,521.7270,415.1773,-2.3577,512.6919,419.7406,-1.0220,503.2821,424.5122,0.5451
228,621.7472,395.6498,-0.2339,612.0043,398.8773,1.8643,602.3234,401.0260,3.3637,592.6055,402.8856,3.7591,582.5290,404.1329,3.3970,572.1940,404.8717,2.0456,562.3558,405.1066,0.0084,552.1049,405.7980,-1.4952,542.3014,406.9714,-3.0210,532.5216,409.7085,-3.5189,523.2564,413.3278,-3.2586,514.0314,418.0929,-2.0447,504.7152,422.5497,0.0251
229,623.3274,394.7122,-1.6320,613.4695,397.8103,0.6491,604.0314,400.7135,2.0587,594.6049,403.3841,2.9249,584.4281,404.6519,3.6391,574.3504,405.2938,2.9415,564.4994,405.4171,1.2500,554.1880,405.8636,-0.5775,544.2847,406.9553,-2.2907,534.3405,408.6203,-3.3109,524.7775,412.1284,-3.4701,515.3962,416.1025,-2.8786,506.3452,421.0659,-1.2741
230,624.9584,393.7957,-2.5219,615.3217,397.1471,-0.6078,606.0137,400.0876,0.9808,596.0667,402.9280,2.7903,586.3857,404.7755,3.4682,576.4846,405.8549,3.4442,566.2670,406.1580,2.5497,556.0391,406.6966,0.7199,545.9413,406.9306,-1.1947,535.9042,408.1093,-2.8301,526.0230,410.4982,-3.5656,516.9100,413.9968,-3.3135,507.7744,419.0061,-2.1156
231,626.4173,392.8609,-3.2682,617.2279,396.3840,-1.9371,607.4599,399.0784,-0.1629,597.7603,402.5203,1.8268,588.3182,404.8355,3.0502,578.5164,406.1806,3.5199,568.3228,407.0676,3.0187,558.1962,407.4835,1.4250,547.8819,407.6237,0.1179,537.4126,407.9608,-1.8894,527.8600,409.8570,-3.1029,518.4110,412.6775,-3.6248,509.1291,416.9473,-3.0064
232,628.2704,392.0264,-3.6084,618.6666,395.1958,-2.7464,609.1635,398.3487,-1.0375,599.5663,401.6461,0.7468,590.1774,404.1490,2.5947,580.2977,406.7280,3.1527,570.0663,407.8825,3.3776,560.0845,408.2899,2.4342,549.7109,407.9899,0.9924,539.5720,408.3353,-0.8815,529.7422,409.1987,-2.4133,520.0365,411.6224,-3.3929,510.3722,415.0364,-3.7049
233,629.9781,391.5132,-3.6892,620.4849,394.1704,-2.9440,610.5562,397.2169,-2.1181,601.1584,400.7069,-0.0847,591.6751,403.7487,1.4091,582.0026,406.4489,3.0751,572.2920,408.0415,3.4891,562.2940,408.9470,2.9814,552.1326,408.9028,2.1403,541.6026,408.9350,0.5081,531.2354,409.2557,-1.6809,521.5431,410.6637,-2.8421,512.0135,413.4072,-3.3648
234,631.7662,390.6207,-3.3916,621.8204,393.1643,-3.6237,612.4409,396.0182,-2.8392,602.7349,399.3897,-1.2279,593.1069,402.9599,0.6177,583.9557,405.8396,2.3935,574.0025,408.2649,3.3771,563.8701,409.7306,3.6705,553.8268,409.8260,3.1944,543.6430,409.7684,1.1100,533.4046,409.8079,-0.5763,523.3841,410.4668,-2.2665,513.7008,412.3248,-3.3481
235,633.3805,390.0227,-2.6668,623.7122,392.4699,-3.4775,613.9310,395.1195,-2.9762,604.2467,398.3813,-2.2457,595.0686,401.6231,-0.3297,585.6369,405.2096,1.4989,575.8409,408.3673,2.7859,565.6866,409.9069,3.4762,555.7351,410.5921,3.4273,545.6108,410.9156,2.0666,535.4057,410.5676,0.6927,525.1576,410.6441,-1.3802,515.1506,411.5076,-2.5572
236,635.1006,389.8556,-1.9453,625.5128,392.0127,-3.3095,615.8548,394.0849,-3.4254,606.1311,396.9853,-3.1596,596.2706,400.6113,-1.6343,587.0385,404.0487,0.1870,577.6616,407.5281,1.8084,567.8908,409.8233,3.2168,557.9709,411.5242,3.8768,548.0498,411.8841,2.9769,537.5950,411.2826,1.6950,527.1928,411.1360,-0.0432,517.0069,411.9068,-1.9281
237,637.2602,389.9239,-1.0134,627.0791,391.6627,-2.5187,617.2725,393.4014,-3.3394,607.7164,395.7361,-3.6043,598.0070,399.7706,-2.7139,588.6702,403.4170,-0.9227,579.3963,406.7562,0.6269,569.5443,409.6155,2.2254,559.5118,411.8407,3.7469,549.6345,412.5867,3.7132,539.7252,412.3750,2.5886,529.3119,411.8641,0.9176,518.9082,411.6355,-0.9837
238,638.8375,389.9593,0.0627,628.9390,391.1035,-1.5918,618.8903,392.4285,-2.8512,609.3098,395.0276,-3.6700,599.4558,398.1143,-3.3084,590.2892,401.7645,-2.0940,580.6798,405.4503,-0.2084,571.0501,408.9975,1.3538,561.6003,411.9957,2.8318,551.6085,413.1421,3.5572,541.4343,413.6828,3.3342,531.4075,413.3317,1.9780,520.8588,412.7805,0.3365
239,640.5565,389.9808,1.3566,631.0328,391.2782,-0.2914,620.8536,392.3262,-2.1192,611.1495,394.1334,-3.3262,601.2752,396.9935,-3.3909,591.7193,400.2573,-2.3686,582.2695,403.9133,-1.3339,572.8470,407.9198,0.4765,563.0591,411.2207,2.2455,553.8334,413.4806,3.5088,543.8984,414.5680,3.6352,533.3738,414.5572,2.7914,522.7223,413.8546,1.5257
240,642.6927,390.1419,2.2004,632.5202,391.2289,0.4563,622.4136,392.2953,-1.1926,612.7406,393.6578,-3.0427,602.8646,396.1043,-3.7654,593.1810,398.8632,-3.1382,584.0372,402.6071,-2.2025,574.3891,406.6383,-0.9077,564.9173,410.2298,1.0497,555.5455,413.1467,2.9045,545.6927,415.0751,3.7196,535.5315,415.4398,3.3203,525.2821,414.9402,2.4556
241,644.4057,390.4448,3.0742,634.3312,391.6981,1.6595,624.4690,392.3155,-0.2396,614.4562,393.4582,-1.9113,604.6046,395.1742,-3.0278,594.9932,397.4966,-3.7351,585.3444,401.0471,-3.1661,576.1153,405.2278,-1.9382,566.4579,409.2275,0.0733,557.2996,412.6082,1.9071,547.3508,415.1492,3.2654,537.5695,416.2187,3.7546,527.2801,416.4549,3.1211
242,646.2326,390.5991,3.3857,636.2885,391.5445,2.3624,626.6447,392.6121,0.9371,616.5638,393.2730,-0.6815,606.3718,394.8109,-2.5309,596.5020,397.1038,-3.3067,586.9322,399.7201,-3.4912,577.3743,403.4668,-2.6394,568.0703,407.6403,-1.0533,558.6488,411.9345,0.5453,549.3638,414.9945,2.4690,539.4288,416.8819,3.4651,529.4679,417.5690,3.4334
243,647.9962,390.5308,3.6764,638.3555,391.8911,3.6099,627.9670,393.2486,1.8972,618.1514,394.0069,0.5369,608.3793,394.8146,-1.5112,598.0436,396.0662,-2.9922,588.6383,398.7934,-3.4638,579.2510,402.2744,-3.2326,569.3675,406.2731,-2.0517,560.2860,410.3839,-0.4519,550.9047,413.9226,1.2238,541.1940,417.1096,2.9985,531.4884,418.2642,3.6505
244,649.6741,390.2502,3.2036,639.9070,392.1553,3.6240,630.1953,393.3222,2.9453,620.0932,394.1468,1.2669,610.0943,394.8836,-0.6492,599.9250,396.0832,-2.4080,590.1392,397.9636,-3.2345,580.7359,400.7769,-3.6200,570.9021,404.7720,-2.7195,561.7254,408.7756,-1.4499,552.5137,413.0540,0.3879,543.3270,416.3845,2.1431,533.4692,418.4840,3.3542
245,652.0546,390.0855,2.7868,641.8731,392.0289,3.5106,632.3911,393.7806,3.4655,622.1222,394.6920,2.2697,611.9229,395.1506,0.6991,601.7167,395.7154,-1.3356,591.9843,397.0994,-2.6378,582.0186,399.5288,-3.7515,572.7666,402.6600,-3.6867,563.3392,407.0717,-2.2041,554.0736,411.5131,-0.6039,544.7159,415.7079,1.1931,534.9619,418.7386,2.8985
246,653.5659,389.5298,1.9743,644.0225,391.9539,3.2765,633.7309,393.7007,3.7453,624.0518,394.9379,2.8940,613.7569,395.9502,1.7054,603.8875,396.2600,-0.0781,593.7901,397.0136,-1.7324,583.8739,398.7119,-3.0944,574.2178,401.5764,-3.7245,564.5362,404.9593,-3.2773,555.3660,409.6174,-1.6949,546.3092,414.2265,-0.0573,537.0982,417.8924,1.8124
247,655.1728,389.0272,0.9174,645.4548,391.9150,2.2623,635.8490,393.9808,3.4513,625.7277,395.3643,3.6341,615.8356,396.1074,2.2881,605.7434,396.3528,1.1637,595.4736,397.3617,-0.7159,585.6035,398.2920,-2.2031,575.7953,400.3977,-3.5285,566.1889,403.6888,-3.5175,556.5622,407.7056,-2.4028,547.8485,412.8121,-1.2492,538.1171,416.9471,0.7067
248,656.9971,388.1262,-0.0806,647.2150,391.1221,1.7972,637.6923,393.5845,2.5647,627.9929,395.5464,3.6312,617.6364,396.6809,3.1169,607.5622,396.8682,2.1285,597.5488,397.4738,0.4309,587.4004,398.1908,-1.7266,577.7543,400.0523,-3.1387,567.6994,402.2983,-3.4740,558.4326,406.0444,-3.1203,549.1908,410.5386,-2.0460,539.8726,415.3917,-0.2607
249,658.5169,387.3568,-1.2155,648.8871,390.7101,0.3641,639.1096,393.3042,2.2637,629.5308,396.0564,3.4007,619.8852,397.1861,3.6171,609.5026,397.9042,2.9217,599.2879,397.8543,1.5379,589.4281,398.6004,-0.5359,579.4224,399.2203,-2.2994,569.3960,401.5168,-3.3760,559.8318,404.5890,-3.4223,550.5690,408.7073,-3.0338,541.2891,413.2559,-1.3962
250,660.2807,386.3267,-2.2148,650.7272,389.4102,-0.3085,640.9963,392.4670,1.0842,631.4521,395.2881,2.7724,621.2292,397.1611,3.3227,611.7222,398.3539,3.3009,601.4859,399.0940,2.4501,591.4253,398.9716,0.5817,581.1634,399.3651,-1.2384,571.2069,400.8582,-3.0395,561.4388,403.1772,-3.2783,552.1351,406.7362,-3.4944,542.8904,411.4605,-2.4528
251,661.8271,385.7500,-2.9646,652.1239,388.3529,-1.6000,642.7313,391.9466,0.3128,633.0099,394.8177,1.7699,623.1493,397.2116,3.2983,613.5466,398.8587,3.3702,603.4911,399.6293,3.0574,593.2276,399.7799,1.7792,583.1490,399.6697,-0.0723,572.9564,400.6089,-1.7919,563.2420,402.5404,-3.2056,553.6457,405.0703,-3.4993,543.9982,409.5145,-3.2173
252,663.2734,384.7443,-3.3843,654.1148,387.5052,-2.6710,644.3179,390.6159,-1.1215,634.8160,393.8774,0.5349,624.9597,396.9359,2.3161,615.5537,399.1574,3.5560,605.4070,400.2520,3.3083,595.3537,400.7709,2.6031,584.8865,400.4024,0.9665,574.8673,401.1634,-1.0766,564.6450,401.8612,-2.5673,555.5413,403.8193,-3.2286,545.5112,407.5332,-3.5352
253,665.0020,384.0949,-3.5066,655.3466,386.7524,-3.3651,646.1389,389.7483,-2.1366,636.4440,392.9797,-0.5204,627.0988,396.2250,1.4568,617.0068,398.9617,2.6757,607.2071,400.6696,3.4099,597.3991,401.5189,3.3719,587.0668,401.4077,1.9160,577.1468,401.5235,0.2943,566.7788,402.0939,-1.3555,556.5470,403.2635,-2.7099,547.1305,405.9812,-3.7003
254,666.9281,383.2137,-3.1388,656.9779,385.5995,-3.5396,647.4860,388.5651,-2.8076,637.9902,392.0134,-1.5590,628.7302,395.1535,0.3939,619.1823,398.1724,2.5239,609.1425,400.7217,3.3328,599.4422,402.0266,3.6639,589.2831,402.6640,2.8763,578.7952,402.1109,1.2506,568.6032,402.1565,-0.3775,558.2806,402.8359,-2.0925,548.7081,404.8520,-3.2394
255,668.8185,382.9902,-2.8675,658.5267,384.8756,-3.6978,649.0846,387.4284,-3.2184,639.5491,390.7764,-2.1747,630.2206,394.3113,-0.5914,620.8876,397.8831,1.2025,611.1011,400.5893,2.9554,601.1496,402.5194,3.8599,591.0310,403.2535,3.6190,581.2130,403.4064,2.3771,570.6442,402.7506,0.4978,560.6159,403.0452,-1.2662,550.4996,404.2124,-2.8222
256,670.0451,382.5805,-1.9050,660.5587,384.2029,-3.0762,650.6674,386.8280,-3.4770,641.3574,389.5811,-3.3955,631.5747,392.8575,-1.6908,622.3403,397.0575,0.0146,612.6792,399.7735,2.3141,603.1463,402.6721,3.1127,593.0808,403.8403,3.2537,582.8710,404.2609,3.1000,572.8823,404.0489,1.6026,562.2955,403.6304,0.1569,552.3157,404.1146,-1.6589
257,672.2764,382.4654,-1.0362,662.4204,383.6816,-2.5103,652.2826,386.0756,-3.3765,642.7633,388.3553,-3.5679,633.3362,391.5339,-2.4727,624.0055,395.5128,-0.9431,614.5585,399.2454,0.9032,604.7358,402.1108,2.4909,594.7230,404.2581,3.2714,585.0337,405.1179,3.4430,574.5110,405.1712,2.6304,564.4825,404.7020,0.8705,554.3824,404.5007,-0.7397
258,673.8972,382.3050,0.3009,664.1131,383.6482,-1.3842,653.9481,385.2771,-3.1882,644.7139,387.5905,-3.3578,635.1158,390.4748,-3.2965,625.6267,394.0621,-2.0385,615.9456,397.8223,0.0460,606.6294,401.4269,1.3710,596.8496,404.2639,3.2475,587.2862,405.7490,3.8358,576.8782,406.2871,3.2722,566.4688,406.0246,1.9865,556.1171,405.1571,0.3907
259,676.0127,382.6458,1.3803,665.6966,383.8111,-0.3897,656.0228,384.7982,-2.3227,646.2303,386.6849,-3.2375,636.4972,389.4883,-3.4199,627.0835,392.8373,-2.9750,617.5191,396.8372,-1.3214,608.4104,400.2492,0.7229,598.4645,403.5107,2.0746,588.7164,406.2071,3.1903,578.9292,406.9725,3.3234,568.7042,407.0044,2.6581,558.4428,406.2590,1.0880
260,677.9279,382.6337,2.1446,667.6876,383.6607,0.6212,657.5957,384.9910,-1.1539,647.8309,386.5614,-2.7278,638.1674,388.4533,-3.5441,628.7103,391.4004,-3.2571,618.9779,395.0777,-2.4606,609.4877,399.2344,-0.8225,600.4156,403.0250,1.1742,590.7815,405.8834,2.9042,580.6663,407.6166,3.7118,570.6705,408.1206,3.2980,560.7262,407.7743,2.2851
261,679.8525,382.8458,3.1067,669.7706,384.2063,1.6466,659.9353,385.0580,0.0328,649.7810,386.2146,-1.8316,639.8204,387.9904,-3.1209,630.2430,390.1681,-3.3678,620.6757,393.9300,-2.9680,611.2254,397.7856,-1.8248,601.5996,401.5606,0.3091,592.2780,405.1392,2.0456,582.7712,407.5967,3.1678,572.6592,409.0290,3.6666,562.3634,408.7122,2.8181
262,681.5974,383.0881,3.5269,671.4270,384.0600,2.7132,661.1311,385.2263,0.9349,651.4344,386.3823,-0.7686,641.5772,387.3290,-2.7070,631.5878,389.1348,-3.4764,621.9679,392.3436,-3.5528,612.8260,396.1227,-2.6280,603.3759,400.1074,-0.9381,594.0172,404.5325,1.0284,584.5004,407.5846,2.3271,574.5816,409.1642,3.5787,564.6824,409.8527,3.6555
263,683.4117,382.8391,3.5660,673.4169,384.7724,3.2086,663.5481,385.4986,2.2747,653.2736,386.3858,0.2570,643.2851,387.2240,-1.3288,633.5691,388.6628,-3.0872,623.9034,391.3882,-3.7023,614.1257,394.4763,-3.4085,604.9896,398.6730,-2.0874,595.3193,402.8131,-0.4241,586.2611,406.7303,1.6610,576.4835,409.5328,3.1175,566.6625,410.9926,3.5701
264,684.9981,382.6838,3.5833,675.1459,384.7297,3.5733,665.3405,386.0368,3.0647,655.1928,386.6493,1.3830,645.0177,387.4320,-0.4146,635.2322,388.6638,-2.4605,625.5307,390.2467,-3.4918,615.9131,393.1837,-3.6393,606.6388,396.7864,-3.0153,596.9587,401.3182,-1.3565,587.7327,405.3406,0.3484,578.3052,408.6796,2.2995,568.4641,411.3389,3.3987
265,687.0221,382.6202,2.4210,677.2309,384.6598,3.7036,667.1402,386.0096,3.5436,657.1149,387.1743,2.1197,647.1278,387.7391,0.6087,637.0347,388.5573,-1.5193,627.0136,389.5259,-2.8925,617.2852,392.1351,-3.5834,607.9734,395.5760,-3.1697,598.4996,399.0888,-2.2748,589.4366,403.7801,-0.7261,579.9981,408.0885,1.3132,570.4028,410.7680,2.8703
266,688.6127,382.4519,2.1524,678.9650,384.7380,3.0739,669.2095,386.4338,3.7312,658.9527,387.8243,3.1119,649.2625,388.1116,1.7013,638.9541,388.7046,-0.1487,629.0402,389.9199,-2.1215,618.9683,390.9939,-3.2125,609.4162,394.1012,-3.6765,599.7360,397.6538,-3.0019,590.7052,402.5181,-1.4530,581.4398,406.7644,0.2126,572.2613,410.5517,1.8831
267,690.2683,381.3816,0.8590,680.6279,384.0680,2.5357,670.7590,386.2453,3.7720,660.7652,388.0089,3.5306,650.9109,388.8208,2.4090,640.9403,389.1322,0.9862,630.7892,389.7986,-0.7539,621.0312,390.7591,-2.5042,611.1338,393.0528,-3.6833,601.4942,396.3002,-3.2329,591.9197,400.5337,-2.7894,582.9887,404.9781,-1.0947,573.5919,409.3684,1.0048
268,692.0663,380.8845,-0.4426,682.3683,383.4407,1.5938,672.8456,386.3110,2.9949,663.0920,387.8108,3.6159,652.8763,389.3018,3.1715,642.8874,389.9970,2.2194,632.7334,389.9849,0.3885,622.6219,390.7333,-1.6355,612.6099,392.2795,-2.8055,603.2199,394.7820,-3.8390,593.3680,398.6125,-3.3928,584.3835,403.1069,-1.8948,574.8259,407.7427,-0.2470
269,693.6827,379.8892,-1.4705,684.1004,383.0710,0.3530,674.5982,385.8847,2.1490,664.7898,387.9428,3.3891,654.7934,389.4442,3.6709,644.9054,390.4841,2.5836,634.4406,390.6141,1.2672,624.5224,391.0296,-0.5413,614.2471,392.1413,-2.0852,604.9140,393.7209,-3.5422,595.0651,396.8374,-3.5825,585.8303,401.2454,-3.1308,576.5222,405.9457,-1.0874
270,695.4937,378.8833,-2.2669,686.0548,382.0989,-0.6467,676.6023,385.1909,1.3458,666.6874,387.7460,2.7617,656.7595,389.9155,3.5600,646.7035,390.9536,3.4615,636.7374,391.2157,2.4865,626.6848,391.5934,0.6945,616.5863,392.1375,-1.2129,606.2559,393.5466,-2.7273,596.6326,395.6273,-3.5677,586.9883,399.4011,-3.1930,577.9515,404.0270,-2.3518
271,697.0222,378.0214,-2.9567,687.4301,381.3051,-1.8185,677.9336,384.6363,0.3351,668.1700,387.2653,2.0569,658.5231,389.7684,3.2034,648.5929,391.3778,3.4665,638.8181,392.2266,3.1238,628.6506,392.3179,1.7122,618.4475,392.2662,-0.2021,608.0820,393.3439,-1.8356,598.3393,394.9251,-2.9132,588.6426,397.7510,-3.4670,579.5769,401.6608,-3.0167
272,698.5814,377.1272,-3.4822,688.9603,380.0195,-2.4681,679.6183,383.4267,-1.1393,669.9497,386.8100,0.8724,660.4039,389.1745,2.3712,650.5838,391.4745,3.3508,640.6061,392.5766,3.7918,630.1501,393.2206,2.6289,620.2484,393.0301,1.0026,610.0217,393.3564,-0.9548,599.7233,394.4814,-2.3430,590.3744,396.6487,-3.2211,580.6148,400.0712,-3.6396
273,700.3148,376.3613,-3.4372,690.6097,379.4016,-3.3197,680.9876,382.1274,-2.1144,671.5986,385.5548,-0.3582,662.0909,388.6503,1.4162,652.3234,391.4241,2.6384,642.6597,393.3704,3.4849,632.5697,393.8729,2.9598,622.2756,394.1911,2.0283,612.1113,394.0023,0.3862,601.9166,394.4223,-1.3587,591.8802,395.7097,-2.8244,582.4389,398.5856,-3.4748
274,701.9664,375.7445,-3.5727,692.0998,378.1198,-3.2911,682.8900,380.9816,-2.9130,673.4486,384.4170,-1.2891,663.5471,387.8990,0.5706,654.2265,390.9961,2.0904,644.4397,393.3511,3.3933,634.3037,394.5779,3.4323,624.3798,394.7460,2.7946,614.3682,394.9638,1.1936,603.7763,394.7751,-0.4005,593.3480,395.6759,-2.0642,584.0314,397.4555,-3.2418
275,703.7148,375.3620,-2.7833,693.8625,377.3721,-3.6122,684.2558,379.9932,-3.3854,674.7029,383.2672,-2.4472,665.4811,386.7984,-0.4631,655.5647,390.2152,1.4297,645.9297,393.3473,2.6580,636.3459,394.6625,3.3825,626.3033,395.8260,3.1639,615.9999,395.7387,2.2995,605.8970,395.4157,0.7573,595.5519,395.4215,-1.1816,585.8698,397.1063,-2.7581
276,705.5181,375.0984,-1.9023,695.7132,376.6081,-3.1102,686.1392,379.1277,-3.4786,676.5061,382.1227,-2.7182,666.9168,385.6117,-1.7228,657.6646,389.4875,0.1819,647.9627,392.7433,2.1767,638.2162,395.2190,2.9151,628.5530,396.3917,3.4285,618.2099,396.9584,2.8797,607.9363,396.4853,2.0088,597.6953,396.3817,0.0820,587.5531,396.5776,-2.1558
277,707.5420,375.1114,-0.7907,697.5515,376.3974,-2.9090,687.5682,378.4200,-3.2643,678.3143,381.0501,-3.4190,668.4066,384.2625,-2.9097,658.7679,387.8566,-1.3533,649.5845,391.4240,1.0279,640.0139,394.6348,2.5763,630.0926,396.7129,3.3964,620.1081,397.6764,3.5511,610.1628,397.7329,2.8144,599.6832,397.1662,0.9780,589.5562,396.9058,-0.7012
278,709.1809,374.7432,0.1853,699.3019,376.3679,-1.4414,689.4848,377.9690,-2.7307,679.6119,380.0870,-3.6927,670.0419,383.1277,-3.2568,660.5180,386.8061,-2.2022,651.2957,390.4488,-0.2549,641.6555,394.2214,1.6493,632.1178,396.7539,2.9378,622.2871,398.3518,3.8787,612.1117,398.7743,3.2006,601.6467,398.1130,2.0312,591.3023,397.9805,0.0565
279,711.1759,375.0628,1.3191,701.1949,376.0118,-0.5946,691.1503,377.4078,-2.3433,681.4473,379.0641,-3.2739,671.9068,381.6575,-3.5726,662.1937,385.2483,-2.8240,652.6535,389.1125,-1.3472,643.5226,393.1212,0.5264,633.9039,396.1144,2.1360,623.9384,398.6238,3.5633,614.1280,399.3117,3.3460,604.0067,399.5020,2.7310,593.6878,399.1719,1.5501
280,712.9281,375.3703,2.3315,703.0156,376.3248,0.4775,692.8489,377.2641,-1.4543,683.2487,378.8065,-2.6085,673.2018,381.1801,-3.6678,664.1150,384.1769,-3.5624,654.4424,387.5831,-2.5467,645.0447,391.8192,-0.6750,635.6677,395.4353,1.5014,625.7420,398.6766,2.6757,616.1638,400.4509,3.5451,605.8412,400.3872,3.7149,595.7355,400.1380,2.3460
281,714.5943,375.2952,3.0797,704.9595,376.4908,1.7902,694.7650,377.5220,-0.0656,684.8876,378.6263,-1.8945,675.2388,380.3666,-3.2952,665.1933,382.8546,-3.8228,655.8686,386.1200,-3.3709,646.3065,389.9386,-1.7652,636.8346,394.2850,0.1635,627.6102,397.6565,1.9487,617.5914,400.3251,2.9556,607.8053,401.4843,3.7544,597.7918,401.4079,2.8576
282,716.7640,375.7011,3.5108,706.6288,376.6084,2.8302,696.5495,377.5071,1.1844,686.5987,378.6274,-0.7906,676.8002,380.0178,-2.6126,667.1584,381.8011,-3.4034,657.1680,385.0506,-3.1253,648.0348,388.5401,-2.5520,638.4938,392.5089,-1.0596,629.2450,396.7100,0.8005,619.8612,399.7188,2.6270,609.8903,401.7599,3.3919,599.6238,402.5667,3.6419
283,718.5333,375.5312,3.4645,708.6529,377.2168,3.0237,698.4895,377.8648,2.0632,688.4604,378.7972,0.1184,678.5415,379.8187,-1.9832,668.5340,381.2460,-3.0198,658.8978,383.5336,-3.2920,649.3843,387.0386,-3.1456,639.8845,391.1067,-2.0055,630.7699,395.4639,-0.4010,621.3747,399.3454,1.4256,611.7247,402.0574,2.9015,602.0648,403.2217,3.5658
284,720.3674,375.4121,3.2390,710.7300,377.0529,3.4861,700.8091,378.4179,2.8415,690.5740,379.3370,1.4901,680.3327,379.7332,-0.5563,670.8466,380.9118,-2.3152,660.7585,382.5880,-3.3552,650.8346,385.6590,-3.5504,641.5368,389.5549,-2.6295,632.2539,393.8963,-1.4542,623.0162,397.9883,0.7184,613.3601,401.4372,2.2260,603.8291,403.6530,3.1573
285,721.9093,375.1850,2.6168,712.4592,377.2647,3.5353,702.6035,378.3801,3.3593,692.4558,379.8471,2.1997,682.4726,380.2014,0.4714,672.2830,380.6811,-1.2625,662.5730,382.0342,-2.9545,652.5650,384.4837,-3.5685,643.1174,387.8522,-3.3446,633.7347,392.2550,-2.1894,624.4541,396.4852,-0.6036,615.0872,400.5804,1.1692,605.7648,403.6656,2.5766
286,723.8176,374.5412,1.6369,714.4180,377.1919,3.1862,704.2657,379.0036,3.3580,694.4379,380.0773,3.2815,684.2412,380.5714,1.9834,674.2430,381.4103,-0.1616,664.0217,382.0409,-1.7875,654.7058,383.7046,-3.0842,644.5599,386.7531,-3.3916,635.2668,390.3887,-2.9356,625.4918,394.9415,-1.2965,616.7229,399.0119,0.0584,607.2729,403.2765,2.0408
287,725.7648,374.0569,0.8095,716.0562,377.1725,2.4110,706.1635,379.0362,3.6775,696.2818,380.2313,3.2847,686.3864,381.0394,2.6940,676.0644,381.8047,1.2444,666.2088,382.4649,-0.9272,655.9576,383.5220,-2.7273,646.4476,385.3053,-3.4532,636.8033,388.5722,-3.4114,627.3488,392.8490,-2.4146,618.0617,397.6368,-0.8453,609.1305,401.6532,1.0104
288,727.4438,373.2286,-0.3942,717.5316,376.3087,1.7317,708.2080,378.7101,2.9403,697.8219,380.5409,3.6921,688.0458,381.6571,3.3599,678.1707,382.2630,1.7079,667.8352,382.4669,0.4490,657.6395,383.3635,-1.4499,648.0172,384.6998,-2.6685,638.1513,387.3145,-3.4787,628.9315,391.0372,-3.3477,619.6135,395.2487,-2.2929,610.4705,399.8872,-0.3307
289,728.9479,372.2816,-1.4366,719.4528,375.4075,0.1208,709.8479,378.3372,2.2127,699.8882,380.3233,3.6338,690.1155,382.2652,3.6326,680.0527,383.1486,3.0292,670.0912,383.1192,1.2068,659.9293,383.5887,-0.5131,649.6029,384.2349,-2.0449,639.9261,386.2286,-3.3727,630.1742,389.4003,-3.6941,621.0756,393.7367,-2.8630,612.0809,398.4276,-1.4278
290,730.6685,371.6053,-2.4965,721.3099,374.6054,-0.7306,711.6384,377.7846,1.5121,701.9542,380.2362,2.7594,691.9994,382.4531,3.2960,682.1186,383.4190,3.2005,671.6937,383.8028,2.3932,661.8165,384.1427,0.7738,651.5040,384.6397,-1.1421,641.5942,385.6669,-2.8804,631.7975,388.2414,-3.5532,622.2356,391.9216,-3.2859,613.0559,396.5614,-2.2173
291,732.2562,370.4869,-2.8687,722.6488,373.8413,-1.7103,712.6250,376.6521,0.2350,703.6092,379.9659,2.0657,694.0816,382.2255,3.3090,684.0709,383.7609,3.6871,674.0561,384.8033,3.3419,664.0769,384.8890,1.6253,653.6255,384.9993,0.0007,643.4770,385.3611,-1.9848,633.4488,386.9740,-3.0917,624.2083,390.0995,-3.4496,614.4129,394.3063,-3.0728
292,733.9595,369.8985,-3.5497,724.3280,372.5592,-2.5452,714.5791,375.7737,-1.0155,704.9201,379.1456,0.8550,695.5053,381.9104,2.4865,686.0796,383.9855,3.2565,675.8726,385.4955,3.4533,665.7405,385.5271,2.4739,655.5892,385.7365,1.0252,645.2766,386.0223,-0.9687,635.4071,386.8836,-2.6659,625.4480,388.8532,-3.4172,616.1025,392.4374,-3.5608
293,735.4983,368.9696,-3.5489,725.9768,371.7684,-3.2008,716.5334,374.5714,-2.1022,706.9075,378.0812,-0.0612,697.1489,381.4369,1.8275,687.5254,383.8441,3.2322,677.7925,385.5304,3.4869,667.8140,386.6126,2.8711,657.4991,386.4584,2.3056,647.2926,386.5926,0.1383,637.1002,386.4657,-1.4203,627.3877,388.1984,-3.1518,617.9573,390.9356,-3.5743
294,737.4260,368.3625,-3.4503,727.8838,370.4775,-3.4912,717.8765,373.6204,-2.7952,708.2144,377.0672,-1.1825,698.8948,380.6372,0.5955,689.4758,383.3753,2.0871,679.7081,385.8690,3.3624,669.4460,387.2030,3.4011,659.7726,387.7739,3.0578,649.2875,387.3879,1.1016,639.0370,387.6212,-0.7852,629.0540,387.9361,-2.1318,619.1198,390.0203,-3.3403
295,738.8583,367.7044,-2.6856,729.0162,370.0256,-3.8694,719.8077,372.4189,-3.1693,710.3048,375.7962,-2.0868,700.6109,379.4438,-0.4015,691.0429,382.9293,1.1092,681.6948,385.5069,2.9243,671.6609,387.5555,3.2487,661.5757,388.3736,3.4548,651.2848,388.4635,2.2888,640.9164,388.0878,0.6235,630.7585,387.9562,-1.0793,620.8020,389.2277,-2.5522
296,740.7521,367.5992,-1.9791,730.8558,369.0625,-2.9267,721.2850,371.6901,-3.5982,711.5063,374.6704,-3.2096,702.2104,378.2211,-1.7263,692.8043,381.8759,0.1780,682.9517,384.9361,1.8896,673.6640,387.5018,3.2059,663.5620,388.8548,3.6509,653.1824,389.1819,3.3271,643.2697,388.9481,1.7677,632.7878,388.5935,-0.0860,622.5991,389.3463,-1.9348
297,742.5045,367.4255,-0.8968,732.8150,368.9917,-2.6336,723.0039,371.0396,-3.4040,713.3969,373.4420,-3.3347,703.7429,377.0342,-2.5587,694.3686,380.3059,-1.1947,684.8442,384.0117,0.6818,674.8817,387.0362,2.5312,665.2823,389.3237,3.1818,655.7234,390.3274,3.1309,644.9062,390.1354,2.3382,634.7806,389.7424,0.7039,624.7249,389.5115,-1.0813
298,744.6527,367.5373,0.1596,734.6533,368.5807,-1.8321,724.5907,370.3126,-2.9959,714.8721,372.5907,-3.6166,705.3233,375.7555,-3.2445,695.9491,379.1483,-2.1373,686.2153,383.0789,-0.2333,676.7543,386.3261,1.8167,667.3530,389.1309,2.9954,657.3011,390.7637,3.6222,647.0374,391.0040,3.2730,636.7875,390.9532,1.9811,626.5974,390.4204,0.2904
299,746.4466,367.4518,1.4094,736.4298,368.6136,-0.5445,726.4523,370.0938,-2.3069,716.6341,371.7019,-3.5677,706.9812,374.4456,-3.7124,697.2460,377.8761,-2.8006,688.1226,381.6909,-1.4157,678.7217,385.7863,0.4822,668.9659,388.7565,2.1352,659.0916,391.0142,3.3351,649.1611,392.1925,3.9716,639.1069,391.8746,2.8385,628.7875,391.4017,1.3597
300,748.2497,367.5845,2.4070,738.0903,369.0488,0.5363,727.9381,369.9699,-1.4144,718.8685,371.5099,-2.6444,708.4033,373.6111,-3.4295,698.9131,376.4296,-3.4911,689.5828,380.2902,-2.3913,680.1038,384.3179,-0.4399,670.7082,387.8653,1.3222,660.8172,390.7646,2.6309,651.1737,392.6297,3.7090,641.4446,393.3333,3.3318,630.8571,392.5889,2.3715
301,750.0263,367.9896,3.2065,740.0156,369.2028,1.7950,729.9998,369.8276,0.1177,719.9279,371.3530,-1.6048,710.2893,372.8392,-3.1994,700.3980,375.4917,-3.6850,691.0263,379.0585,-3.0265,682.0328,382.9449,-1.5664,672.4035,387.0291,0.0881,662.7384,390.2333,1.7319,652.9928,392.6735,3.3319,643.2165,393.8859,3.5186,632.8106,393.7551,2.9006
302,751.6941,368.0488,3.5540,741.9057,369.2882,2.6719,732.0554,370.1446,1.0570,721.9555,370.8222,-0.6865,712.0596,372.4433,-2.4080,702.3887,374.2339,-3.1020,692.5031,377.2258,-3.7699,683.0210,381.1392,-2.6739,673.6297,385.3870,-1.3064,664.2771,389.5710,0.9340,654.8635,392.4709,2.5265,645.1836,394.4314,3.4896,635.0280,394.9476,3.4087
303,753.9600,367.8924,3.6047,743.6870,369.3196,3.0930,733.7899,370.5636,2.2226,723.7353,371.2686,0.2109,714.0383,372.3615,-1.6347,703.9819,373.7184,-2.9200,694.0249,376.0199,-3.6577,684.6139,379.4877,-3.2924,675.3147,383.5247,-1.8577,666.0744,387.8871,-0.2341,656.7428,391.8306,1.6940,646.8536,394.7289,2.9245,637.1627,395.8897,3.5846
304,755.7175,367.7733,3.0497,745.9674,369.7831,3.5650,735.8401,370.7873,3.0835,725.7500,371.5284,1.5163,715.8251,372.6090,-0.7603,705.6217,373.3984,-2.1286,696.0161,375.2963,-3.3839,686.2784,378.3395,-3.3823,676.5963,381.8143,-2.8404,667.4121,386.4953,-1.4279,658.2455,390.4168,0.8481,648.5902,393.8876,2.5200,639.2452,396.1480,3.2558
305,757.3935,367.6208,2.7519,747.5981,369.9056,3.4159,738.0042,370.9009,3.1376,727.8022,372.1499,2.4918,717.7843,372.7306,0.3608,707.6080,373.4227,-1.1760,697.3551,374.7337,-2.6912,687.8595,377.0571,-3.4267,678.2871,380.4954,-3.4333,668.9463,384.2088,-2.2253,659.8197,388.8762,-0.8557,650.3998,393.0520,1.1988,640.8128,395.9709,2.6311
306,759.0522,367.0498,2.0770,749.5840,369.5156,3.1917,739.8983,371.3417,3.5331,729.6931,372.6823,3.0454,719.5650,373.1422,1.5015,709.4388,373.8819,-0.2803,699.4327,374.3649,-1.8909,689.5693,376.5086,-3.1785,679.7473,378.9792,-3.4468,670.2790,383.0339,-3.3863,660.9680,387.3506,-1.6155,651.7858,391.6710,-0.0000,642.4519,395.6337,1.6522
307,760.9652,366.5945,0.8578,751.3957,369.3912,2.5039,741.5924,371.2242,3.3384,731.7175,373.0566,3.4451,721.2778,373.8072,2.4701,710.9987,374.1501,0.8482,701.3669,374.5092,-1.0077,691.4359,375.8120,-2.3074,681.6464,377.8442,-3.2866,672.0703,381.1436,-3.6892,662.7587,385.2567,-2.3779,653.4767,389.8506,-1.3511,644.0042,394.4122,0.6698
308,762.5435,365.5489,-0.0663,752.9335,369.0476,1.6268,743.4930,371.4231,3.0584,733.1651,373.1748,3.4977,723.4702,374.1185,3.3505,713.2872,374.7477,2.0343,702.7117,375.2582,0.2358,693.3395,375.8676,-1.3230,683.0384,377.2423,-3.0938,673.5755,380.0005,-3.8561,664.1483,383.5093,-3.4218,654.6352,388.1811,-2.1110,645.6001,392.7268,-0.2954
309,763.9504,364.8358,-1.1925,754.6462,368.1008,0.4727,745.2050,370.6535,2.4302,735.4346,372.9554,3.4635,725.3037,374.7910,3.6936,715.4766,375.3000,2.6067,705.0320,375.5993,1.3188,694.9393,375.9844,-0.3238,685.0488,377.0833,-2.3178,675.1026,379.1225,-3.4830,665.5323,382.0708,-3.5992,656.4940,386.1176,-2.7458,646.9336,390.8849,-1.3813
310,765.9685,363.9847,-2.1363,756.2911,367.0320,-0.7360,746.3918,370.1864,1.3369,737.0115,372.8964,2.9677,727.2257,374.8662,3.5454,717.2727,375.7769,3.1997,706.9544,376.5571,2.1785,696.8664,376.7459,0.4702,686.5793,376.8350,-0.9785,676.8050,378.1816,-3.1628,667.1660,380.5996,-3.7648,657.9143,384.4828,-3.4361,648.1932,389.2302,-2.1218
311,767.6738,363.1795,-3.0663,757.7998,366.0985,-1.4352,748.3067,369.1698,0.1109,738.6508,372.6109,1.7120,728.9056,374.7541,2.9640,718.7594,376.2604,3.4067,709.1519,377.3707,3.1249,698.7676,377.3746,1.7840,688.7042,377.3166,-0.1895,678.7736,378.1859,-1.8449,668.7134,379.7868,-3.2257,659.1449,382.5830,-3.3692,649.7638,386.8887,-3.2263
312,769.0059,361.8579,-3.3907,759.4915,364.9231,-2.5390,749.9064,368.2303,-1.2762,740.3072,371.6898,0.8367,730.6022,374.4157,2.4890,721.0632,376.3984,3.3083,711.0311,377.8401,3.6995,700.9128,377.9507,2.5491,690.7083,378.0860,0.7955,680.3868,378.4286,-0.7787,670.4168,379.2171,-2.4485,660.8070,381.7347,-3.5237,651.4310,385.0348,-3.6883
313,770.9127,361.5268,-3.4856,761.2451,364.1858,-3.3204,751.2803,367.1704,-2.0185,741.9863,370.7147,-0.0463,732.5131,373.7260,1.7838,722.8332,376.4638,2.6467,712.7420,378.3211,3.6434,703.1370,379.3046,3.2243,692.7426,379.0395,2.0422,682.6650,378.8790,0.4954,672.0724,379.4433,-1.3786,662.4813,380.8674,-3.1522,653.0537,383.7119,-3.6967
314,772.2105,360.6721,-3.4189,762.4782,363.2304,-3.4894,753.1980,366.1247,-2.6602,743.7230,369.8860,-1.4478,734.2322,372.8641,0.4586,724.7471,376.1180,2.3754,715.0146,378.2087,2.9242,704.6085,379.9045,3.3956,694.9491,379.8934,2.7158,684.6318,379.9822,1.4822,674.2172,379.9120,-0.4760,664.4917,380.5367,-2.0697,654.1931,382.6741,-3.0945
315,774.1053,360.5518,-2.8799,764.4864,362.3563,-3.7638,754.7697,365.0198,-3.2193,745.1006,368.2674,-2.4676,735.9120,371.9378,-0.5062,726.2021,375.3371,1.3735,716.6150,378.0530,2.7781,706.9112,379.9821,3.3534,696.7173,380.6401,3.8245,686.6099,380.5708,2.2612,676.1216,380.9086,0.7257,666.0251,380.8510,-1.0729,655.9992,381.6258,-2.9439
316,775.9689,360.0554,-1.9336,766.2534,361.8577,-3.1864,756.5758,363.8820,-3.6112,746.6702,367.2239,-2.9265,737.2706,370.3534,-1.3972,728.1353,374.4800,-0.0293,718.4841,377.6083,1.9596,708.8998,380.3623,3.2086,698.8301,381.6464,3.6110,688.6195,381.8287,3.3310,678.5597,381.1774,1.9759,668.0418,381.0740,0.0874,658.0045,381.6888,-1.8966
317,778.0511,360.0571,-0.9706,767.6448,361.2734,-2.5672,758.0399,363.5564,-3.6279,748.4241,366.2779,-3.6285,739.0181,369.3187,-2.2767,729.5734,372.9155,-1.1690,719.9238,376.5058,1.0057,710.2571,379.7828,2.5320,700.8876,381.9938,3.6730,690.5524,382.6717,3.3267,680.7385,382.6383,2.8208,670.2405,382.1430,0.8791,659.8173,381.9767,-0.8950
318,779.8759,360.1467,0.5319,769.4667,361.0282,-1.6315,760.1769,363.1686,-3.0516,750.1071,365.1301,-3.3095,740.6139,368.3474,-3.1999,730.9514,371.6037,-2.1254,721.7690,375.6939,0.0800,712.2512,379.0404,1.4755,702.5406,381.8372,2.6489,692.4622,383.0648,3.8995,682.6056,383.6265,3.3044,672.3900,383.2731,2.0732,661.8399,382.8886,0.2976
319,781.6269,359.9849,1.2198,771.5857,361.1286,-0.4895,761.7852,362.4009,-2.2403,751.8240,364.3313,-3.3967,741.9678,366.7666,-3.6104,732.7704,370.6469,-2.8983,723.2555,374.2669,-1.2884,713.6430,378.1369,0.5944,704.0183,381.3466,2.2841,694.3751,383.3760,3.5294,684.6026,384.8489,3.3783,674.2015,384.4281,2.7187,663.8185,383.9315,1.1275
320,783.3081,360.1532,2.4840,773.4008,361.3706,0.5898,763.2799,362.3359,-1.0934,753.6755,364.0188,-2.4045,744.0570,366.0164,-3.5650,734.1853,369.0531,-3.4638,724.4954,372.7764,-2.4232,715.3204,376.4694,-0.4662,705.7018,380.7192,1.0877,696.3895,383.3397,2.5918,686.3536,385.1921,3.4746,676.4814,385.5904,3.2848,666.0554,385.2878,2.4232
321,785.5761,360.3003,2.8811,775.4547,361.4099,1.7095,765.1238,362.3918,-0.2007,755.3408,363.6501,-1.9751,745.3341,365.4436,-3.4000,735.7218,367.8314,-3.5591,726.4395,371.3369,-2.9335,716.7779,375.2052,-1.9122,707.5871,379.0827,0.2650,697.9940,383.0126,1.8215,688.3012,385.0387,3.3268,678.4152,386.5923,3.3020,668.2021,386.6870,3.3104
322,787.0134,360.8483,3.3085,777.0399,361.9484,2.4359,767.1831,362.6360,1.2970,757.1520,363.8727,-0.7689,747.0630,365.1904,-2.4710,737.4822,367.0074,-3.1789,727.5914,370.1486,-3.7384,718.2383,373.4184,-2.5578,709.0206,377.8655,-1.2972,699.5357,381.8572,0.9912,689.9082,384.9130,2.5996,680.4662,386.5006,3.5402,670.0970,387.2468,3.7137
323,788.9647,360.6430,3.7204,779.0940,361.9538,3.1312,769.1796,363.0474,2.0451,758.9157,363.5489,0.4383,748.9157,364.8878,-1.2830,739.4621,366.2381,-3.2660,729.2734,369.0580,-3.6147,719.9682,372.1562,-3.2851,710.6771,376.4611,-1.6378,701.2684,380.2038,-0.1297,691.7604,384.1127,1.2171,682.3300,387.0533,2.9890,672.2000,388.4636,3.4921
324,790.9542,360.6762,3.3787,781.0800,361.8684,3.5232,770.6711,363.4135,2.9459,760.9734,364.1101,1.5083,750.8269,364.8993,-0.4944,740.6239,365.9249,-2.1951,730.9797,367.8465,-3.1274,721.4142,370.7443,-3.5953,711.7844,374.7463,-2.8706,702.7393,378.7089,-1.5592,693.2440,383.2584,0.6535,683.6877,386.3811,2.2867,674.3696,388.6349,3.1709
325,792.5344,360.0976,3.0834,782.8681,362.1988,3.4781,772.7893,363.6301,3.3811,762.9732,364.3568,2.3653,752.8153,365.1602,0.6937,742.7976,365.7247,-1.2113,732.7632,367.5961,-2.7305,723.1863,369.4703,-3.4272,713.7029,373.0656,-3.5057,704.3675,376.8956,-2.2590,694.9478,381.4820,-0.7277,685.5369,385.5005,1.5343,676.1623,388.8686,2.7598
326,794.3380,359.7197,2.0178,784.6857,361.9181,3.1442,774.9298,364.3218,3.5222,764.7468,364.9975,3.2754,754.7567,365.6638,1.7027,744.6260,366.2779,-0.0300,734.6922,367.2705,-1.6727,724.6738,368.8024,-3.2324,715.1272,371.6992,-3.5088,705.6501,375.2167,-3.2075,696.2265,379.6585,-1.7309,687.2446,384.3160,-0.0994,677.4523,387.9286,2.0139
327,796.0177,359.0491,0.8096,786.5176,361.7981,2.4736,776.4232,363.9513,3.4029,766.7448,365.1758,3.7417,756.6956,366.4163,2.6995,746.6741,366.6346,0.9040,736.2383,367.3562,-0.8173,726.5487,368.2443,-2.5043,716.5167,370.2484,-3.4582,706.9363,374.2656,-3.4216,698.0043,378.0585,-2.5572,688.4098,382.5590,-0.7413,679.1339,387.0107,0.8354
328,797.8509,358.1863,-0.1010,788.3104,361.1754,1.5883,778.5155,363.8424,3.1925,768.5944,365.6026,3.6056,758.6829,366.5455,3.3324,748.6971,367.3341,2.0799,738.3032,367.7078,0.2415,728.3141,368.2184,-1.4922,718.5600,369.7435,-2.9566,708.8796,372.3737,-3.7483,699.3614,376.1017,-3.1869,690.0028,380.6949,-2.0321,680.7047,385.4560,-0.2847
329,799.4812,357.6724,-1.4491,789.7810,360.4925,0.4629,780.2665,363.1738,2.0446,770.3795,365.6568,3.4192,760.6392,367.1117,3.2972,750.5890,367.8328,2.8942,740.3289,368.1140,1.4057,730.2197,368.7226,-0.4628,720.4555,369.3614,-1.9029,710.5957,371.3552,-3.5205,700.7098,374.4761,-3.4798,691.5345,378.8025,-3.1094,681.9325,383.4829,-1.1555
330,801.0423,356.7772,-2.4877,791.4686,359.7847,-0.6099,782.0950,362.8329,1.1809,772.1933,365.1754,2.7650,762.7266,367.1189,3.5277,752.6184,368.5555,3.1236,742.3172,369.0574,2.3493,732.1012,369.1514,0.8441,721.8811,369.8232,-1.3088,712.0600,370.7921,-2.6230,702.5442,373.2067,-3.8166,692.8300,376.6468,-3.6845,683.5798,381.4061,-2.3446
331,802.4214,355.6732,-2.8038,793.0359,358.8922,-1.9414,783.6802,361.9717,0.1269,773.9908,364.9020,1.7547,764.0573,367.4607,3.2551,754.4544,368.8751,3.4638,744.1870,369.4789,2.9159,734.2349,369.9620,1.6579,724.1759,369.9246,-0.0931,714.1165,370.9231,-1.6872,704.2013,372.1888,-3.2221,694.3006,375.5089,-3.7988,684.9903,379.3521,-3.1762
332,804.1890,354.9699,-3.3752,794.7402,357.4382,-2.6722,785.2188,360.8310,-1.0150,775.5726,364.1777,0.8864,766.1412,367.1355,2.5980,756.2201,369.1081,3.0571,746.2107,370.4281,3.4956,735.9807,370.5289,2.5431,725.8393,370.5968,1.1556,715.9816,370.9674,-1.0148,705.9811,372.0926,-2.5034,696.0868,373.9473,-3.6099,686.7764,377.6901,-3.4879
333,806.0425,353.9745,-3.4837,796.5168,356.8696,-3.3711,786.7904,359.7897,-2.2420,777.5408,363.1983,-0.4808,767.7565,366.3131,1.3929,758.2705,369.0335,3.0315,748.4101,370.9344,3.6012,738.0359,371.4127,3.3108,727.9051,371.6243,2.1996,717.9318,371.3767,0.2203,707.7627,371.7914,-1.5781,697.7124,373.4826,-3.0484,688.1308,376.0490,-3.5154
334,807.6984,353.3644,-3.5088,797.8570,355.5555,-3.5772,788.4131,358.7138,-2.7578,778.6586,362.1275,-1.4260,769.1750,365.3945,0.6062,759.6312,368.7660,2.0302,750.0531,370.8656,3.1991,739.9964,372.1954,3.4899,729.8632,372.4816,2.8608,719.8326,372.2665,1.5073,709.4610,372.0704,-0.6385,699.4680,373.0024,-2.5488,689.4163,374.9545,-3.2733
335,809.2351,352.9244,-2.7764,799.6661,354.9316,-3.4970,790.0199,357.7335,-3.3767,780.6414,360.8666,-2.3701,770.6300,364.5307,-0.5493,761.2668,367.5038,1.2175,751.7379,370.5844,2.9680,742.0431,372.5250,3.6046,732.0646,372.9809,3.4782,722.1206,373.3064,2.4745,711.6557,373.3272,0.5534,701.5625,372.9417,-1.1915,691.3878,374.2706,-2.9167
336,811.4025,352.4292,-1.9066,801.4068,354.2749,-3.1964,791.6125,356.5711,-3.7148,782.1534,359.8316,-3.0196,772.4966,363.2015,-1.3770,763.1620,366.6002,-0.1973,753.7750,369.9133,1.8824,743.8074,372.5160,3.3979,734.0750,373.9188,3.4968,723.5854,374.3723,3.0554,713.2886,373.9556,1.4782,703.1933,373.8493,-0.3486,693.1324,374.0578,-1.7801
337,813.1173,352.5372,-1.0343,802.9026,354.1480,-2.5238,793.1405,355.8023,-3.2653,783.5051,358.6748,-3.7930,774.4626,361.8997,-2.6786,764.5690,365.3109,-1.0679,755.1239,369.2662,0.8491,745.6788,372.3101,2.6882,735.7919,374.0889,3.5155,725.7275,374.8948,3.3087,715.9134,375.2462,2.5852,705.2012,374.9001,0.9892,694.7657,374.1878,-1.0487
338,814.9585,352.2015,0.0357,805.0940,354.0442,-1.8839,794.8711,355.2805,-3.0831,785.2539,357.2668,-3.7024,775.7107,360.4022,-3.1978,766.1003,364.1091,-1.7647,756.6094,368.3030,-0.5324,747.3352,371.5723,1.7090,737.5120,374.3620,3.1491,727.9617,375.5071,3.6724,717.7728,376.1481,3.5051,707.3989,375.7838,2.0166,697.1031,375.3970,0.3640
339,816.7156,352.3554,1.5107,806.6945,353.6673,-0.4815,796.7846,355.0690,-2.1963,787.0893,357.0965,-3.2320,777.3721,359.6349,-3.6135,767.7204,362.9757,-2.8818,758.2881,366.6170,-1.2883,748.8176,370.6080,0.2891,739.4960,373.9521,2.2564,729.8513,376.0565,3.5639,719.7638,377.1600,3.4529,709.4238,377.0232,2.7624,698.9476,376.2123,1.6767
340,818.5911,352.7602,2.4875,808.6683,353.9514,0.5368,798.5712,354.8663,-1.2632,788.4858,356.5003,-2.8309,778.9596,358.4217,-3.5047,769.3719,361.4443,-3.1434,760.0015,365.1498,-2.3374,750.5729,369.4261,-0.4159,741.1984,372.6041,1.0585,731.5893,375.6461,2.8066,721.4153,377.8359,3.5172,711.5213,377.9232,3.2662,700.9256,377.7255,2.2951
341,820.5887,352.8942,3.1868,810.5819,354.0912,1.7482,800.4049,354.9552,-0.1175,790.5525,355.8410,-1.6882,780.5065,357.9216,-3.1495,770.8478,360.5725,-3.5370,761.3776,363.5513,-2.9771,752.1442,367.6942,-1.5381,742.9085,371.9479,0.0555,733.1109,375.3365,1.8924,723.5194,377.5396,3.1391,713.5317,378.9080,3.4784,703.3762,378.8184,3.0012
342,822.4751,353.0911,3.6285,812.3671,354.0295,2.7898,802.6368,355.0434,1.0634,792.4105,355.9099,-0.9593,781.9254,357.5753,-2.5779,772.6972,359.6983,-3.3507,763.0799,362.5568,-3.5962,753.5526,366.2128,-2.5302,744.2443,370.2920,-0.7531,734.9686,374.4513,1.0089,725.3082,377.4599,2.5554,715.4645,379.6987,3.3164,705.4606,379.9716,3.3256
343,824.2381,353.1805,3.6774,814.1792,354.4107,3.2666,804.2137,355.6733,2.1469,794.2701,356.2772,-0.1841,784.1754,357.1677,-1.6177,774.3248,358.5337,-3.0500,764.6958,361.2571,-3.5383,754.8322,364.7635,-3.2318,745.7129,368.5338,-2.3242,736.2665,373.0644,-0.0907,726.8203,376.8601,1.7207,717.4457,379.1626,2.8278,707.2390,380.9695,3.7601
344,825.9644,353.1867,3.3011,816.1951,354.7724,3.5915,806.2752,355.8544,2.7501,796.0393,356.5510,1.4590,786.1965,357.0832,-0.5556,776.2658,358.4394,-2.0971,766.4385,360.3297,-3.5645,756.8553,363.1751,-3.7801,747.4169,366.9453,-2.9449,737.7587,371.2690,-1.3423,728.4588,375.5503,0.2837,719.0873,379.0097,2.3296,709.3426,381.3567,3.2058
345,827.7929,352.9190,2.5710,817.8992,354.6889,3.4469,808.3792,356.0653,3.3681,798.0715,357.2811,2.1805,787.7761,357.7996,0.5796,777.9437,358.3625,-1.2796,767.8612,359.7129,-2.7885,758.3160,361.9479,-3.4326,748.9548,365.6181,-3.5354,739.4691,369.8537,-2.2730,730.0304,373.9200,-0.7724,720.7564,378.2499,1.1997,711.3674,381.0362,2.7338
346,829.4563,352.1164,2.1707,819.7785,354.6130,3.1742,810.1292,356.7398,3.7465,799.9470,357.7643,3.0451,789.9018,358.4104,1.7113,779.8699,358.3670,0.0673,769.6487,359.5422,-1.9593,759.9762,361.3946,-3.0465,750.3055,364.0449,-3.5287,740.7689,367.7513,-3.0921,731.6553,371.9456,-1.7354,722.2099,376.8713,-0.0035,713.0163,380.4939,1.8162
347,831.1686,351.4646,0.9107,821.4601,354.1283,2.4760,812.0331,356.4876,3.3863,801.8130,357.8847,3.5458,792.1570,358.8075,2.5043,781.4869,358.9722,1.2058,771.7901,359.8821,-0.8803,761.6072,360.9041,-2.4361,751.8139,362.9309,-3.4360,742.4167,366.3570,-3.4082,733.1011,370.3678,-2.4100,723.6659,374.9507,-0.9830,714.5488,379.5671,0.9811
348,832.7016,350.8859,-0.4129,823.4666,353.5831,1.7001,813.6028,356.5642,2.7163,803.8355,358.0073,3.5709,793.6320,359.2754,3.3464,783.5584,359.6590,2.1862,773.3956,360.0313,0.0679,763.6843,360.8676,-1.4465,753.4975,362.3750,-3.0082,744.0266,364.7787,-3.6904,734.8379,368.6989,-3.2300,725.4581,372.8987,-1.9391,715.8881,377.9069,-0.3856
349,834.7065,349.8809,-1.6791,825.1127,353.0568,0.5136,815.5395,356.0155,2.2080,805.8058,358.3954,3.2110,795.6035,359.7769,3.2963,785.8492,360.4379,2.8454,775.4872,360.8335,1.3215,765.3832,361.0635,-0.1888,755.5325,361.8848,-2.1748,745.6256,363.8216,-3.2419,735.9353,366.9708,-3.3975,726.6632,371.2886,-2.6339,717.5119,376.0510,-1.7183
350,836.3201,348.9821,-2.6610,826.5636,352.2088,-0.6993,817.1373,355.1144,1.2119,807.3954,358.1162,2.9181,797.6807,359.9430,3.2974,787.7278,361.0107,3.3001,777.6467,361.4438,2.6137,767.3734,361.6805,0.4527,757.4012,362.1138,-1.1493,747.2923,363.4094,-2.7273,737.7550,365.9611,-3.4452,727.9375,369.3710,-3.2744,718.8881,374.0296,-2.3168
351,838.0924,348.0989,-3.1124,828.2993,351.1511,-1.9565,818.8301,354.3043,-0.0161,809.0357,357.3512,1.5230,799.4177,359.9596,3.1265,789.4079,361.2888,3.5970,779.2857,362.0524,3.0340,769.1782,362.3986,1.7305,759.0614,362.4091,-0.2032,749.0093,363.3621,-2.0262,739.2789,364.7487,-3.0825,729.6180,367.8300,-3.7947,720.3533,372.1394,-2.8168
352,839.5972,346.9908,-3.5700,829.8247,350.1325,-2.5670,820.4175,353.5398,-1.1663,810.8780,356.3382,0.9317,801.0973,359.5375,2.8416,791.5893,361.8824,3.2541,781.4915,362.8592,3.3499,771.4010,363.1286,2.4629,761.0328,363.1479,0.8285,750.9506,363.6948,-0.9862,740.8084,364.4069,-2.3781,731.5071,366.8154,-3.0555,721.8605,370.2995,-3.4988
353,841.2455,346.5041,-3.4122,831.7066,349.1596,-3.1886,821.8453,352.2079,-2.1038,812.6723,355.7395,-0.1427,803.0716,358.6361,1.5921,793.5440,361.5574,2.9549,783.2395,363.5755,3.7523,773.5078,363.9386,3.1526,763.0352,364.0761,1.9022,753.1405,364.2773,0.3809,742.8701,364.3603,-1.5451,732.7429,366.1533,-2.9142,723.4119,368.3254,-3.4519
354,843.0291,345.9980,-3.3461,833.5358,348.2788,-3.5657,823.6834,351.0975,-2.8961,814.1107,354.1576,-1.2712,804.7691,357.9363,0.6402,795.1195,361.2392,2.0883,785.5887,363.3047,3.4468,775.3160,364.3315,3.4527,765.2583,364.8822,2.7475,754.7954,364.7298,1.1071,744.5272,364.6992,-0.4043,734.3979,365.5176,-1.9357,724.7208,367.4929,-3.2174
355,844.6153,345.8391,-2.8321,835.0672,347.5082,-3.5072,825.1141,350.2145,-3.5558,815.7509,353.2944,-2.1579,806.1767,356.9672,-0.5757,796.5856,360.2981,1.2176,786.9397,363.1103,2.8073,777.3580,365.1484,3.5942,767.1970,365.7084,3.6748,756.7497,365.9649,2.4155,746.8625,365.9349,0.6993,736.6028,365.7689,-1.0984,726.4157,367.0049,-2.8052
356,846.1993,345.2593,-1.9488,836.7891,346.8851,-3.0994,826.7952,349.3129,-3.5442,817.3100,352.1970,-3.0753,807.6316,355.6529,-1.3637,798.5665,359.4030,-0.0836,788.8297,362.5934,1.9373,779.1919,365.1981,3.1608,769.0836,366.1979,3.4761,759.2055,367.1493,3.1362,748.7543,366.6222,1.3083,738.2689,366.0929,-0.3022,728.3840,366.7817,-2.2703
357,848.5562,345.1286,-0.7385,838.2048,346.3106,-2.4356,828.4320,348.5975,-3.3774,818.8698,351.2960,-3.5155,809.3024,354.2258,-2.7365,800.2167,358.1631,-1.1164,790.2754,361.7717,0.7330,780.7688,364.7367,2.4542,770.9575,366.8204,3.3558,761.2027,367.6828,3.4432,750.9459,367.7297,2.6644,740.7054,367.3328,1.0516,730.3199,366.9912,-0.8375
358,850.3287,345.1014,0.1826,839.9555,346.1929,-1.7294,830.4139,347.9955,-2.8029,820.4526,349.8215,-3.7756,810.9812,353.3091,-3.1530,801.5011,356.7746,-1.9669,792.3575,360.6237,-0.2592,782.6851,363.8407,1.5754,772.7464,366.8819,2.9450,763.1136,368.1130,3.9372,752.7943,368.7837,3.4059,742.5130,368.3649,2.0012,732.3579,367.5019,0.1082
359,852.0508,345.1881,1.3486,842.0560,346.1262,-0.7933,831.7993,347.7095,-2.3429,821.9767,349.5001,-3.4955,812.3618,352.0454,-3.7037,803.2012,355.3749,-2.7613,793.4635,359.2430,-1.2240,784.0782,362.8305,0.3099,774.6755,366.6656,1.9061,764.7785,368.4117,2.9986,755.0779,369.6316,3.4088,744.6668,369.3697,2.5966,734.2935,369.0943,1.3921
360,853.6637,345.3891,2.3634,843.6755,346.5742,0.3928,834.0208,347.2928,-1.2094,824.0634,348.7317,-2.8420,814.1058,351.2556,-3.4390,804.6153,354.1496,-3.4501,795.1330,357.9316,-1.9614,785.8679,361.5912,-0.5845,776.0015,365.6252,1.2637,766.6285,368.4612,2.5800,756.7358,370.2189,3.7993,746.6953,370.5560,3.2864,736.4226,370.1940,2.4229
361,855.7087,345.3777,2.9517,845.8100,346.6241,1.8880,835.6905,347.3972,0.0469,825.7921,348.8416,-1.7121,815.9682,350.3741,-3.1856,806.3540,353.0776,-3.6093,796.8994,356.2122,-3.1936,787.3827,360.1895,-1.6610,777.9911,364.3983,0.0652,768.2743,367.7475,2.2905,758.9404,370.4880,2.9654,748.9031,371.4788,3.6458,738.3070,371.8458,2.9234
362,857.7053,345.6670,3.6795,847.8018,346.8495,2.4293,837.7554,347.8827,0.9877,827.6240,348.6595,-1.0002,817.5407,349.9858,-2.2691,807.7450,352.1484,-3.5695,798.4833,354.8808,-3.4055,788.8015,358.5801,-2.4417,779.4278,362.7371,-0.7467,770.0705,366.7165,0.9744,760.3451,370.1470,2.6390,750.8423,371.9915,3.3628,740.7217,372.7776,3.5313
363,859.1782,346.0064,3.7836,849.5497,347.2822,3.3882,839.4154,348.0827,1.8715,829.3848,348.7575,0.4169,819.4689,349.9268,-1.5688,809.8805,351.3088,-3.0732,799.7022,353.9836,-3.9288,790.3625,357.1044,-3.1274,780.7930,361.1437,-2.0468,771.7535,365.5817,-0.0166,762.2127,369.1175,1.7490,752.8589,372.0397,2.9277,742.7706,373.4279,3.4784
364,861.2700,345.4116,3.2153,851.7608,347.3055,3.6538,841.3602,348.4819,2.7582,831.4950,349.3623,1.4380,821.4076,349.9706,-0.5043,811.3344,351.1473,-2.2268,801.4096,352.6079,-3.1501,791.7842,355.8623,-3.6802,782.5461,359.6212,-2.9988,773.4097,363.8911,-1.2603,763.8431,367.9531,0.4466,754.6072,371.3481,2.1530,744.7461,373.5372,3.1477
365,862.9576,345.1167,2.6362,853.1203,347.2193,3.7425,843.1763,349.0592,3.4703,833.1059,349.7450,2.3133,823.2539,350.5836,0.7849,813.0808,350.9646,-1.3920,803.2300,352.2349,-2.6099,793.4524,354.8519,-3.7913,783.8545,358.0601,-3.3403,774.4938,361.9577,-2.1775,765.1699,366.6455,-0.6206,755.9413,370.5043,1.5138,746.3086,373.1807,2.7259
366,864.9420,344.7083,1.8630,855.3133,347.1320,3.0801,845.1614,348.9151,3.6520,835.4485,350.1462,3.2284,825.0628,350.8609,1.4185,814.8591,351.2369,-0.0086,805.0508,352.0927,-2.0922,795.2444,353.4362,-3.1694,785.4219,356.6624,-3.5995,776.1598,360.4657,-2.8599,766.9594,364.9482,-1.6671,757.5487,369.4840,0.1160,748.0669,372.7745,1.9726
367,866.5451,344.2677,0.8149,856.6792,346.5810,2.5080,847.0353,349.0362,3.5222,837.2982,350.6329,3.5617,826.8088,351.2066,2.7318,816.8559,351.5453,0.9044,806.9049,352.2119,-0.9410,796.7046,353.6550,-2.3571,786.9428,355.1680,-3.4355,777.4755,358.8221,-3.5752,768.2811,363.0096,-2.8729,758.9974,367.3700,-0.9780,749.7644,371.8478,0.9835
368,868.2586,343.5445,-0.5086,858.5849,346.3864,1.6379,848.8232,348.8732,3.0717,839.3201,350.8590,3.2642,829.0316,351.9596,3.1643,818.9763,352.3793,1.8068,808.4668,352.9761,0.0541,798.6452,353.4209,-1.4787,788.7255,354.9100,-2.7380,779.3085,357.3017,-3.6041,769.6598,361.1916,-3.1698,760.4206,365.7630,-2.0866,751.2207,370.7104,0.0104
369,869.6779,342.1448,-1.5085,860.4145,345.4112,0.5066,850.6090,348.4886,2.1767,840.8045,350.4771,3.3280,830.9737,352.2101,3.6333,820.8325,353.2109,2.8390,811.0365,353.1106,1.2460,800.4286,353.2898,-0.6236,790.5235,354.3665,-2.0673,780.8651,356.3463,-3.2470,771.0933,359.5650,-3.7506,761.7098,363.7450,-3.0530,752.5671,368.7410,-1.1621
370,871.4816,341.8298,-2.2760,862.0317,344.6952,-0.6332,852.1434,347.3505,1.1494,842.6925,350.4012,2.6484,832.9553,352.4546,3.6781,822.8063,353.7553,3.3734,813.0016,353.8030,2.6023,802.7591,354.1265,0.5888,792.4379,354.8085,-1.2329,782.1235,355.8506,-2.5832,772.7519,358.3453,-3.5330,763.0779,362.0624,-3.4630,754.3356,366.4672,-2.2668
371,873.0466,340.5043,-3.0590,863.5145,343.6618,-1.8119,853.6472,346.8896,-0.0723,844.5225,350.1167,2.0959,834.6675,352.2946,3.0903,824.8576,353.8525,3.6886,814.7758,354.7659,2.9685,804.5532,354.9685,1.4982,794.4359,355.2771,-0.0715,784.2606,355.5409,-1.8915,774.1624,357.4362,-3.3129,764.7147,360.0569,-3.5190,755.6053,364.4928,-3.0212
372,874.8785,340.0047,-3.5501,865.1708,342.6788,-2.5454,855.4697,345.9769,-1.0269,845.9914,349.1026,0.6333,836.5996,351.8941,2.6590,826.5700,354.3202,3.4115,816.6393,355.4712,3.5904,806.4048,355.6792,2.5059,796.2731,355.7733,1.0831,786.0382,355.8512,-0.6768,776.4004,356.7841,-2.4451,766.3176,359.0225,-3.2110,756.8661,362.6414,-3.7281
373,876.2945,339.0186,-3.5551,866.7541,341.4671,-3.1187,857.0672,344.6404,-1.8851,847.6492,347.9291,-0.1685,838.2030,351.5962,1.3831,828.5062,354.0622,3.0990,818.4989,355.8984,3.6746,808.7462,356.6053,3.3357,798.4499,356.3433,1.9335,788.3127,356.5805,0.3010,777.9318,356.9679,-1.7971,768.1493,358.3623,-3.1277,758.4980,361.0434,-3.6365
374,878.1437,338.1930,-3.5322,867.9876,340.7181,-3.5327,858.8575,343.7066,-2.8579,849.2894,347.1009,-1.3895,839.7155,350.7578,0.5653,830.0666,353.6714,2.2595,820.5772,355.8377,3.3745,810.3787,356.9577,3.7566,800.4167,357.3165,2.7549,789.7271,357.2995,1.5616,779.9818,357.1652,-0.5253,769.9764,358.1263,-2.0524,760.1768,360.1383,-3.4549
375,879.8447,337.6450,-2.7891,870.2537,340.1867,-3.5948,860.6401,342.7854,-3.3466,851.0603,345.9372,-2.1191,841.4689,349.5600,-0.6297,831.9402,352.9886,1.1477,822.4285,355.4722,2.7351,812.3218,357.6254,3.5517,802.5194,358.3335,3.4923,792.1203,358.5704,2.1334,782.1434,358.1351,0.4898,771.9644,358.2714,-1.2600,761.7142,359.3673,-2.6047
376,881.7729,337.4601,-2.0963,871.6236,339.5640,-3.1531,861.8443,341.4314,-3.5127,852.4487,344.8154,-3.0098,843.0874,348.2342,-1.9173,833.7412,351.9766,0.2534,824.0186,355.1063,1.8202,814.2507,357.6290,3.1021,804.5745,358.9152,3.7619,794.1901,359.1739,3.2332,783.9343,359.0907,1.6863,773.7910,359.0300,-0.0262,763.4729,359.1259,-1.8089
377,883.6398,337.3690,-1.0769,873.4815,338.9957,-2.4888,863.9085,340.8952,-3.5994,854.0681,343.4145,-3.4656,844.7057,346.9318,-2.6554,835.3378,350.4206,-1.1089,826.0990,354.1265,0.9540,816.1075,357.0063,2.5254,806.2840,359.2083,3.5205,796.2261,360.0883,3.4437,785.9463,360.5126,2.5106,775.8058,359.7616,0.8880,765.5925,359.5642,-0.7423
378,885.0668,337.3759,-0.0775,875.3403,338.7730,-1.8128,865.3430,340.5011,-3.0748,855.7325,342.7714,-3.6057,846.3175,345.6309,-3.2123,836.6494,349.2542,-2.0571,827.2628,353.0338,-0.1910,817.7136,356.6646,1.5206,808.1615,359.1157,3.0356,798.1533,360.7163,3.8070,788.0389,361.3030,3.2825,777.8786,361.0539,2.1323,767.2575,360.3423,0.3016
379,886.9937,337.5403,1.2929,877.0099,338.5981,-0.4607,867.3406,339.9150,-2.1366,857.4611,342.1950,-3.1882,847.5588,344.8386,-3.6571,838.1066,347.7721,-2.8339,828.7013,351.5973,-1.2479,819.2712,355.5507,0.2109,809.7975,358.8311,2.1973,800.2595,361.3159,3.3720,790.1447,362.2995,3.7278,779.9763,362.1209,2.5618,769.3722,361.4850,1.5007
380,888.8228,337.8289,2.3085,879.1752,338.9156,0.6218,869.0333,339.7601,-1.0160,859.1512,341.4172,-2.6135,849.4079,343.4859,-3.4231,839.8486,346.6394,-3.3520,830.1096,350.2212,-2.3620,821.1698,354.2724,-0.4826,811.2741,358.0198,1.0092,801.8248,360.8255,2.8039,792.0420,362.2933,3.4045,781.8764,363.3001,3.4584,771.5956,362.8721,2.6116
381,891.1207,337.8587,2.7778,880.8918,339.2410,1.4883,871.0537,340.1031,-0.3047,860.9591,341.0058,-2.0523,851.0848,342.6166,-3.0707,841.6174,345.4772,-3.5394,831.9461,348.8061,-3.0846,822.6067,352.7868,-1.5146,813.1350,356.8393,0.2618,803.7184,360.2696,1.9263,793.9495,362.8917,3.3117,783.8992,364.2158,3.6734,773.8376,364.0585,3.3705
382,892.6236,338.2925,3.3994,882.8330,339.1783,2.5187,872.8990,340.1143,0.6989,862.6540,340.8286,-1.1618,852.8889,342.3297,-2.4235,843.0230,344.4232,-3.2788,833.5638,347.0260,-3.4687,823.8843,351.2186,-2.2962,814.8868,355.2161,-1.1497,805.2705,359.3641,1.0742,795.6940,362.4496,2.6114,786.0334,364.4571,3.4320,775.9348,364.9336,3.6923
383,894.6293,338.2039,3.6399,884.4177,339.4229,3.2023,874.5591,340.5696,2.2907,864.4947,341.4667,-0.0639,854.4809,342.1170,-1.4718,844.8533,343.5682,-3.1370,834.8052,346.1323,-3.7876,825.5292,349.4428,-3.2181,815.8808,353.8822,-1.9213,807.0122,358.1725,-0.4454,797.3299,361.6692,1.5367,787.6784,364.4472,3.0245,777.5552,365.6473,3.4783
384,896.6825,337.6752,3.3908,886.5607,339.8897,3.3354,876.6805,341.1953,2.8671,866.4209,341.3615,1.2057,856.7032,342.4978,-0.3047,846.5447,343.6502,-2.0337,836.5445,345.4586,-3.1683,826.9474,348.3408,-3.4730,817.2127,351.8868,-2.8129,808.5545,356.2623,-1.1583,799.2045,360.4528,0.6404,789.4283,363.9353,2.0503,780.0612,366.2947,3.3328
385,898.2420,337.5919,2.8805,888.2338,339.4122,3.7026,878.4311,341.2153,3.4001,868.6002,341.9072,2.1075,858.5600,342.6853,0.6084,848.3194,343.4610,-1.4108,838.3578,344.7519,-2.5782,828.7767,347.1188,-3.7967,819.0646,350.7265,-3.2216,810.0120,354.4568,-2.2734,800.4187,358.8793,-0.3408,791.3886,363.3056,1.2507,781.4522,366.2670,2.9142
386,900.0152,336.9285,1.8579,890.5807,339.8046,2.9510,880.5534,341.6609,3.8207,870.4474,342.3940,3.0388,860.4858,343.1674,1.7708,850.2497,343.9259,-0.1378,840.2346,344.7276,-1.8301,830.5469,346.4899,-3.4254,821.0732,349.1806,-3.6341,811.3305,352.8583,-3.1057,801.9696,357.2677,-1.6999,792.6802,361.6728,0.1702,783.2390,365.4438,1.7610
387,901.6000,336.5223,0.9086,892.0171,339.1856,2.4908,882.2977,341.3094,3.4635,872.3456,343.0459,3.4583,862.1572,343.8893,2.7116,852.3371,344.0817,0.8854,842.0048,344.7326,-0.8869,832.2685,345.7555,-2.3399,822.0265,348.4251,-3.6562,812.4751,351.1544,-3.2571,803.5645,355.8178,-2.5441,794.1592,359.9638,-0.9007,784.8897,364.3292,0.8829
388,903.5917,336.0864,-0.4751,894.0256,338.8480,1.8911,883.9346,341.3852,3.1311,874.1740,343.3081,4.0706,864.4549,344.1807,3.3175,854.2017,344.7759,2.0909,843.7624,345.3314,0.3879,833.9104,345.6786,-1.5341,824.1621,347.3202,-2.9210,814.5001,350.0916,-3.7095,804.8470,353.8642,-3.2523,795.5627,358.1449,-2.0410,786.5027,362.7542,0.0088
389,905.0884,334.8528,-1.3033,895.5974,338.0795,0.3770,885.5662,340.7259,2.3216,876.3809,343.0265,3.3253,866.0142,344.3682,3.5379,856.3873,345.6163,2.6434,845.7428,345.9643,1.2315,835.8586,346.0775,-0.4311,825.9632,347.1255,-2.2262,815.7417,348.8762,-3.5781,806.4297,351.9839,-3.6338,796.8314,356.3792,-2.7091,787.7359,361.2099,-1.5586
390,906.7598,334.2496,-2.3344,897.1296,337.1852,-0.3841,887.5601,340.2292,1.2693,877.6816,342.8938,2.5977,867.8700,344.4652,3.3212,858.1622,345.7657,3.5884,847.9842,346.6730,2.3349,837.7009,346.7301,0.4938,827.8386,347.1238,-0.9769,817.8361,348.4458,-2.5620,807.9391,350.8490,-3.3184,798.5221,354.4080,-3.4070,789.0528,359.3826,-2.1083
391,908.2166,333.0569,-3.0084,898.9249,336.2742,-1.6422,889.1688,339.2802,0.0616,879.4770,342.5200,1.8667,869.8807,344.6411,3.0363,860.0043,346.6241,3.5021,849.8844,347.2087,3.0487,839.9538,347.6979,1.8267,829.6158,347.7556,-0.0757,819.4690,347.9784,-2.2952,809.5224,349.6828,-3.3086,799.9116,352.8291,-3.3855,790.9219,356.8608,-2.8481
392,909.7502,332.2464,-3.5684,900.2560,334.9820,-2.5382,890.5570,338.4821,-0.8013,881.1704,341.5400,0.9151,871.8127,344.8198,2.3743,861.9868,346.7274,3.7009,851.9129,347.8132,3.4048,841.7155,348.3230,2.2152,831.7683,348.3414,1.1716,821.3615,348.3038,-0.8941,811.4970,349.5889,-2.3425,801.5257,351.5935,-3.5437,792.2097,355.0284,-3.6498
393,911.5576,331.4985,-3.8560,901.7602,334.1214,-3.0231,892.4317,337.2172,-2.2610,882.7702,340.8829,-0.0936,873.2370,344.0903,1.3862,863.5300,346.6831,2.8992,854.0025,348.4646,3.6442,843.9598,349.3086,3.3502,833.8206,349.1980,1.9238,823.4335,349.2146,0.1122,813.2519,349.6037,-1.3554,803.2173,350.7704,-2.9729,794.0247,353.4997,-3.8156
394,913.4976,330.6572,-3.2839,903.5356,333.4293,-3.6346,894.1949,336.1057,-2.7191,884.6235,339.5871,-1.1275,875.1232,342.9977,0.5117,865.2265,346.1875,2.1723,855.8654,348.3223,3.4257,845.7565,349.7556,3.5306,835.5851,349.9068,2.6631,825.2366,350.1393,1.5331,815.2119,349.8247,-0.5296,804.9292,350.7531,-2.1764,794.8842,352.4304,-3.1530
395,915.0289,330.5453,-2.7405,905.0775,332.4924,-3.4957,895.5552,335.2318,-3.1871,886.2826,338.5662,-2.5154,876.6337,342.0243,-0.6646,866.9783,345.3861,1.3992,857.5755,348.1152,2.5633,847.6898,350.0736,3.5986,837.5603,350.8147,3.5096,827.3018,350.9251,2.2856,817.2123,350.5995,0.4898,807.1572,350.5433,-1.5117,797.0063,351.7329,-2.7704
396,916.6056,330.2570,-1.5373,907.1230,331.8417,-2.8864,897.2196,334.0106,-3.3135,887.9385,337.2324,-3.0953,878.1268,340.8588,-1.9685,868.5329,344.5006,0.2582,859.1945,347.6332,1.8933,849.4672,349.9675,3.1919,839.8192,351.6972,3.3067,829.4299,351.8210,3.1294,819.2891,351.7174,1.7951,808.6634,351.2860,-0.0962,798.6617,351.9570,-2.1677
397,918.6708,329.8478,-0.8141,908.7412,331.5492,-2.6320,898.9717,333.3114,-3.2483,889.2190,335.9476,-3.6013,879.9622,339.6971,-2.6535,870.2587,343.3508,-1.0697,860.8395,347.0103,1.1379,851.6527,349.5645,2.5565,841.3837,351.7722,3.5292,831.6850,352.4756,3.7548,821.3456,352.6329,2.6721,810.8912,352.1805,1.0756,800.6777,352.3255,-1.0808
398,920.6501,329.7793,0.2963,910.5228,331.3913,-1.5673,900.7848,332.8970,-3.1089,890.8047,335.1813,-3.5279,881.2692,338.4515,-3.3842,871.8864,341.3662,-2.2715,862.3198,345.6069,0.0119,852.6458,349.1194,1.7333,843.2564,351.6478,3.1853,833.4013,353.3351,3.6045,823.2156,353.8873,3.2322,812.9472,353.3311,2.0941,802.8844,352.8498,0.2893
399,922.3031,329.8678,1.2805,912.3917,331.1333,-0.4018,902.4932,332.7187,-1.9857,892.7551,334.4091,-3.2134,883.0426,337.0958,-3.5626,873.4594,340.5193,-2.7134,864.2496,344.2083,-1.3472,854.7241,348.2125,0.4308,845.1004,351.0754,2.2830,835.5008,353.4751,3.2283,825.5830,354.4730,3.7256,814.9842,354.6001,3.0739,804.5090,353.8999,1.5401
400,924.0076,330.2858,2.2395,914.1221,331.5096,0.5194,904.2520,332.2802,-1.3154,894.3315,333.8292,-2.7252,884.5470,336.0893,-3.5823,874.9237,339.1413,-3.6208,865.7730,342.6799,-1.9516,856.1231,346.8839,-0.6914,846.8627,350.6682,1.0358,837.0841,353.3998,2.4441,827.5500,355.0933,3.6112,816.9912,355.4836,3.2758,806.9049,355.4420,2.3269
401,926.2328,330.3401,2.8648,916.1615,331.7782,1.7757,906.0679,332.3959,-0.1632,895.9974,333.7407,-2.0528,886.0976,335.4535,-3.2464,876.6541,337.8103,-3.4157,867.0371,341.3079,-2.9420,857.8217,345.0359,-1.8806,848.2044,349.3803,0.2668,839.0184,352.5622,1.8126,829.2245,355.3392,3.2262,819.3248,356.5454,3.7351,808.8980,356.3375,3.0268
402,928.1400,330.7031,3.6003,917.9702,331.6806,2.5024,908.1180,332.7015,1.1611,898.2102,333.6570,-0.9327,888.0819,334.8078,-2.4205,877.9640,336.9135,-3.4862,868.7464,339.8812,-3.6878,859.1641,343.9999,-2.7096,849.7141,347.8382,-1.1250,840.4529,351.8885,1.1031,830.9249,354.8767,2.4005,821.1514,356.8850,3.3445,811.3353,357.7160,3.4967
403,929.3310,330.6170,3.4907,919.9220,332.2207,3.4295,909.8321,333.2103,1.7478,899.8093,333.8335,0.5182,889.9680,334.8701,-1.4841,879.9142,336.0484,-2.9591,870.2300,338.9232,-3.4321,860.7924,341.9445,-3.3572,851.3157,346.3692,-1.9995,841.8485,350.5103,-0.2671,832.5475,354.1856,1.5079,823.1620,357.0172,2.8795,813.0981,358.3483,3.5540
404,931.7471,330.4640,3.4172,921.8453,332.3194,3.6493,912.0182,333.6074,2.7899,901.6325,334.0123,1.4008,891.9127,335.0099,-0.4960,881.6656,336.1605,-2.1120,871.9733,338.0012,-3.1614,862.4613,340.5810,-3.4866,852.6955,344.2948,-2.8192,843.2173,348.9462,-1.1564,834.2306,353.0461,0.3509,824.6803,356.4595,2.3697,814.9107,358.6397,3.5313
405,933.2524,330.2047,2.6842,923.6772,332.1688,3.6432,913.8286,333.8207,3.1649,903.6669,334.6112,2.3088,893.6488,335.0650,0.2659,883.6404,336.1323,-1.0268,873.8401,337.1902,-2.8800,863.6340,339.9744,-3.5951,854.0987,343.2372,-3.2857,844.8840,346.9198,-2.2701,835.9708,351.5064,-0.6764,826.3317,355.4577,1.2924,816.8219,358.7377,2.7388
406,935.1611,329.8881,1.8176,925.5792,332.0605,3.2709,915.7301,333.9134,3.9503,905.7197,335.3103,2.8881,896.0245,335.8376,1.8383,885.3970,336.2362,-0.0509,875.4507,337.3579,-1.7136,865.6418,339.1019,-3.0854,856.0848,341.6023,-3.5774,846.4835,345.4207,-2.9793,837.1804,350.0386,-1.5844,827.8636,354.2456,0.4179,818.6273,357.8299,1.8353
407,936.8110,329.0780,0.7452,927.2438,331.8833,2.2517,917.2654,333.8411,3.5569,907.7604,335.3635,3.2797,897.7634,336.2874,2.6456,887.1934,336.8459,1.1434,877.2948,337.2275,-0.8226,867.3184,338.6152,-2.2718,857.7184,340.5627,-3.2986,848.1544,343.9309,-3.4625,838.4058,347.9423,-2.5980,829.7517,352.6382,-0.9484,819.9377,357.0287,0.9536
408,938.5771,328.2796,-0.1628,929.1228,331.0914,1.5223,919.3702,333.5961,2.9004,909.4887,335.9185,3.6363,899.7105,336.7819,3.1423,889.3950,337.5268,2.0621,879.2265,337.8815,0.2658,869.2011,338.6681,-1.4824,859.1127,339.9982,-3.0010,849.6865,342.4900,-3.6791,840.1214,346.1589,-3.3258,830.8284,350.5212,-2.0550,821.5367,355.4884,-0.3615
409,940.2771,327.5542,-1.3407,930.7551,330.5445,0.3496,920.7698,333.4366,2.3560,911.4500,335.3822,3.2287,901.4464,337.0768,3.6233,891.3745,337.9476,2.6836,881.0988,338.4349,1.1515,871.0015,338.6603,-0.3432,860.9870,339.4344,-2.1528,851.0924,341.6364,-3.3268,841.3628,344.7748,-3.5034,832.2569,348.7016,-2.8414,823.1114,353.4052,-1.5196
410,941.5290,326.4639,-2.1029,932.4082,329.6809,-0.9278,922.6613,332.6652,1.3385,913.0920,335.4948,2.7526,903.2967,337.3759,3.4081,893.1953,338.6155,3.2673,883.3185,338.7919,2.4550,872.9325,338.8510,0.3512,862.7255,339.4702,-1.1614,853.0941,340.7626,-3.0059,843.0526,343.4152,-3.5850,833.8953,346.8865,-3.3388,824.5211,351.6311,-2.1558
411,943.5700,325.6318,-2.9478,934.0036,328.8107,-1.5959,924.6283,332.1345,0.0730,914.6591,334.8244,2.3231,904.8578,337.3494,3.1840,895.1570,338.6609,3.6790,885.3132,339.9696,3.0400,875.1607,339.9753,1.4197,864.7704,339.9819,-0.1421,854.7532,340.7395,-1.7811,845.0288,342.6521,-3.1291,835.2028,345.3018,-3.2785,825.7608,349.7563,-3.1496
412,945.1954,325.0046,-3.4935,935.3718,327.4196,-2.7704,926.0650,330.7650,-0.9545,916.5622,334.5667,0.8067,906.8664,336.8626,2.2234,896.8379,339.3177,3.3804,887.2622,340.0886,3.8330,876.9453,340.8658,2.5155,866.9504,340.9675,0.7041,856.6972,340.8525,-0.7229,846.7620,341.8482,-2.6619,836.8946,344.1046,-3.4500,827.4848,347.8998,-3.4975
413,946.8985,323.8464,-3.5635,937.4358,326.8423,-3.1583,927.5213,330.0157,-1.9158,918.3224,333.3460,-0.1819,908.6431,336.6097,1.4299,898.7060,338.9013,2.8534,888.9792,340.8324,3.5421,878.9921,341.3959,3.4480,868.7339,341.7699,1.8376,858.6141,341.5770,0.1129,848.6162,341.9260,-1.3073,838.5434,343.1950,-3.0083,828.9045,346.2883,-3.7176
414,948.6139,323.4997,-3.1548,938.6997,325.6427,-3.6142,929.1977,328.7841,-2.6614,919.6615,332.2568,-1.5252,910.1932,335.4877,0.2956,900.4391,338.8259,2.1067,890.8962,341.0893,3.2509,881.0635,342.1514,3.7714,871.0080,342.5777,2.8200,860.6439,342.6080,1.3688,850.4258,342.4160,-0.3547,840.2656,343.0726,-2.4908,830.3139,345.0940,-3.2100
415,950.4274,322.6926,-2.8719,940.5491,325.1728,-3.7175,930.8277,327.4414,-3.5883,921.4072,331.0155,-2.7736,911.9210,334.4766,-0.7945,902.2228,337.8087,1.1861,892.6979,340.6539,2.8526,883.0038,342.3726,3.5543,872.6203,343.2193,3.5814,862.4198,343.2405,2.6240,852.3598,343.1178,0.5618,842.2163,343.4730,-1.1169,832.0914,344.4019,-2.7588
416,952.0756,322.8324,-1.7902,942.3038,324.4008,-3.2031,932.6683,327.0110,-3.6206,923.0442,329.7845,-2.9955,913.5481,333.3176,-1.5997,904.0080,336.8624,0.1537,894.3212,340.0771,2.1342,884.8571,342.2722,3.2081,874.8300,343.7436,3.6792,864.7757,344.1443,2.9968,854.2859,343.9928,1.9296,844.0656,343.9594,-0.2432,833.9272,344.2203,-1.7974
417,953.9520,322.0290,-0.9166,944.0485,323.6985,-2.7374,933.9446,325.7005,-3.7185,924.3241,328.5674,-3.7580,914.9417,331.9538,-2.1863,905.4041,335.7768,-1.3209,896.2410,339.1697,0.9526,886.5846,342.2484,2.4332,876.8420,344.2418,3.6617,866.8731,345.3733,3.4556,856.2643,345.4369,2.6766,846.0294,344.8025,0.9507,835.7726,344.5702,-0.9956
418,955.7931,322.5583,0.2359,945.7290,323.8622,-1.7340,935.9354,325.1209,-2.9461,926.2853,327.4683,-3.4654,916.7056,330.8183,-3.2476,907.2671,334.4626,-1.9593,897.9013,338.1730,-0.3316,888.1253,341.7272,1.7111,878.4925,344.2403,2.9416,868.8223,345.6279,3.8030,858.6039,346.0278,3.0884,848.1952,345.8680,2.0194,837.9491,345.2985,0.5220
419,957.6272,322.5903,1.5009,947.4473,323.9355,-0.6640,937.9354,324.8188,-2.3244,927.7933,327.0413,-3.2875,918.4328,329.5583,-3.6000,908.8703,333.1342,-3.0243,899.4578,336.9424,-1.5393,889.9095,340.5058,0.2911,880.4351,343.9865,2.2614,870.4720,346.2687,3.3419,860.6213,347.0493,3.3543,850.3947,347.1820,2.8979,840.1058,346.7714,1.2934
420,959.2009,322.9538,2.2605,949.3202,323.6635,0.7799,939.3715,324.8465,-1.1505,929.6305,326.3976,-2.8200,919.5338,328.8826,-3.9197,910.2212,331.4234,-3.4229,900.7505,335.3275,-2.2916,890.9975,339.4494,-0.6157,881.8342,342.9941,1.1123,871.9318,346.1447,2.9734,862.6231,347.8546,3.6959,852.3554,348.1888,3.3610,842.1541,347.6137,2.4728
421,961.3503,322.9812,3.1460,951.3907,324.0413,1.6548,941.0092,325.2057,-0.0583,931.3956,326.4212,-2.0089,921.5186,327.7775,-3.0106,911.6340,330.6061,-3.4160,902.3768,334.0413,-3.0916,892.8588,337.8780,-1.8247,883.5614,341.9632,0.2530,874.0981,345.1653,2.0048,864.3034,347.8338,2.8083,854.6473,349.0878,3.4824,844.2646,348.8795,3.2178
422,963.1764,323.1766,3.5960,953.5569,324.6400,2.8266,943.3692,325.4690,0.7556,933.2857,325.9870,-1.0261,923.4795,327.4359,-2.6961,913.2769,329.6558,-3.3768,903.9097,332.2230,-3.4891,894.5707,336.0697,-2.7861,885.0669,340.3767,-0.8702,875.5834,344.2769,0.9272,866.3314,347.6060,2.4471,856.1600,349.7675,3.5670,846.1669,350.0321,3.4955
423,965.1081,323.0190,3.7781,955.3588,324.6532,3.2674,945.0420,325.5748,1.8446,935.2160,326.5467,0.2953,925.3545,327.3487,-1.5878,915.3594,328.6483,-2.9228,905.2278,331.0852,-3.6127,895.8262,334.8014,-3.3128,886.9179,338.8342,-2.1340,877.3321,343.0967,0.0664,867.6716,346.7648,1.7301,858.2672,349.4360,2.8421,848.2611,351.1052,3.6728
424,966.9258,323.2257,3.3102,957.0243,324.6772,3.3340,947.1326,325.7560,2.8525,937.2059,326.8428,1.4870,926.7122,327.4543,-0.3224,916.7699,328.6246,-2.3944,906.9436,330.5373,-3.4220,897.5014,333.4970,-3.7160,888.5285,337.2776,-2.9187,878.9594,341.5091,-1.2278,869.4243,345.7641,0.5891,860.0741,349.1349,2.2258,850.1855,351.0939,3.3332
425,968.5102,322.7063,2.8718,959.1133,324.6458,3.4247,948.8078,326.3369,3.4790,938.8748,327.1559,2.7500,928.7791,327.7017,0.4829,918.5663,328.7213,-1.0430,908.7784,330.0809,-2.7723,899.0628,332.1933,-3.8446,889.4340,335.5640,-3.3189,880.2601,339.6358,-2.2798,871.2792,344.3152,-0.6083,861.4843,348.2432,1.4724,852.2450,350.9673,2.7429
426,970.3087,322.0790,1.9572,960.5265,324.6446,3.1902,950.9601,326.5391,3.4115,941.0647,327.5460,3.3815,930.8056,328.4692,1.8918,920.5828,328.7691,-0.1679,910.5962,329.6960,-2.0579,900.7972,331.3977,-3.4709,891.0806,334.0765,-3.7076,882.0015,337.6847,-3.2064,872.4463,342.3020,-1.6140,863.4018,347.0649,0.1491,853.6552,350.6001,1.7131
427,972.3080,321.9706,0.7356,962.3202,324.2363,2.5225,952.7106,326.4419,3.3098,943.0093,327.9504,3.4365,932.7745,329.0381,2.6120,922.7271,329.2182,1.0546,912.5436,330.0804,-1.2629,902.5468,331.0796,-2.4294,892.5795,333.2460,-3.3364,883.3983,336.2299,-3.4710,873.7180,340.4736,-2.5980,864.6758,344.8475,-1.1698,855.4155,349.3990,0.9439
428,973.5952,320.8182,-0.3215,964.1211,323.5747,1.4084,954.3142,326.2851,2.8110,944.6098,328.1491,3.5342,934.4694,329.2935,3.0729,924.3833,329.9166,2.0352,914.4879,330.0797,0.0694,904.5730,330.6039,-1.7070,894.6441,332.4016,-2.7291,885.0312,335.1839,-3.3615,875.3567,338.5655,-3.1149,865.9076,342.9664,-2.1507,856.8571,347.9027,-0.0693
429,975.4147,320.3541,-1.3416,965.9835,322.9697,0.5318,956.2955,325.7735,2.2440,946.3668,328.5461,3.1746,936.6577,329.6696,3.3507,926.6423,330.6133,2.6306,916.2482,331.0214,1.4827,906.3491,331.0059,-0.5333,896.4213,331.7674,-2.4059,886.3164,334.0132,-3.1080,877.1210,336.9993,-3.3936,867.2488,341.3695,-2.5968,858.0702,346.0103,-1.1126
430,977.0780,319.1557,-2.2577,967.3991,322.1356,-0.4651,958.0224,325.1545,1.2393,948.2265,328.0012,2.6849,938.5808,329.8152,3.6585,928.3154,331.3285,3.4128,918.5370,331.6098,2.6054,908.0654,331.4121,0.8289,897.9782,332.1776,-1.0339,888.3368,333.2946,-2.7359,878.5072,335.9656,-3.6571,869.1713,339.4559,-3.3999,859.8626,344.1222,-2.0590
431,978.6382,318.2520,-2.8475,969.1334,321.0994,-1.5935,959.7360,324.1624,0.3427,950.2736,327.3288,1.7819,940.4541,330.0190,3.2259,930.2349,331.4077,3.6604,920.3686,331.9017,2.8733,909.9857,332.2779,1.7504,899.9634,332.6119,-0.1772,889.9479,333.2846,-1.7214,879.8866,334.9399,-2.9018,870.4762,337.8174,-3.6887,861.0799,342.0756,-3.0448
432,980.2697,317.3483,-3.1200,970.8152,320.1829,-2.3615,961.3113,323.4361,-1.2618,951.7104,326.5782,0.8138,942.0289,329.8264,2.6189,932.4773,331.4751,3.4985,922.0895,332.7393,3.4269,912.2638,333.2637,2.9696,902.0161,333.1357,0.9576,891.4400,333.5271,-1.0382,881.9077,334.5815,-2.4036,871.7849,336.9214,-3.2984,862.5611,340.1158,-3.4969
433,982.1111,316.4143,-3.4362,972.3277,319.1292,-3.1699,963.0114,322.2417,-1.6370,953.4046,325.5065,-0.4268,943.8817,329.0329,1.4963,934.2026,331.4973,2.8305,924.2563,333.2500,3.7772,914.3818,334.0975,3.3040,904.2025,334.6600,1.9862,894.0536,333.8591,0.0691,883.6378,334.5841,-1.5986,873.7644,336.1975,-2.9181,863.8800,338.7196,-3.7147
434,983.8033,315.9405,-3.4174,974.1960,318.1706,-3.5245,964.5970,321.2934,-2.9430,954.8623,324.5336,-1.2411,945.4925,328.1683,0.5854,935.7130,331.0017,2.1768,926.1589,333.3320,3.1028,916.2108,334.6588,3.3454,905.8041,334.8813,2.8917,895.8432,335.1420,1.5082,885.6350,334.8573,-0.4650,875.4930,335.5107,-2.1006,865.8958,337.4250,-3.1150
435,985.5931,315.4607,-2.7248,975.7003,317.3640,-3.5160,966.3524,320.4011,-3.4812,956.6263,323.4892,-2.2569,947.0758,327.0951,-0.5109,937.4724,330.6417,0.9465,927.8269,333.2830,2.7856,917.8829,335.1984,3.5972,908.0447,335.9721,3.4521,897.8381,335.8236,2.6018,887.3054,335.5200,0.4431,877.3622,335.9674,-1.2532,867.3634,336.7965,-2.3865
436,987.0393,315.1687,-1.9842,977.1642,316.7160,-3.1325,967.9300,319.1453,-3.7190,958.0557,322.3591,-3.0375,948.6544,325.7022,-1.5465,939.2111,329.5882,0.0636,929.9269,332.6059,2.1309,919.9906,335.1059,3.1699,909.8429,336.8051,3.7125,899.7962,336.6710,3.0471,889.6315,336.5913,1.4930,879.2886,336.6789,-0.3197,869.3405,336.7487,-2.1389
437,988.8983,315.1693,-0.8997,979.2022,316.3810,-2.6321,969.5304,318.5563,-3.3456,959.7839,321.1642,-3.3050,950.1758,324.2759,-2.6953,940.6555,328.2602,-0.7589,931.1837,331.9562,0.9325,921.7119,334.6371,2.7184,912.0201,336.8516,3.6297,901.9033,337.9812,3.4166,891.3332,337.6364,2.4282,881.3354,337.4899,1.1403,871.0915,337.1346,-0.8533
438,990.8059,315.0560,0.3085,980.9196,316.2355,-1.4793,970.9233,317.6972,-2.8878,961.4188,320.0995,-3.5117,951.8689,323.1486,-3.0920,942.4507,326.8370,-1.9699,933.0633,330.9622,-0.2830,923.3604,334.1526,1.4473,913.8235,336.7562,2.9777,903.8571,338.6641,3.6696,893.5640,338.8897,3.2287,883.4770,338.4481,1.8322,873.2874,337.8345,0.2616
439,992.9025,315.2170,1.3178,982.7437,316.3269,-0.2689,973.1405,317.5256,-1.9896,963.3821,319.3444,-3.5773,953.4567,322.2523,-3.5707,944.0455,325.4141,-2.6552,934.2419,329.4425,-1.2494,924.9335,333.0096,0.5173,915.5747,336.4660,2.1789,905.6410,338.3336,3.4267,895.4871,339.7319,3.6778,885.4966,339.6078,2.6784,875.2472,339.2248,1.3860
440,994.8556,315.3351,2.4351,984.7676,316.5105,0.8337,974.6078,317.4294,-1.5674,964.9445,319.1474,-2.5978,955.0128,321.0183,-3.7421,945.7058,324.1561,-3.5629,936.2068,327.6797,-2.3945,926.4496,331.5590,-0.5273,917.0940,335.5227,1.0939,907.7323,338.6219,2.8514,897.6462,340.4216,3.4821,887.4695,340.6795,3.3212,877.2727,340.2677,2.7646
441,996.7150,315.4449,3.1497,986.3152,316.5523,1.6129,976.4932,317.4080,-0.1617,966.7425,318.6222,-2.1817,956.5594,320.4458,-3.2892,947.1620,322.9254,-3.5344,937.5556,326.2556,-3.0645,928.1541,330.2173,-1.5170,918.8492,334.2020,-0.0042,909.1078,337.6550,1.9316,899.8341,340.4073,3.2702,889.6156,341.7080,3.5795,879.5245,341.7102,3.2402
442,998.3628,315.6091,3.1675,988.6544,316.7495,2.7514,978.4554,317.8091,1.1463,968.5661,318.7267,-0.8611,958.4807,320.0303,-2.2823,948.5910,322.0476,-3.3806,939.0491,324.8181,-3.4485,929.5960,328.8202,-2.6732,920.3088,332.8466,-0.9854,910.8596,336.9714,0.9396,901.5017,340.0794,2.5701,891.8013,342.0755,3.3358,881.5255,342.5348,3.5729
443,1000.1315,315.4356,3.8458,990.5244,317.2314,3.2775,980.4023,318.2123,2.0315,970.1737,318.8062,0.4276,960.1266,319.8388,-1.7408,950.2372,321.5389,-2.9242,940.6127,323.8360,-3.7753,931.3673,327.3927,-3.2633,922.1015,331.2594,-2.2966,912.6271,335.5711,-0.1560,903.2372,339.3237,1.4763,893.5606,342.1602,2.8373,883.5045,343.2992,3.5402
444,1002.2476,315.2696,3.4746,992.1547,317.2968,3.2502,982.1034,318.6393,2.8978,972.1908,319.1086,1.3434,962.0638,320.0701,-0.5529,952.4048,321.0687,-1.9920,942.1863,323.0205,-3.1092,932.6937,325.7615,-3.6252,923.3268,329.7696,-2.6248,914.0030,333.7912,-1.2396,904.7251,338.1836,0.6999,895.4088,341.6797,2.2956,885.4889,343.8934,3.2662
445,1003.9138,315.2887,2.6323,993.9623,317.1298,3.5352,984.2682,318.6689,3.1214,973.9070,319.4180,2.1483,964.0216,320.6782,0.6002,953.8128,320.8970,-1.1482,944.0230,322.4242,-2.6242,934.3508,324.6559,-3.7273,924.6733,328.0329,-3.2851,915.4042,332.2689,-2.0597,906.4710,336.9645,-0.6561,896.9134,340.6376,1.1906,887.2799,343.5892,2.7323
446,1005.6060,314.8636,2.0108,995.6522,317.1803,3.2361,986.2122,318.7400,3.4476,976.0582,319.9742,3.2267,965.8863,320.9177,1.6495,955.5597,321.2149,-0.1652,945.7760,322.3583,-2.1742,935.8282,323.9457,-3.2888,926.4008,326.3486,-3.8372,916.6607,330.3693,-2.9711,907.5330,334.9789,-1.6025,898.2530,339.4798,0.0345,888.5630,343.0546,1.9965
447,1007.3602,314.1271,0.9242,997.5906,316.9564,2.1762,987.8380,318.7104,3.3080,978.3118,320.3746,3.4724,968.0171,321.1993,2.8069,957.7220,321.7218,1.1814,947.6508,322.1093,-0.6901,937.8631,323.7415,-2.4851,928.1325,325.6749,-3.4685,918.2734,329.0150,-3.3772,909.0891,332.7532,-2.3632,899.7356,338.1231,-0.7904,890.4857,341.8389,0.8077
448,1009.2832,313.1602,-0.2063,999.2796,316.2432,1.6899,989.7015,318.7831,2.8841,979.8450,320.7276,3.4843,970.1259,321.7951,3.4228,959.8201,322.3684,1.9482,949.9086,322.6426,0.3305,939.5270,323.5135,-1.4735,929.5950,324.8672,-2.8697,919.9379,327.5700,-3.4723,910.6767,331.1984,-3.1116,901.1959,335.9543,-2.1682,892.0427,340.6828,-0.3901
449,1010.4713,312.6776,-1.3019,1001.0260,315.5013,0.3295,991.2427,318.6020,2.2402,981.8168,320.4218,3.3809,971.7341,322.0908,3.6220,961.6400,322.9617,2.7976,951.7054,323.2809,1.3694,941.6492,323.5701,-0.2506,931.5065,324.4955,-2.4734,921.7514,326.1709,-3.0181,912.1886,329.4692,-3.4053,902.6972,333.7604,-2.7559,893.5218,338.6056,-1.4286
450,1012.3890,311.6845,-2.4131,1002.9366,314.7691,-0.6573,993.2940,317.8038,1.4505,983.4700,320.7097,2.9886,973.7289,322.2658,3.4997,963.6893,323.9288,3.3717,953.6424,324.1607,2.2190,943.3268,324.3848,0.8455,933.3989,324.8808,-1.3026,923.2736,325.8580,-3.0454,913.6498,328.1820,-3.6194,903.7898,331.7774,-3.1311,894.8658,336.4535,-2.3104
451,1014.0354,310.5090,-3.2549,1004.1519,313.8054,-1.6290,995.0007,316.9401,0.1139,985.1384,320.0949,1.7914,975.2462,322.5325,2.9473,965.6792,324.1179,3.4381,955.6819,324.9464,3.0270,945.4612,325.0038,1.7413,935.2173,325.1798,0.0705,925.1551,325.6691,-1.9900,915.2662,327.5049,-3.2924,905.8180,330.4817,-3.5597,896.3927,334.3074,-3.3485
452,1015.7065,309.7951,-3.2751,1005.9414,312.6431,-2.6647,996.7120,316.1147,-1.1435,986.6815,319.0013,0.9581,977.2927,322.3742,2.5273,967.3720,324.0744,3.6829,957.6420,325.4630,3.5976,947.4156,325.7643,2.5138,937.5357,325.7055,0.7862,927.0195,325.9975,-0.9890,917.1519,326.9623,-2.2001,907.2381,328.9379,-3.5549,897.6671,332.4914,-3.4346
453,1017.2064,309.1921,-3.6303,1007.4232,311.9067,-3.5875,997.7515,314.9255,-1.8060,988.6576,318.1930,-0.0462,978.8657,321.1998,1.6078,969.5545,324.1627,2.8637,959.4747,325.7217,3.4312,949.5283,326.6415,3.1086,939.2503,326.9004,1.7313,929.0286,326.3774,0.2467,918.8772,326.9142,-1.6613,908.8166,328.4781,-2.7348,899.3882,331.0893,-3.6836
454,1019.0664,308.2702,-3.3713,1009.3092,310.7668,-3.8292,999.8016,313.8014,-3.0852,990.0588,317.3511,-1.4400,980.5725,320.7085,0.4836,971.0490,323.3404,2.0754,961.2784,326.0510,3.6825,951.4515,327.4022,3.6960,941.1855,327.5249,2.7595,931.1901,327.3863,1.4296,920.7810,327.3973,-0.4196,910.7959,328.0046,-2.1759,901.1053,330.0401,-3.3743
455,1020.6736,307.9511,-2.8179,1010.8173,310.3542,-3.7697,1001.1816,312.3762,-3.2306,991.6065,316.0630,-2.4113,982.1666,319.3371,-0.7057,972.8090,322.9993,1.0527,963.1727,325.8948,2.8514,953.3450,327.4987,3.4143,943.1041,328.7807,3.4523,932.9397,328.0684,2.1529,922.7522,328.0296,0.5930,912.7780,327.9742,-1.0126,902.5195,329.5757,-2.8898
456,1022.4808,307.7408,-1.6864,1012.7951,309.3699,-3.0902,1003.1444,311.6956,-3.5506,993.1375,314.7995,-2.9861,983.9404,318.2942,-1.4347,974.5368,321.9282,-0.0522,964.5450,325.4981,1.7493,955.1225,327.7825,3.0944,945.2589,329.0249,3.4288,935.2112,329.3161,3.1352,924.7600,329.0229,1.5372,914.6718,328.5949,-0.3066,904.4666,329.2291,-1.8422
457,1024.1860,307.4152,-0.6765,1014.6982,309.0705,-2.3459,1004.6370,310.8453,-3.2732,994.9090,313.6646,-3.5225,985.0265,316.7910,-2.6768,976.1534,320.6429,-0.8346,966.6765,324.2475,0.7984,956.9248,327.2191,2.5592,947.3924,329.1589,3.3261,937.2007,330.3968,3.5416,926.9893,330.1665,2.6470,916.4603,330.2355,1.1239,906.1733,329.8286,-0.9694
458,1025.9835,307.4914,0.1812,1016.3335,308.9373,-1.6446,1006.2099,310.4716,-3.0373,996.6886,312.9748,-3.7886,987.0015,315.5920,-3.2413,977.6076,319.4950,-2.1434,967.8634,323.3521,-0.4704,958.5221,326.6475,1.8064,949.0770,329.2223,2.8784,939.1412,331.0958,3.3818,928.9602,331.4810,3.1402,918.4816,330.8683,1.9870,908.4751,330.4819,0.0785
459,1028.1283,307.3320,1.4053,1018.2621,308.7596,-0.7462,1008.0412,309.7918,-2.2526,998.2533,312.0617,-3.3202,988.6138,314.7299,-3.6863,979.2539,318.1146,-2.7126,969.8013,321.9147,-1.3189,960.4240,325.5048,0.5689,950.9459,328.9057,2.0701,940.8059,331.1557,3.3846,930.9384,332.1577,3.6103,920.7417,332.2881,2.7254,910.7459,331.6634,1.5203
460,1029.6512,307.7357,2.4738,1020.0968,308.8511,0.6957,1010.0944,310.1355,-1.5129,1000.0715,311.5666,-2.8920,990.1595,313.5695,-3.7275,980.5514,316.8370,-3.7121,971.0678,320.2696,-2.2019,961.5228,324.0318,-0.8607,952.4008,328.1814,1.1902,942.9195,330.8935,2.8849,933.0475,332.7604,3.4047,922.8024,333.3081,3.3020,912.6428,333.0562,2.4419
461,1031.9695,308.2139,3.2797,1021.8509,309.2830,1.7586,1011.9099,310.0461,-0.1431,1001.8071,311.3637,-2.0581,991.8458,312.8268,-3.4280,982.0282,315.6406,-3.5792,972.7130,318.9770,-3.4900,963.2276,322.6297,-1.5406,953.8822,326.8088,0.3652,944.6070,330.3513,1.9239,934.7671,332.7681,3.0275,924.9007,334.0173,3.5577,915.1108,333.9639,3.3291
462,1033.7483,308.1743,3.5723,1023.4179,309.4792,2.5651,1013.7434,310.1153,0.9705,1003.7756,311.3063,-0.6371,993.6496,312.2496,-2.4904,983.7936,314.8682,-3.1017,974.2207,317.4288,-3.4419,964.9333,320.8788,-2.3250,955.5970,325.7049,-0.9853,946.2559,329.3699,1.0330,936.8150,332.6563,2.4199,926.6609,334.1927,3.5532,917.0043,335.1746,3.6021
463,1035.6242,307.9581,3.4314,1025.4565,309.9354,3.3521,1015.6153,310.6043,2.0558,1005.6001,311.3782,0.2816,995.6891,312.3960,-1.8460,985.6159,313.9438,-3.0246,976.2263,316.3645,-3.6355,966.2272,319.6871,-2.9847,956.9390,323.8866,-2.2681,947.7285,328.0121,-0.3436,938.3105,331.9454,1.8013,928.5645,334.8564,3.2377,918.8177,335.8910,3.2617
464,1037.2873,308.3369,3.0829,1027.5200,310.0747,3.7655,1017.3456,310.8193,2.7906,1007.5361,311.9808,1.5176,997.1186,312.3113,-0.4514,987.3487,313.4712,-2.0665,977.2196,315.4005,-3.2074,968.1219,318.2592,-3.6648,958.5534,322.0917,-2.7276,949.3728,326.4890,-1.5429,939.8196,330.4956,0.5007,930.2679,334.0967,2.3894,920.6150,335.9621,3.1255
465,1039.1030,307.4935,2.8307,1029.3916,309.8804,3.5877,1019.4424,311.4865,3.4391,1009.4080,312.2060,2.1794,998.8686,312.5698,0.5431,989.2058,313.5301,-0.8706,979.0666,315.1949,-2.6214,969.6495,317.0970,-3.6372,959.7695,320.7414,-3.4685,950.5563,324.8496,-2.4028,941.3159,328.9925,-0.4717,932.0019,332.8497,1.2787,922.4987,336.3563,3.0441
466,1041.0608,307.1943,1.9023,1031.3074,309.7050,3.2039,1021.3313,311.4397,3.6689,1011.3601,312.5589,2.8507,1001.1940,313.6177,1.4166,991.3580,314.0462,-0.2524,981.2563,314.7312,-1.7643,971.5930,316.3814,-3.0195,961.5934,319.1673,-3.7794,952.1453,322.7582,-3.0672,942.8051,327.4753,-1.6064,933.5953,331.9440,-0.0404,924.0320,335.7008,1.7813
467,1042.7011,306.7226,0.7956,1032.8106,309.1915,2.2649,1022.8958,311.3622,3.5867,1013.3088,313.3715,3.3877,1003.0948,313.8628,2.6897,993.1941,314.2314,1.0234,982.8514,314.8006,-0.7972,972.6819,316.1427,-2.5326,963.2322,318.1387,-3.5335,953.5368,321.1931,-3.4176,944.2740,325.5169,-2.5380,935.3978,329.9572,-0.9865,925.6569,334.5281,0.9713
468,1044.2224,305.6572,-0.3890,1034.7015,308.5778,1.6268,1025.0119,311.4748,3.0921,1014.8883,313.0379,3.2715,1005.2600,314.4039,3.1793,995.1124,314.6980,1.9992,984.7984,315.2387,0.2778,974.8489,315.7811,-1.7815,964.9871,317.4325,-3.2666,955.1385,319.9814,-3.6749,945.7972,323.6798,-3.1992,936.4522,328.3714,-2.2491,927.1865,332.9997,-0.4199
469,1045.6024,304.9800,-1.5358,1036.4235,307.9494,0.0432,1026.5741,310.9296,2.2297,1016.9478,313.1580,3.2467,1007.2131,314.8814,3.6123,996.9600,315.6231,2.8444,986.8264,315.8935,1.2647,976.9793,316.0542,-0.7083,966.6492,316.8143,-2.1764,956.5719,318.9730,-3.1284,947.2162,322.0704,-3.2688,937.9338,326.0550,-2.7232,928.8303,331.1490,-1.2635
470,1047.6002,304.2933,-2.3543,1037.7930,307.2493,-0.5850,1028.4344,310.4149,1.3379,1018.7778,312.8439,2.6341,1008.9480,314.8941,3.5059,998.5972,316.2849,3.2884,989.0184,316.3520,2.5715,978.7974,316.4886,0.7242,968.3338,317.2961,-1.1052,958.5264,318.3925,-2.8164,948.9572,321.0286,-3.3988,939.5080,324.7693,-3.2779,930.1079,329.0706,-2.3536
471,1049.0737,303.2040,-3.0563,1039.8122,306.1415,-1.7914,1030.0205,309.2195,0.3041,1020.6750,312.4867,1.8583,1010.8414,314.9259,3.3595,1000.8983,316.7617,3.7729,990.7407,317.3774,3.1892,980.6686,317.4078,1.7414,970.1853,317.7683,-0.0561,960.1945,318.2245,-1.7909,950.2564,320.2020,-3.2956,940.9736,323.0670,-3.3597,931.3505,326.7326,-3.0597
472,1050.6701,302.0482,-3.4159,1041.4710,305.0148,-2.4578,1031.4614,308.4637,-0.7121,1021.8856,311.9456,0.7346,1012.5392,314.5000,2.3872,1002.7853,316.3347,3.3336,993.0983,318.1573,3.5764,982.8545,318.3365,2.4971,972.4586,318.5233,1.1507,962.3532,318.1110,-0.8847,952.1706,319.5583,-2.5154,942.2279,321.8287,-3.3925,932.9304,324.9567,-3.4667
473,1052.4812,301.7241,-3.6412,1042.6720,304.3708,-3.4253,1033.3829,307.2518,-1.8744,1024.1012,310.7863,-0.3249,1014.2224,313.9143,1.4748,1004.5965,316.3825,2.8216,994.7449,318.1669,3.6803,984.5817,319.0880,3.3921,974.4224,319.3176,1.8470,964.0894,319.0766,0.2078,953.9888,319.2792,-1.9815,944.1815,320.8159,-3.0921,934.6000,323.8051,-3.6345
474,1054.1309,300.9962,-3.2012,1044.3388,303.4245,-3.4919,1034.9479,306.4791,-3.1043,1025.2100,309.7328,-1.2412,1015.7141,312.9728,0.4804,1006.3047,316.0442,2.2543,996.7737,318.6591,3.4527,986.6444,319.4640,3.6055,976.3148,320.2021,2.8950,966.2321,319.7690,1.4341,955.8072,319.9306,-0.6849,945.8559,320.5212,-1.9991,936.1057,322.6753,-3.4794
475,1055.8103,300.4256,-2.7203,1045.8868,302.5203,-3.4509,1036.2285,305.3469,-3.2767,1026.9315,308.6340,-2.1901,1017.4545,311.8600,-0.5140,1008.0286,315.3600,1.0348,998.5526,318.1164,2.7287,988.4409,320.3364,3.6513,978.6867,321.0285,3.0977,968.2404,321.0289,2.5451,957.6243,320.7214,0.7023,947.6559,320.8243,-1.2754,938.0130,322.1690,-2.6457
476,1057.8008,300.3542,-1.9050,1048.0500,301.9318,-3.1804,1038.2834,304.1385,-3.5162,1028.7654,307.4489,-3.0125,1018.9872,310.6257,-1.6795,1009.8296,314.1366,0.1656,1000.0970,317.6140,1.6532,990.7531,320.1537,3.2605,980.7301,321.4817,3.6382,970.3090,321.9859,3.2767,960.0075,321.4274,1.5311,949.8858,321.5314,-0.2667,939.6142,321.7650,-1.7637
477,1059.5068,300.0117,-0.6796,1049.6324,301.4260,-2.6693,1039.8896,303.7573,-3.8379,1029.9859,306.2527,-3.6662,1020.6436,309.4914,-2.6236,1011.3340,313.3103,-1.1836,1001.8644,316.8822,0.8804,992.1737,319.6762,2.5547,982.3340,321.9132,3.7925,972.2249,323.1598,3.6314,962.2755,322.9352,2.6406,951.6206,322.0068,0.6768,941.4272,322.2238,-0.9964
478,1061.3650,300.1179,0.4215,1051.6202,301.5599,-1.3515,1041.4161,302.8330,-3.1101,1031.8179,305.1296,-3.5483,1022.3064,308.2002,-3.3429,1012.6773,311.8916,-1.8106,1003.2627,315.5210,-0.0845,993.9010,319.0039,1.5904,983.9945,321.7731,2.8882,974.5017,323.2784,3.5119,964.4193,323.9728,3.2509,953.9976,323.7440,2.0295,943.6818,322.9339,0.2438
479,1063.1389,300.3361,1.5985,1053.2942,301.2610,-0.5028,1043.1578,302.4030,-2.5156,1033.5316,304.4404,-3.3701,1023.6496,307.2814,-3.6655,1014.1968,310.3387,-2.6987,1005.1166,314.1178,-1.3972,995.4943,318.2656,0.3973,986.1641,321.3033,2.1804,976.1050,323.5720,3.2774,966.0863,324.6413,3.4395,955.6398,324.8759,2.7736,945.7612,324.1038,1.3829
480,1065.0943,300.4064,2.3470,1055.0823,301.3926,0.6935,1045.0026,302.5306,-1.4761,1035.2590,303.8699,-2.8612,1025.5553,306.2643,-3.7874,1015.8244,309.1378,-3.4579,1006.4716,312.6773,-2.3978,997.1541,316.8925,-0.8151,987.6627,320.6728,1.3072,977.9631,323.3912,2.9038,968.0652,325.1988,3.6186,958.1277,325.9577,3.5169,947.6999,325.2109,2.1122
481,1066.7314,300.6913,3.0371,1057.1734,301.6818,1.6052,1046.9631,302.6258,-0.1481,1037.0491,303.5508,-1.9226,1027.1474,305.5109,-3.3172,1017.4412,308.0362,-3.5301,1008.1080,311.3308,-2.9312,998.3964,315.0465,-1.7188,989.0420,319.4336,-0.0498,979.8921,323.0035,2.0252,970.1402,325.2501,3.1924,960.1917,326.4390,3.5830,949.6879,326.5070,3.1181
482,1068.9334,300.4643,3.6133,1058.9566,301.9472,2.7402,1048.7076,302.7164,1.1604,1038.7062,303.3542,-0.6939,1028.7828,305.1866,-2.7321,1018.9861,307.0354,-3.5266,1009.3253,309.9823,-3.6900,1000.1108,313.6635,-2.6157,990.9581,317.8209,-0.8780,981.5651,321.7398,0.8258,971.4966,325.0314,2.5562,962.1232,326.9838,3.8072,951.9439,327.5456,3.4969
483,1070.3817,300.5500,3.3798,1060.6579,302.0761,2.9539,1050.6715,303.2955,1.7370,1040.6153,304.1344,0.1524,1030.8538,305.1098,-1.6551,1020.8386,306.3863,-2.8804,1011.2340,308.6573,-3.7129,1001.3538,312.0411,-3.0765,992.0048,316.3578,-2.1331,982.7108,320.4870,-0.1205,973.4080,324.3442,1.5847,963.7666,327.2475,2.8622,954.3028,328.7085,3.4671
484,1072.5844,300.2832,3.3832,1062.8419,302.4491,3.4359,1052.5614,303.6290,3.0503,1042.7646,304.2220,1.2762,1032.3223,304.9987,-0.4514,1022.5237,306.2036,-2.1556,1012.9353,307.9778,-3.4521,1003.1203,311.0387,-3.6644,993.7533,314.6253,-2.7799,984.2074,319.1327,-1.5698,974.8288,323.0194,0.5758,965.4621,326.4895,2.1439,956.0309,329.0791,3.5124
485,1074.2063,300.3017,3.0138,1064.7581,302.5013,3.4755,1054.7734,303.8265,3.1338,1044.3351,304.7853,2.3455,1034.2636,305.4181,0.8429,1024.6671,306.1243,-1.1446,1014.5627,307.4277,-2.7644,1004.9291,309.6956,-3.2829,994.8880,312.9956,-3.1828,985.8592,317.2751,-2.3265,976.5636,321.8039,-0.5648,967.3687,325.4457,1.3718,957.4800,328.8534,2.7889
486,1076.1313,299.7063,1.8795,1066.2296,302.3318,3.2338,1056.4054,303.7723,3.4516,1046.5161,304.9003,3.2488,1036.6300,305.9344,1.4935,1026.3047,306.2612,-0.1617,1016.2933,307.4526,-1.9616,1006.2181,308.5488,-3.2883,997.0676,311.6566,-3.7278,987.4220,315.6285,-3.1017,978.0813,320.1037,-1.5178,968.5835,324.3387,0.2919,959.4278,328.2191,1.9517
487,1077.6986,299.1316,1.0095,1068.0778,301.8267,2.6149,1058.4704,304.0583,3.6314,1048.1455,305.6131,3.3438,1038.3400,306.3822,2.4488,1028.5900,306.8371,0.9480,1018.3246,307.2878,-0.7844,1008.3803,308.6026,-2.5300,998.4156,311.0715,-3.1126,988.5057,313.9563,-3.5620,979.4491,317.7749,-2.6554,970.4137,322.5689,-1.0387,961.3809,327.0076,0.8549
488,1079.3332,298.2403,0.0191,1070.1379,301.4091,1.5764,1060.0006,303.9393,3.1444,1050.2421,305.9144,3.7184,1040.2591,306.7328,3.0445,1030.1902,307.2051,1.8730,1020.2518,307.6879,0.2173,1009.9731,308.3228,-1.5686,1000.0976,309.5828,-2.8463,990.2526,312.5169,-3.6026,981.0663,316.4099,-3.2283,971.5988,320.6373,-2.1268,962.4709,325.5552,-0.1870
489,1081.0634,297.4645,-1.6274,1071.5283,300.4165,0.5577,1061.8401,303.2860,2.2204,1052.1787,305.7251,3.6015,1042.2024,307.6975,3.4573,1032.2618,307.8178,2.9887,1021.8097,308.4237,1.1026,1012.0175,308.7430,-0.4483,1002.0311,309.5562,-2.2189,991.8535,311.5298,-3.5685,982.5699,314.7490,-3.5912,973.1641,318.9812,-2.8297,963.7712,323.6097,-1.4134
490,1082.6847,296.4217,-2.3718,1073.1119,299.8218,-0.6612,1063.7353,302.5423,1.3195,1053.9247,305.5560,2.8111,1044.1322,307.5699,3.6575,1034.1906,308.5800,3.3093,1024.2549,308.8646,2.1349,1013.6956,309.1651,0.7630,1003.9705,309.7086,-1.1781,993.7780,310.8480,-2.9668,984.1105,313.2456,-3.6253,974.5646,316.8175,-3.1961,965.4641,321.3896,-2.1588
491,1084.4341,295.6526,-3.1021,1074.7405,298.6912,-1.6953,1065.0698,301.7818,0.1617,1055.6607,304.8273,1.8870,1045.5432,307.5646,3.0288,1036.1157,309.1320,3.7529,1026.1121,309.7854,3.1364,1015.8189,310.1224,1.8626,1005.5131,310.1667,0.0335,995.7831,310.9501,-1.8090,985.7272,312.3283,-3.0682,976.0627,315.3143,-3.6823,966.7756,319.3785,-2.9200
492,1086.1965,295.1450,-3.4714,1076.4531,297.5217,-2.7403,1066.9145,301.3026,-1.0682,1057.3988,304.1579,0.8214,1047.9337,307.0570,2.6633,1037.9774,309.1885,3.4360,1028.0910,310.4813,3.3603,1018.0941,310.8596,2.5869,1007.4393,310.8852,1.2109,997.5910,311.1850,-0.8289,987.4788,312.0561,-2.6380,977.6456,314.3594,-3.4128,968.3737,317.5730,-3.5908
493,1087.7081,294.3508,-3.5471,1077.9122,297.0528,-3.2022,1068.2526,300.0474,-2.5492,1059.0633,303.3471,-0.1203,1049.0899,306.4798,1.5748,1039.7783,309.2173,3.3726,1030.0626,310.9377,3.3651,1019.7971,311.8586,3.3167,1009.6101,311.8364,2.1893,999.5616,311.6372,0.3018,989.4765,312.0039,-1.6550,979.3189,313.0581,-3.0051,969.5252,316.0806,-3.3280
494,1089.4633,293.2879,-3.2472,1079.8834,295.8543,-3.4739,1070.0140,298.6863,-2.5593,1060.7877,302.1186,-1.3435,1050.8359,305.6815,0.4882,1041.5000,308.7569,2.1963,1032.0580,310.8584,3.2170,1021.9858,312.2628,3.5926,1011.8531,312.7330,3.1282,1001.6854,312.1469,1.2767,991.4408,312.5737,-0.6422,981.0970,313.1214,-2.3339,971.1777,314.9354,-3.4820
495,1091.2437,292.7129,-2.6187,1081.5930,295.0237,-3.4272,1071.8369,298.0627,-3.3870,1062.0663,300.9879,-2.3508,1052.7244,304.5336,-0.7929,1042.9905,307.5987,1.2964,1033.5786,310.8687,2.7787,1023.8066,312.5429,3.5028,1013.7315,313.2361,3.5247,1003.5271,313.1151,2.3608,992.8598,313.2558,0.8276,983.0053,313.2229,-1.1817,973.1551,314.4410,-2.5678
496,1092.8154,292.6946,-1.8622,1083.0672,294.5049,-3.0861,1073.5069,296.7569,-3.6127,1063.8678,299.7930,-3.0770,1054.3768,303.3394,-1.7032,1044.6675,307.0107,0.0870,1035.6356,310.2297,2.0045,1025.6139,312.6724,3.2276,1015.8676,314.0831,3.5991,1005.6706,314.4148,2.9079,995.2728,314.2641,1.8767,984.9899,313.6744,-0.2323,974.9210,314.3020,-1.7053
497,1094.9307,292.9473,-0.8103,1084.9223,293.9191,-2.4920,1074.8212,296.0509,-3.5328,1065.0271,298.6994,-3.5044,1055.6619,301.7587,-2.6458,1046.3867,305.4671,-1.1086,1036.8673,309.0903,0.8011,1027.2472,312.7781,2.8379,1017.4879,314.5145,3.3182,1007.4525,315.3160,3.4962,997.3887,315.5271,2.4634,987.2011,314.8124,0.9532,976.6608,314.7281,-0.8185
498,1096.7805,292.2737,0.3164,1086.6646,293.9276,-1.6605,1076.6522,295.2889,-3.0600,1067.0979,297.4756,-3.5927,1057.5574,300.7211,-3.1429,1047.9593,304.3431,-1.7281,1038.7047,308.1832,-0.3075,1029.1811,311.6352,1.5913,1019.2717,314.6703,2.8918,1009.4641,315.6973,3.4754,999.5068,316.2080,3.2683,989.1444,316.0531,2.0481,978.9499,315.3100,0.3444
499,1098.2383,292.6459,1.3388,1088.1289,293.7915,-0.5978,1078.3738,294.9053,-2.3569,1068.7775,296.9624,-3.2715,1058.9765,299.4332,-3.6000,1049.6280,303.0280,-2.8777,1040.1869,306.8635,-1.0269,1030.6405,310.5680,0.3554,1021.5157,313.9910,2.6992,1011.5533,316.1657,3.3714,1001.4816,317.2363,3.2016,991.0687,317.1182,2.6232,980.7783,316.7663,1.2750
500,1100.4247,292.4836,2.3030,1090.3565,293.7713,0.3586,1080.3664,295.0297,-1.3151,1070.4474,296.6245,-2.6995,1060.7294,298.6640,-3.7130,1051.0136,301.6256,-3.3757,1041.6027,305.1094,-2.1258,1032.6521,309.5112,-0.4566,1022.9785,312.9985,1.1790,1013.2977,315.9270,2.6562,1003.2401,317.7074,3.3853,993.2690,318.2450,3.2783,983.0804,317.5388,2.5341
501,1102.0792,292.9576,3.2796,1092.3472,294.1338,1.7328,1082.2719,294.6797,0.0452,1072.2910,296.1294,-1.8866,1062.3274,297.8542,-3.2691,1052.8525,300.5096,-3.6066,1042.9632,303.9598,-2.8228,1033.7067,307.8566,-1.6778,1024.6169,311.7333,0.2011,1014.8730,315.4525,2.1367,1005.1623,317.8886,3.0975,994.9270,319.1775,3.2504,985.3350,318.7966,3.0394
502,1104.0315,293.0237,3.3568,1094.3054,294.3549,2.6450,1084.3826,295.6479,1.2000,1073.9990,295.7417,-0.6772,1064.2051,297.3994,-2.4223,1054.2266,299.4566,-3.5777,1044.8317,302.3421,-3.6835,1035.1981,306.2597,-2.5630,1026.0287,310.4236,-1.1752,1016.5664,314.2777,0.8776,1007.0989,317.6786,2.6760,997.0200,319.5130,3.5789,986.9215,320.3045,3.4324
503,1105.9773,293.2303,3.6317,1096.0513,294.5168,3.2343,1086.2453,295.5823,2.1293,1075.8583,296.4000,0.4742,1065.8777,297.3723,-1.4514,1056.1316,298.7096,-2.7907,1046.4605,301.2838,-3.5864,1036.6393,304.7014,-3.2490,1027.4567,308.7656,-2.1141,1018.1663,313.2789,-0.2150,1008.5403,317.0156,1.3671,999.0433,319.4068,2.9349,989.4112,320.5190,3.4822
504,1107.4824,293.2259,3.6239,1097.9195,295.0279,3.1343,1087.9533,296.1097,2.9343,1077.7679,296.7365,1.2538,1067.8171,297.4270,-0.4452,1057.7399,298.5153,-2.1359,1047.9678,300.3246,-2.9731,1038.3721,303.3147,-3.5645,1028.9040,306.8594,-3.1740,1019.9248,311.4706,-1.3033,1010.2801,315.5958,0.2285,1000.9089,318.8952,1.9801,991.1274,321.3753,3.2777
505,1109.8598,292.8529,3.0791,1099.6590,294.8781,3.7238,1089.9656,296.3372,3.1850,1079.5785,297.2910,2.0943,1069.8315,298.0248,0.7614,1059.3728,298.8307,-1.2014,1049.3439,299.8776,-2.9435,1039.9640,302.2099,-3.6124,1030.4446,305.4138,-3.6175,1020.9202,309.5101,-2.3870,1011.9462,314.2229,-0.6273,1002.5021,318.3536,1.2556,993.0630,321.2309,2.7225
506,1111.4223,292.2190,1.7739,1101.2870,294.7100,3.1737,1091.8141,296.6651,3.6136,1081.4887,297.3330,3.1289,1071.6691,298.3622,1.6693,1061.4626,298.5635,-0.3909,1051.6753,300.0220,-2.0388,1041.3570,301.0775,-3.4096,1031.9947,304.3881,-3.5257,1022.6429,307.9289,-2.9653,1013.1417,312.4521,-1.4859,1003.7666,317.1105,0.1307,994.3721,320.5415,1.8719
507,1112.8202,291.5042,1.1061,1103.2844,294.3817,2.3663,1093.3688,296.4907,3.7173,1083.8459,298.2795,3.5817,1073.5768,298.9501,2.4609,1063.9323,299.4549,0.7951,1053.2102,299.6101,-0.9568,1043.3674,301.2416,-2.2286,1033.6416,303.0815,-3.5870,1023.8625,306.4732,-3.4872,1015.0304,310.6829,-2.6675,1005.4898,314.8518,-0.9158,996.2910,319.4569,0.5790
508,1114.8585,290.7487,-0.2686,1105.0447,293.9356,1.5260,1095.0774,296.6934,3.1891,1085.4673,298.2930,3.2755,1075.7074,299.6382,3.1711,1065.2180,299.7246,1.8129,1055.1801,300.2323,0.3669,1045.0670,300.9584,-1.5510,1035.5077,302.3049,-3.2011,1025.4665,305.0878,-3.7111,1016.2088,308.8510,-3.2776,1006.9752,313.1360,-1.9974,997.7674,317.7623,-0.3527
509,1116.3749,290.0294,-1.4643,1106.5482,292.8114,0.5653,1097.0210,295.9026,2.1906,1087.2408,298.5073,3.4235,1077.3880,299.6750,3.5669,1067.5882,300.5710,2.9260,1057.0788,300.5604,1.5281,1047.0578,301.3324,-0.6231,1037.2846,302.1883,-2.2484,1027.1984,304.0201,-3.5012,1017.7513,307.1891,-3.6412,1008.1486,311.2045,-2.9093,999.1490,316.0365,-1.2886
510,1118.0698,288.9670,-2.2978,1108.1029,292.1387,-0.6062,1098.7443,295.3863,1.2617,1089.0004,297.9812,2.2955,1079.3751,299.8390,3.4636,1069.3945,301.0449,3.5112,1059.3504,301.6291,2.3970,1048.9154,301.6083,0.8391,1038.9365,302.0405,-0.9744,1028.9626,303.2089,-2.7251,1019.2966,306.0316,-3.5819,1009.9142,309.6087,-3.3756,1000.3015,314.1852,-2.2236
511,1119.4350,288.1439,-2.9081,1110.0296,291.3125,-1.8206,1100.4194,294.5113,-0.0301,1090.4731,297.4377,1.9775,1081.1247,299.8235,3.1626,1071.4520,301.6013,3.5979,1061.2642,302.2419,2.9370,1051.1070,302.6884,1.9554,1040.9814,302.6836,0.0123,1030.7198,302.9012,-2.0287,1021.0002,305.0932,-3.0195,1011.3528,308.1062,-3.6479,1001.6947,311.9604,-3.1522
512,1121.2233,287.3209,-3.5226,1111.9685,290.1046,-2.6162,1102.0607,293.4173,-1.0889,1092.3255,296.7825,0.7498,1082.9358,299.6513,2.2150,1073.1361,301.7564,3.2902,1062.9938,302.8172,3.6234,1053.0396,303.4375,2.4680,1042.8529,303.3705,1.0771,1032.8754,303.4682,-0.7167,1022.6389,304.3343,-2.3658,1012.7765,306.6406,-3.3612,1003.3679,310.2567,-3.5047
513,1122.8847,286.6795,-3.7509,1113.3195,289.3336,-3.2008,1103.8582,292.5042,-2.1598,1094.2213,295.8547,-0.0966,1084.9871,299.0537,1.6280,1075.0172,301.3357,3.0858,1064.9475,303.1333,3.6035,1055.1508,304.1059,3.3722,1045.1024,304.3883,2.2785,1034.5524,304.2284,0.3373,1024.3647,304.4800,-1.5848,1014.6023,305.9860,-3.1564,1005.0252,308.7688,-3.3058
514,1124.6421,285.9988,-3.2696,1115.0488,288.5335,-3.6130,1105.2514,291.2896,-2.7240,1095.7959,294.6421,-1.4617,1086.3450,298.0906,0.2050,1076.6591,300.8969,2.3061,1067.0253,303.1259,3.3566,1056.9968,304.8911,3.4909,1046.9679,304.8182,2.6996,1036.3317,304.9664,1.4512,1026.5393,305.2033,-0.3587,1016.6545,305.5545,-2.1364,1006.7433,307.7439,-3.2703
515,1126.4709,285.1144,-2.6089,1116.5966,287.5582,-3.5107,1107.1204,290.2368,-3.6369,1097.3742,293.5506,-2.1671,1087.7877,296.7149,-0.9185,1078.3241,300.6639,1.2645,1069.0030,303.4243,2.9205,1059.1494,305.1138,3.4822,1048.9114,306.0122,3.3391,1038.6040,306.0679,2.7083,1028.5495,305.5630,0.5703,1018.3405,305.9288,-1.3567,1008.3150,306.8884,-2.6731
516,1128.2717,285.0728,-2.0386,1118.6842,286.8614,-3.2373,1108.5684,289.1060,-3.3603,1099.0208,292.1244,-3.0632,1089.5037,295.8288,-1.7015,1079.5776,299.4535,-0.1714,1070.5714,302.7215,2.1391,1060.8416,305.4799,3.4053,1051.0134,306.4104,3.7280,1040.9820,307.1779,2.9094,1030.7728,306.6006,1.6989,1020.2362,306.4128,0.0763,1010.1626,306.8407,-1.7903
517,1129.8789,285.1291,-0.7690,1120.1393,286.5574,-2.5230,1110.2791,288.6503,-3.7622,1100.6367,291.0729,-3.4221,1091.0608,294.6076,-2.6655,1081.5658,298.3400,-1.0629,1071.8672,301.8638,1.0155,1062.4096,304.8599,2.2811,1052.7246,306.9289,3.5537,1042.7966,307.7198,3.6478,1032.8025,307.7289,2.6496,1022.2204,307.3667,0.8641,1011.9459,307.1896,-1.0509
518,1131.7579,285.0476,0.3876,1121.6141,286.3468,-1.6374,1112.0032,287.9313,-2.9338,1101.9804,289.9879,-3.3866,1092.4870,293.1323,-3.1669,1083.1666,296.8842,-1.8432,1073.8310,300.8504,-0.3102,1064.4300,304.3568,1.8478,1054.4910,306.9962,3.1247,1044.5892,308.1208,3.4599,1034.3768,309.2112,3.3039,1024.3638,308.4447,2.0551,1014.0097,308.1583,0.2749
519,1133.8207,285.5016,1.2535,1123.6598,286.4514,-0.5827,1113.5790,287.7302,-2.2675,1104.1674,289.6909,-3.4305,1093.9415,291.9757,-3.4923,1084.7390,295.4588,-2.9204,1075.2899,299.3222,-1.5397,1065.8821,303.4612,0.4818,1056.4847,306.4053,2.1592,1046.5344,308.3899,3.2552,1036.7423,309.6704,3.8031,1026.5364,309.8287,2.9283,1016.1286,309.1844,1.2027
520,1135.2335,285.5148,2.2394,1125.5663,286.0510,0.7173,1115.3774,287.6950,-1.1698,1105.5737,289.1478,-2.6491,1095.8502,291.0588,-3.5050,1086.1696,294.4178,-3.4956,1076.6512,297.7373,-2.1942,1067.4567,301.6874,-0.6781,1057.8573,305.6743,1.2727,1048.3609,308.5363,2.8595,1038.6919,310.4274,3.4131,1028.4299,310.6287,3.5471,1018.2965,310.3921,2.2727
521,1137.2054,285.6810,3.0266,1127.5350,286.5821,1.4333,1117.4043,287.5908,-0.3026,1107.5183,288.5816,-1.7720,1097.5483,290.2205,-3.0731,1088.0645,293.2155,-3.4205,1078.4068,296.3448,-3.0101,1068.9266,300.3213,-1.7316,1059.7379,304.4599,-0.1815,1050.1584,307.8576,1.8237,1040.4215,310.4558,3.2558,1030.3502,311.8011,3.4612,1020.2470,311.7013,2.7213
522,1139.0781,285.8219,3.6576,1129.3202,286.8482,2.5629,1119.3219,287.5409,0.9590,1109.2170,288.9978,-0.9534,1099.3245,290.1641,-2.5416,1089.7237,291.8735,-3.6059,1079.7661,294.9164,-3.7177,1070.6867,298.7257,-2.5662,1061.0769,303.0197,-0.9318,1051.6711,307.1238,0.5382,1042.1818,310.1822,2.7564,1032.5561,312.0561,3.4354,1022.3565,312.7590,3.4897
523,1141.0681,285.7237,3.7325,1131.2877,287.3851,3.3223,1121.3074,288.1225,2.0331,1111.0304,288.8766,0.3042,1101.1341,290.2469,-1.6477,1091.3457,291.5931,-2.8333,1081.5689,293.6224,-3.3913,1072.0251,296.9913,-2.8539,1062.8058,301.4368,-2.1274,1053.3810,305.7508,-0.2378,1043.9171,309.2553,1.5246,1034.3417,312.2093,3.2176,1024.5093,313.3344,3.3418
524,1142.8976,285.4820,3.4024,1133.0257,287.3312,3.5786,1123.3213,288.4637,2.8273,1113.1358,289.2441,1.3871,1103.0205,290.0986,-0.6818,1093.2719,291.0577,-1.8870,1083.2191,293.1123,-3.6480,1073.6358,295.7301,-3.5909,1063.8608,299.8379,-2.5501,1054.9033,303.9994,-1.2446,1045.4606,308.3803,0.6105,1036.0635,311.5962,2.2358,1026.2146,313.9913,3.1739
525,1144.7119,285.5693,2.7499,1134.7389,287.3888,3.5916,1125.1534,288.9827,3.6681,1114.9807,289.8635,2.2278,1105.1527,290.5278,0.7142,1094.8746,291.2591,-1.1733,1084.6497,292.3280,-2.7544,1075.1702,294.9684,-3.4539,1065.6596,298.2839,-3.5687,1056.2429,302.3138,-2.2747,1046.9656,306.6215,-0.6477,1037.6365,310.6284,0.9820,1028.0704,313.7327,2.9705
526,1146.4780,284.8221,1.8083,1136.9057,287.0748,3.4421,1126.5607,289.0933,3.6664,1117.0720,290.1791,3.1865,1106.8318,290.8411,1.7549,1096.5546,291.4192,0.0632,1086.6977,292.4329,-1.9999,1077.1200,293.8096,-3.3594,1067.1647,296.8884,-3.4225,1057.7382,300.4743,-2.8929,1048.3873,305.0049,-1.8546,1039.1803,309.1866,-0.1220,1029.8836,313.0422,1.7576
527,1148.2601,284.1356,0.7302,1138.5429,287.0864,2.6368,1128.4023,289.2786,3.5488,1118.9037,290.5215,3.3684,1108.9399,291.3678,2.5695,1098.8376,291.9181,1.0794,1088.5350,292.4132,-0.8831,1078.4595,293.5205,-2.5663,1068.6157,295.7322,-3.5847,1059.2602,299.0064,-3.7586,1050.1149,303.3899,-2.5276,1040.7215,307.7864,-1.0156,1031.5583,311.8944,0.8584
528,1149.6798,283.5664,-0.2739,1140.2214,286.1640,1.7036,1130.6226,288.8444,3.0678,1120.7022,290.8373,3.7316,1110.9659,291.6533,3.0762,1100.4500,292.2650,1.8492,1090.2959,292.8698,0.1624,1080.4646,293.4836,-1.7969,1070.5279,294.9046,-3.0807,1060.8599,297.4418,-3.5255,1051.5004,301.0687,-3.3434,1041.8627,305.6206,-2.0227,1032.7141,310.6002,-0.4490
529,1151.9501,282.5566,-1.3265,1141.8743,285.5202,0.6765,1132.5321,288.4631,2.1621,1122.4664,290.6214,3.3593,1112.4295,292.1606,3.5234,1102.6213,293.0568,2.7664,1092.5331,293.4659,1.3762,1082.3353,293.5490,-0.1840,1072.2110,294.7384,-2.2020,1062.5414,296.3681,-3.3166,1052.7317,299.5085,-3.7149,1043.4055,303.7840,-2.8002,1034.4253,308.7407,-1.1626
530,1153.4039,281.5974,-2.3037,1143.4814,284.9652,-0.4997,1134.1855,287.7563,1.2815,1124.2541,290.5187,2.9059,1114.5574,292.5459,3.5040,1104.3919,293.5762,3.1806,1094.5270,294.1159,2.3690,1083.9032,294.1519,1.0605,1074.1210,294.7097,-1.2771,1064.4377,295.8426,-2.8534,1054.6185,298.4019,-3.4552,1045.2142,302.0965,-3.5314,1035.8911,306.6031,-2.3890
531,1154.7421,280.8429,-3.0570,1145.4334,283.6550,-1.7421,1135.9439,287.0948,-0.0958,1126.1502,289.8012,1.9280,1116.3443,292.4532,3.1034,1106.2233,294.1254,3.8106,1096.4634,294.9552,3.0224,1086.2876,295.1113,1.8323,1075.9542,295.3277,-0.3100,1066.0519,295.7706,-1.9690,1056.0297,297.5241,-3.5101,1046.3532,300.1706,-3.6356,1037.1342,304.9504,-3.0532
532,1156.4656,279.7958,-3.3036,1146.9150,282.8860,-2.4184,1137.6120,286.0984,-0.9470,1127.9562,289.1021,0.8200,1118.4751,291.9107,2.5769,1108.4290,294.3011,3.5318,1098.6040,295.3850,3.3451,1088.0792,295.9999,2.3442,1077.8998,296.1879,0.9830,1067.8589,296.1622,-0.7217,1057.7471,296.9602,-2.6932,1048.0240,299.0989,-3.4338,1038.8029,302.8336,-3.6726
533,1158.2255,279.2596,-3.4591,1148.7094,281.5904,-3.1583,1139.0734,284.9125,-2.0020,1129.4989,288.3358,-0.0489,1119.9008,291.3216,1.6299,1110.3715,293.6813,2.7835,1100.4579,295.9430,3.5087,1090.3477,296.9000,3.0786,1080.2392,296.6481,1.9134,1069.5758,296.6161,0.2416,1059.7099,297.1376,-1.3515,1049.7221,298.6506,-3.0499,1040.0432,301.1261,-3.7122
534,1159.8152,278.4967,-3.0463,1150.3053,281.0200,-3.6104,1140.5296,283.9207,-2.6768,1130.9196,286.9803,-1.1997,1121.5008,290.5434,0.3130,1112.1367,294.0439,2.2127,1102.1791,296.1191,3.5066,1092.4570,297.2454,3.5251,1081.9830,297.8260,2.6834,1071.9535,297.6698,1.4431,1061.5058,297.5105,-0.2831,1051.4809,298.4461,-2.2666,1041.8056,299.9754,-3.2069
535,1161.4570,278.1048,-2.6420,1151.7625,279.9203,-3.7253,1142.1455,282.7263,-3.1517,1132.1367,286.3152,-2.2138,1123.1156,289.7127,-0.5953,1113.3904,293.0308,1.3758,1103.9871,295.7092,2.7131,1094.0188,297.5435,3.2155,1084.1728,298.7156,3.1737,1073.9548,298.5293,2.3107,1063.8466,298.1562,0.6906,1053.2649,298.4421,-1.0695,1043.4665,299.5965,-2.6807
536,1163.5412,277.6494,-1.7616,1153.7923,279.1649,-2.8712,1144.0894,281.6225,-3.6458,1134.1264,285.0035,-3.1606,1124.9009,288.2765,-1.6419,1115.5129,291.9336,-0.1800,1105.5940,295.3367,1.8613,1095.8805,297.8203,3.4840,1085.9978,299.1440,3.6014,1076.1557,299.8262,3.1666,1065.8071,298.9237,1.7220,1055.3490,298.9957,0.0559,1045.3658,299.5696,-1.5050
537,1165.4083,277.5782,-0.8433,1155.3606,278.9939,-2.0994,1145.5866,280.9360,-3.7865,1135.9286,283.8832,-3.4957,1126.2304,287.1072,-2.8322,1116.6939,290.4918,-0.8315,1107.2177,294.2594,0.8232,1097.8882,297.4488,2.5621,1087.8608,299.5413,3.6329,1077.9172,300.3102,3.3377,1067.6654,300.1398,2.3707,1057.3840,299.9329,1.0783,1046.8448,299.9251,-0.6177
538,1166.8282,277.9715,0.2277,1157.0169,278.9167,-1.4481,1147.2008,280.6756,-3.1382,1137.4550,282.5501,-3.7606,1127.7747,285.7001,-3.1127,1118.3177,289.5589,-2.1173,1109.2462,293.1650,0.1091,1099.3105,297.1321,1.6663,1089.7279,299.5121,3.0267,1079.9183,300.8703,3.4960,1069.9796,301.2944,3.1807,1059.5686,300.8144,1.9867,1049.2861,300.4912,0.2881
539,1168.5512,277.5782,1.1543,1158.9031,278.8226,-0.4897,1149.3029,280.0702,-2.2067,1139.1760,282.1014,-3.2468,1129.4989,284.5673,-3.6764,1119.9289,288.0221,-3.0165,1110.5454,291.8103,-1.4005,1101.2699,295.6646,0.5040,1091.6641,298.7387,2.1099,1081.9379,301.1645,3.2305,1072.0329,302.3208,3.3922,1061.7130,302.2346,2.7385,1051.2843,301.7235,1.3865
540,1170.8100,278.0243,2.4395,1160.7569,278.7822,0.6920,1150.8836,280.0351,-1.3725,1140.9217,281.6566,-2.7933,1131.1674,283.7626,-3.2057,1121.4801,286.8640,-3.5375,1111.9408,290.4089,-2.2840,1102.4922,294.4190,-0.8377,1093.4906,298.0683,1.4713,1083.3373,301.2189,2.8771,1073.8968,302.7451,3.4096,1063.6605,303.2578,3.5318,1053.4223,302.8519,2.3942
541,1172.4593,278.0747,3.0630,1162.5074,279.3907,1.6601,1152.3533,280.0002,0.1381,1142.6260,281.4995,-2.0654,1132.6323,282.9833,-2.9532,1123.1439,285.5105,-3.7675,1113.6086,288.9436,-3.0495,1104.2258,293.1643,-1.5668,1094.8629,296.9760,0.0722,1085.3719,300.4624,1.9163,1075.4778,302.9644,2.9924,1065.8300,304.3569,3.6996,1055.5049,303.9272,3.2292
542,1174.5272,277.9520,3.6692,1164.5897,279.6172,2.4989,1154.2202,280.5807,0.8391,1144.3157,281.4234,-0.8429,1134.4513,282.5378,-2.5853,1124.9315,284.3988,-3.1192,1114.9821,287.7216,-3.5205,1105.6270,291.3480,-2.4887,1096.3696,295.3867,-0.9073,1087.0377,299.5606,0.8528,1077.5628,302.4784,2.4463,1067.6510,304.6075,3.3002,1057.7938,305.2787,3.3586
543,1176.2385,278.4098,3.5514,1166.6564,279.7594,3.4106,1156.5828,280.9395,2.1763,1146.4598,281.2823,0.5558,1136.3064,282.5109,-1.5245,1126.5037,283.9065,-3.0338,1116.7911,286.3515,-3.4872,1107.2167,289.8289,-3.1599,1098.0103,293.8789,-1.9490,1088.4315,298.0015,-0.3042,1079.2970,301.6874,1.1649,1069.5784,304.7223,2.8443,1059.4721,306.1805,3.5983
544,1178.1245,278.3214,3.2661,1168.5442,279.9160,3.5527,1158.0329,280.9964,2.8885,1147.9517,281.8826,1.3174,1138.2133,282.4247,-0.5016,1127.9446,283.4332,-2.3175,1118.2624,285.4660,-3.2636,1108.5281,288.4940,-3.5670,1099.2741,292.2539,-2.8980,1089.8699,296.6112,-1.4212,1080.8098,300.6810,0.3104,1071.4066,304.1377,2.2861,1061.3019,306.4023,3.2361
545,1179.9704,277.6833,2.8516,1170.0262,280.1367,3.5099,1160.2765,281.2437,3.4826,1150.2633,282.2783,2.2817,1139.8140,283.0689,0.7430,1130.0593,283.6577,-1.2980,1120.1042,285.1187,-2.9074,1110.0156,287.0431,-3.3142,1100.9632,290.5639,-3.4491,1091.6651,294.9050,-2.4407,1082.4413,299.1955,-0.7973,1072.7688,303.3511,1.1359,1063.2453,306.4355,2.8940
546,1181.7374,277.4769,2.1288,1172.0420,279.6801,3.2094,1162.2673,281.5386,3.6672,1151.9919,282.6808,3.1834,1142.2271,282.9781,1.6274,1131.9131,283.7956,0.1068,1122.0414,284.7617,-1.9315,1112.1908,286.4098,-3.1821,1102.6142,289.2640,-3.6379,1092.8033,292.9359,-2.9427,1083.7914,297.7354,-1.5528,1074.2267,301.7498,0.2104,1065.1491,305.4872,1.8685
547,1183.3084,276.5394,0.8717,1173.6760,279.5530,2.8911,1164.0071,281.3633,3.6077,1154.1391,282.9710,3.3500,1144.0994,283.8274,2.8812,1133.9865,284.5022,1.0225,1123.7770,285.0044,-0.6103,1113.9713,286.1185,-2.3527,1104.0593,288.1745,-3.4454,1094.2899,291.4966,-3.5379,1085.1162,295.5239,-2.5931,1075.7965,300.2537,-1.0486,1066.6344,304.5922,0.9479
548,1185.1650,276.0019,-0.3327,1175.6060,278.8488,1.8069,1166.0168,281.3612,2.9358,1156.0053,283.3771,3.3769,1146.1405,284.4127,3.4649,1135.9462,285.2240,2.2627,1125.9047,285.4245,0.0638,1115.6033,285.6744,-1.3402,1105.9928,287.3505,-3.0669,1096.1134,289.9164,-3.3174,1086.5309,293.7647,-3.3286,1077.5437,298.2882,-1.7960,1067.9442,303.0169,-0.0295
549,1186.7310,275.1773,-1.3256,1177.1595,278.3954,0.3259,1167.5537,280.9739,2.0249,1157.7955,283.3072,3.2144,1147.7462,284.9267,3.7408,1137.7390,285.6543,2.9434,1127.9423,285.8533,1.1650,1117.2714,286.2951,-0.3647,1107.6434,287.2355,-2.3063,1097.9751,289.1425,-3.2188,1088.0603,292.2138,-3.8407,1079.0813,296.2477,-3.0424,1069.6262,301.0431,-1.4084
550,1188.4523,274.3138,-2.2902,1179.1506,277.4027,-0.4299,1169.3819,280.1975,1.3309,1159.6151,283.1267,2.9323,1149.7764,285.4888,3.7347,1139.8846,286.2140,3.6511,1129.5529,286.6294,2.3486,1119.6128,286.7042,0.4593,1109.0472,287.1928,-1.0011,1099.4100,288.4132,-2.6383,1089.9363,291.0380,-3.5729,1080.1671,294.2882,-3.1714,1070.8381,299.1735,-2.3966
551,1189.8166,273.3625,-2.6941,1180.4454,276.3086,-1.5652,1170.6679,279.6257,0.1089,1161.4619,282.7558,1.7104,1151.6975,285.0403,2.8490,1141.5611,286.5952,3.6682,1132.0172,287.1489,3.1805,1121.4757,287.5165,1.4192,1111.4960,287.6727,-0.1546,1101.2077,288.3072,-1.9479,1091.3182,289.9631,-3.1479,1081.6738,292.8961,-3.7258,1072.3994,297.0672,-3.1026
552,1191.7638,272.1924,-3.4625,1181.9385,275.5857,-2.4883,1172.4989,278.7552,-0.8836,1162.8723,281.8025,0.6864,1153.2410,284.7222,2.2597,1143.8545,286.8501,3.3255,1133.7933,288.2070,3.4994,1123.6546,288.4462,2.3862,1113.0997,288.6085,1.0545,1102.9553,288.6824,-0.8969,1093.0313,289.5711,-2.6018,1083.2697,291.5533,-3.5802,1073.8965,295.4400,-3.4543
553,1193.5407,271.6488,-3.8152,1183.6865,274.0018,-3.3137,1173.8591,277.3992,-2.0535,1164.4427,280.6979,-0.4374,1155.1803,283.9469,1.4826,1145.3059,286.9280,2.7602,1135.4103,288.4419,3.8603,1125.5328,288.9915,3.2553,1115.3830,289.2828,2.2161,1105.1192,289.1264,0.4503,1095.0631,289.2460,-1.7518,1084.7846,290.9081,-3.1563,1075.0834,293.6616,-3.4822
554,1195.1513,270.9517,-3.1039,1185.3589,273.4427,-3.4163,1175.7178,275.8964,-2.7830,1166.1804,279.7942,-1.1668,1156.4193,283.1030,0.6119,1147.1252,286.3834,1.9053,1137.5114,288.6225,3.1630,1127.5240,289.4865,3.5811,1117.3665,289.9763,2.9072,1107.0438,289.8175,1.4210,1096.8217,289.9308,-0.7157,1086.4395,290.6241,-2.0671,1077.1842,292.6673,-3.2355
555,1196.7873,270.5028,-2.9471,1186.9221,272.6898,-3.5471,1177.1608,274.9857,-3.4540,1167.8206,278.5667,-2.3966,1158.1923,281.9987,-0.8251,1148.6121,285.3772,1.3044,1139.4405,288.2929,2.7663,1129.1579,289.9225,3.6293,1119.4782,291.1932,3.5807,1109.4239,291.1208,2.1910,1098.9291,290.7860,0.6824,1088.5128,291.1358,-1.2500,1078.4426,291.8630,-2.6863
556,1198.2312,270.2491,-1.7769,1188.6783,271.9933,-3.3168,1178.9276,274.3384,-3.4856,1169.3879,277.3286,-3.0498,1160.1068,280.9075,-1.8340,1150.7067,284.3186,0.2129,1141.1059,287.9142,1.8050,1131.3741,290.1271,3.2816,1121.5068,291.8683,3.6731,1111.0970,292.0191,2.8581,1100.7841,291.7587,1.8763,1090.8530,291.5093,0.0568,1080.9370,291.5693,-1.6442
557,1200.4156,270.2671,-1.1024,1190.6382,271.4042,-2.8575,1180.7829,273.5230,-3.4337,1170.8198,276.0429,-3.5319,1161.8317,279.4036,-2.6066,1152.1866,283.4937,-1.0223,1142.6485,286.7294,0.7448,1133.2286,289.9344,2.6691,1123.0584,291.9856,3.6753,1113.4639,292.8666,3.3138,1102.7673,292.6589,2.6206,1092.8192,292.1584,0.8448,1082.3253,292.2972,-0.9788
558,1202.2995,270.2359,0.2951,1192.4153,271.3730,-1.5478,1182.3740,273.0372,-2.9102,1172.8938,275.1089,-3.4309,1163.0174,278.4670,-3.0439,1153.5957,281.6923,-2.0163,1144.2220,285.8304,-0.1228,1134.7379,289.3323,1.3484,1125.2790,291.9536,2.8978,1115.2128,293.3582,3.5109,1104.8832,293.6529,3.3437,1094.7744,293.8011,2.1956,1084.2084,292.8681,0.1978
559,1204.2023,270.2705,1.3311,1194.1530,271.4729,-0.4290,1184.1782,272.6530,-2.4328,1174.1518,274.5582,-3.5347,1164.7197,277.2230,-3.5862,1155.0971,280.6917,-2.9465,1145.8080,284.5156,-1.4535,1136.3514,288.1989,0.2560,1126.7813,291.5206,2.0994,1116.8762,293.4607,3.2455,1106.8088,294.6998,3.7582,1096.9532,294.8888,2.9163,1086.8796,293.8951,1.4601
560,1205.8516,270.5703,2.2664,1195.7264,271.5561,0.7669,1185.6361,272.5921,-1.1520,1176.3496,273.8032,-2.6725,1166.2358,276.2635,-3.7292,1156.6043,279.0645,-3.5620,1146.9905,283.2063,-2.6312,1137.8491,286.9014,-0.7998,1128.3518,290.6153,1.3138,1118.9922,293.4504,2.8578,1108.9422,295.4758,3.5170,1098.8886,295.7138,3.4266,1088.7561,295.5537,2.3510
561,1208.0161,270.4261,3.1110,1197.4909,271.5015,1.7765,1187.7647,272.5541,-0.2957,1178.1227,273.8378,-1.8891,1167.8393,275.6334,-3.4479,1158.2695,277.8419,-3.8099,1148.8851,281.1786,-3.1446,1139.6286,285.3784,-1.7126,1130.0110,289.4726,-0.0326,1120.5505,293.0419,1.4577,1110.8250,295.5704,3.0454,1100.8948,296.5982,3.4996,1090.7330,296.4930,3.0441
562,1209.8749,270.7808,3.6795,1199.8289,271.6670,2.9190,1189.7442,272.6698,1.1377,1179.9396,273.8064,-0.7507,1169.5940,275.0633,-2.7903,1159.9131,277.3440,-3.5161,1150.2963,280.1325,-3.6833,1140.8131,283.9804,-2.2760,1131.6436,287.7819,-1.0900,1122.1180,292.2115,1.0265,1112.5886,295.1119,2.2544,1102.7583,296.9572,3.4373,1092.6343,297.5197,3.4145
563,1211.5521,270.8046,3.3882,1201.3184,272.2411,3.0452,1191.8037,273.2552,2.0099,1181.7019,274.0992,0.3739,1171.6857,275.0533,-1.4200,1161.5091,276.6206,-2.9664,1152.0798,278.8684,-3.8037,1142.5839,282.1255,-3.3674,1132.9911,286.5920,-1.9507,1123.9390,290.6494,-0.4584,1114.4029,294.5526,1.3725,1105.0471,296.7551,3.0316,1094.9161,298.2709,3.6802
564,1213.1413,270.6899,3.3640,1203.2405,272.2132,3.3071,1193.6646,273.6533,2.6879,1183.3301,274.3671,1.1943,1173.5427,274.9845,-0.6077,1163.2933,276.0002,-2.3629,1153.6024,277.8733,-3.3649,1143.8846,281.0673,-3.5261,1134.4795,284.7010,-2.7134,1125.2485,288.9383,-1.1940,1116.2618,293.3153,0.5634,1106.5081,296.7093,2.4256,1096.6845,298.9437,2.9641
565,1215.4180,270.4737,2.8917,1205.0981,272.6290,3.4864,1195.4502,274.0940,3.4351,1185.5501,274.6776,2.2723,1175.3548,275.4837,0.5584,1165.5417,276.1091,-1.3230,1155.2375,277.3902,-2.7625,1145.7975,279.7749,-3.6339,1136.4084,283.4096,-3.4032,1126.4811,287.4029,-2.0554,1117.3815,291.7887,-0.5891,1108.1853,295.8428,1.2595,1098.6940,298.6263,2.4963
566,1216.6712,270.1393,1.7455,1207.3575,272.4440,3.4536,1197.2374,273.8891,3.6165,1187.5438,275.4843,2.9949,1177.2919,275.9261,1.6367,1167.1446,276.0998,-0.2420,1157.0229,277.1223,-1.7945,1147.2706,279.0316,-3.1172,1137.7856,281.5655,-3.4724,1128.2725,285.5184,-3.2424,1118.6973,289.8133,-1.5298,1109.6753,294.4209,0.2390,1100.1004,298.2649,1.8993
567,1218.6937,269.4075,1.0363,1208.7811,271.8447,2.2975,1198.9161,273.8625,3.4787,1189.4653,275.4997,3.3505,1179.3106,276.2394,2.9066,1169.1590,276.8520,0.9205,1158.8719,277.2265,-0.9335,1149.3165,278.4541,-2.2812,1139.4016,280.6483,-3.3446,1129.4837,283.9600,-3.3076,1120.4505,288.1472,-2.6865,1110.9691,292.7182,-0.5043,1101.9090,296.8274,0.7344
568,1220.3859,268.5743,-0.5191,1210.2373,271.6399,1.5256,1201.0760,273.9394,3.1874,1191.1172,276.0499,3.5429,1180.9934,276.8428,3.0311,1171.2632,277.7239,2.2297,1160.7873,277.9193,0.4356,1151.0206,278.6547,-1.5819,1140.9457,279.9759,-2.7323,1131.2638,282.6864,-3.6522,1121.9647,285.9988,-3.0449,1112.7908,290.9799,-1.8555,1103.4579,295.4694,-0.2941
569,1221.9119,267.6838,-1.4153,1212.2163,270.7225,0.5231,1202.8981,273.3566,2.4028,1193.2574,275.9725,3.2347,1183.0223,277.2575,3.4751,1172.9553,278.1919,2.9295,1162.9137,278.4521,1.6512,1152.8638,278.8247,-0.6067,1142.7994,279.7320,-2.2669,1132.9953,281.3264,-3.2216,1123.4303,284.6280,-3.5608,1114.0406,289.0803,-2.8126,1104.6500,293.7599,-1.4378
570,1223.4763,266.5947,-2.3955,1213.9726,269.8824,-0.4237,1204.2290,273.0918,1.2729,1194.6795,275.6615,2.7826,1185.1612,277.3335,3.5963,1174.8932,278.9358,3.3431,1164.8631,279.2042,2.3012,1154.6027,279.6929,0.4791,1144.6343,279.4218,-1.2319,1134.7998,280.8990,-2.7422,1124.9919,283.3501,-3.3754,1115.4539,287.0647,-3.2760,1106.1993,291.7740,-2.4962
571,1225.3950,265.9619,-2.9418,1215.5751,269.0867,-1.6567,1206.1643,272.0198,0.3800,1196.3549,275.1047,1.7913,1186.7544,277.7769,3.2943,1176.9677,279.1040,3.5489,1166.9833,279.7109,3.0610,1156.7828,280.1243,1.6097,1146.2472,280.1397,-0.1196,1136.3857,280.6510,-1.8400,1126.5353,282.5242,-3.1149,1117.0019,285.5015,-3.5752,1107.7858,289.4448,-2.9459
572,1226.9052,264.8905,-3.4766,1217.2161,267.7546,-2.5818,1207.6404,270.8607,-1.0529,1198.3254,274.2280,1.0087,1188.7985,277.2391,2.4900,1178.8119,279.4611,3.2482,1168.7896,280.3851,3.5156,1158.6611,280.9748,2.5607,1148.4928,280.8726,1.0925,1138.3304,281.4424,-0.7377,1128.1702,282.1123,-2.7119,1118.2499,284.2719,-3.4744,1108.9325,288.0297,-3.3735
573,1228.7733,264.3533,-3.4410,1219.0539,266.8298,-3.1116,1209.3804,269.9541,-1.7732,1199.8200,273.3376,-0.1066,1190.2892,276.6367,1.5086,1180.6313,279.0832,3.0343,1170.8393,281.3323,3.6981,1160.7672,282.0755,3.3899,1150.6805,281.9031,2.0614,1140.2404,281.6291,0.1505,1129.9580,282.1188,-1.5550,1120.2166,283.3537,-3.0180,1110.6754,286.3229,-3.5268
574,1230.3096,263.5956,-3.6270,1220.8264,265.9157,-3.6502,1210.9431,268.7416,-2.7645,1201.3169,272.2229,-1.2786,1191.9006,275.8494,0.4133,1182.6443,278.6160,2.1104,1172.7624,281.0130,3.1769,1162.6824,282.2646,3.8125,1152.5266,282.4759,2.7411,1142.4258,282.3235,1.4187,1131.8528,282.2745,-0.4840,1122.2093,282.9766,-2.2762,1112.2513,285.2637,-3.3181
575,1232.1603,263.0714,-2.8872,1222.2880,265.2442,-3.4043,1212.5342,267.6518,-3.1327,1203.0103,271.3021,-2.3869,1193.6247,274.6662,-0.9277,1183.8615,277.9881,1.1152,1174.5058,280.7801,3.0141,1164.5372,282.7520,3.6794,1154.3789,283.6646,3.6443,1144.4123,283.1630,2.4524,1133.9999,283.2129,0.4134,1123.7671,283.5253,-1.2986,1113.6616,284.2662,-2.6142
576,1233.9315,262.6287,-1.7119,1223.7740,264.5643,-3.0923,1214.4227,266.7171,-3.8579,1204.8453,269.8993,-2.9997,1195.0607,273.3775,-1.9043,1185.7519,277.3297,-0.0294,1176.1604,280.0722,1.9210,1166.5841,282.8371,3.1302,1156.3720,284.0701,3.3968,1146.4953,284.7688,3.0995,1135.9750,284.3680,1.6478,1125.9998,283.8361,-0.2779,1115.7012,284.1101,-1.8880
577,1235.5429,262.8835,-0.6952,1225.6070,263.9424,-2.2390,1216.0757,265.9777,-3.4682,1206.1942,268.7566,-3.2257,1196.7523,271.9281,-2.5704,1187.1868,275.7875,-0.9922,1177.8089,279.5400,0.9693,1168.0876,282.4901,2.2728,1158.3715,284.3716,3.4303,1148.3985,285.1676,3.8029,1138.4753,285.4947,2.5744,1127.9612,285.1463,1.0321,1117.4595,284.8258,-0.6675
578,1237.5761,262.4419,0.4699,1227.4731,263.7126,-1.4216,1217.5200,265.6390,-2.8960,1207.8176,267.8529,-3.5390,1198.5552,270.6861,-3.5114,1188.6592,274.5718,-2.0079,1179.2560,278.1547,-0.5002,1169.5257,281.8933,1.7090,1160.2381,284.2664,2.9372,1150.5492,285.8422,3.4779,1140.1834,286.2531,3.3205,1129.8890,285.9412,2.1975,1119.9940,285.6102,0.3665
579,1239.3968,262.7755,1.3197,1229.1251,264.0058,-0.6033,1219.3251,264.9579,-2.3405,1209.6409,267.0926,-3.3519,1200.0005,269.4477,-3.5329,1190.4850,272.8489,-2.7775,1181.1871,276.8098,-1.3692,1171.7429,280.7577,0.5287,1161.9151,283.9152,1.8409,1152.3977,286.0814,3.3476,1142.3359,287.2460,3.7540,1132.0669,287.2351,2.7961,1121.9148,286.4464,1.2368
580,1241.1924,262.8938,2.1980,1231.4838,264.1667,0.9126,1221.3038,265.2217,-1.0086,1211.0815,266.6729,-2.8220,1201.4827,268.7047,-3.2450,1191.8684,271.6315,-3.4528,1182.7272,275.7089,-2.3049,1173.0062,279.6786,-0.8459,1163.6528,283.2414,1.2543,1154.1322,286.0290,2.8070,1144.3941,287.8618,3.6113,1134.1134,288.4843,3.0915,1124.0820,288.0876,2.2740
581,1243.1037,263.1259,2.9899,1233.0555,264.1571,1.5949,1223.0528,265.3082,0.0572,1212.9565,266.2273,-1.8864,1203.1886,268.2274,-2.9302,1193.5227,270.5506,-3.4192,1183.9932,273.9736,-3.1175,1174.7120,277.9566,-1.9823,1165.2179,281.9231,0.1964,1155.5725,285.4867,1.9310,1145.9051,288.1172,3.1432,1135.9646,289.1324,3.5542,1126.0685,289.0601,2.9885
582,1244.9421,263.1673,3.6482,1234.8846,264.4308,2.5462,1225.0178,265.3883,0.8899,1214.8511,266.2927,-0.7783,1204.7833,267.8401,-2.3979,1195.2241,269.7306,-3.5093,1185.7703,272.6608,-3.6965,1176.2422,276.2296,-2.4955,1166.8080,280.6334,-0.9329,1157.5461,284.4732,0.6888,1147.8627,287.7071,2.5875,1138.1891,289.3474,3.4817,1128.1436,290.1783,3.2688
583,1246.7086,263.2122,3.7715,1236.9975,264.6472,3.0974,1226.7441,265.9315,1.9958,1216.8309,266.4981,0.6175,1207.0548,267.4115,-1.7025,1196.5399,269.1095,-2.8919,1187.1226,271.3265,-3.4567,1177.8896,274.6280,-3.1527,1168.5034,278.9546,-1.9735,1158.7757,283.2603,-0.3504,1149.6746,286.8806,1.8769,1139.7075,289.6817,3.2382,1130.1466,290.9719,3.4918
584,1248.5927,263.1049,3.4099,1238.5767,265.0476,3.5228,1228.7879,266.1286,2.7911,1218.5559,266.9740,1.0679,1208.8532,267.5836,-0.4353,1198.5082,268.4998,-2.3422,1189.0982,270.5490,-3.2699,1179.2636,273.5519,-3.4348,1169.8821,277.3763,-2.7342,1160.5744,281.5391,-1.4406,1151.1802,285.9121,0.5747,1141.8432,289.1537,2.3928,1131.6229,291.4706,3.1960
585,1250.3407,262.6710,2.6287,1240.7034,264.9509,3.7869,1230.7367,266.3779,3.5884,1220.7532,267.4028,2.3656,1210.3221,268.0457,0.5776,1200.7765,268.7236,-1.2100,1190.4546,270.3745,-2.8271,1180.8977,272.2796,-3.6691,1171.1437,275.6643,-3.3938,1162.0681,279.7279,-2.5441,1152.4033,284.0974,-0.4973,1143.5127,288.2348,1.1165,1133.7591,291.4305,2.8879
586,1252.1256,262.3428,1.8372,1242.5947,264.9830,3.0486,1232.4972,266.7091,3.3679,1222.3806,267.9265,3.2377,1212.4991,268.3340,1.6271,1202.2810,268.6777,-0.2111,1192.2761,270.1229,-1.8738,1182.5162,271.6714,-3.0843,1172.6558,274.2044,-3.4928,1163.4427,277.8101,-2.7055,1153.9229,282.3762,-1.2101,1144.9401,286.7089,0.1627,1135.5032,290.7235,1.9407
587,1254.0306,261.7081,0.6283,1244.1623,264.7777,2.5116,1234.6426,266.6028,3.4445,1224.5711,267.9353,3.8161,1214.3628,268.9866,2.3980,1204.2358,269.6439,0.8824,1194.1828,269.7287,-0.9769,1184.3368,270.9044,-2.6893,1174.5523,273.1479,-3.5901,1165.0448,276.6138,-3.5196,1155.5847,280.6641,-2.5751,1146.2642,285.3649,-0.9727,1137.2920,289.3239,1.0942
588,1255.6053,261.0466,-0.3202,1245.9116,263.9398,1.7903,1236.3859,266.5232,2.9027,1226.3548,268.3260,3.6207,1216.3667,269.6244,3.0724,1206.4155,269.8188,1.7938,1196.1066,270.4730,0.2842,1185.8860,271.1267,-1.6435,1176.1657,272.4792,-2.9999,1166.5750,275.0850,-3.9131,1157.1091,278.9407,-3.2004,1147.7872,283.5446,-1.9050,1138.4686,288.2241,-0.4536
589,1257.4478,260.0585,-1.3121,1247.4476,263.1495,0.4198,1238.3256,266.1594,2.1467,1228.3189,268.1544,3.2707,1218.3851,269.9362,3.7073,1208.2847,270.8926,2.8558,1198.1944,271.0211,1.1386,1187.9349,271.3826,-0.4836,1177.9875,271.9708,-2.4719,1168.2041,274.2117,-3.3063,1158.5582,277.3180,-3.7462,1148.9617,281.6088,-2.9155,1139.8124,286.0895,-1.3306
590,1258.7680,259.2819,-2.2681,1249.2905,262.2547,-0.4865,1239.4138,265.3227,1.3421,1229.9303,268.0816,2.8466,1220.0373,270.1691,3.0920,1210.3005,271.3134,3.3885,1200.2025,271.7726,2.4214,1189.9385,271.9500,0.4628,1179.6575,272.2728,-1.1724,1169.5505,273.5940,-2.7493,1159.9190,276.0332,-3.3567,1150.7256,279.5094,-3.4661,1141.2875,284.0289,-2.5226
591,1260.4541,258.4957,-3.0537,1250.9427,261.5109,-1.7334,1241.3820,264.7274,0.3478,1231.5725,267.7397,1.8684,1222.2090,269.8671,3.1627,1212.2826,271.5936,3.5697,1201.9005,272.1548,2.8345,1191.9323,272.7060,1.7408,1181.4798,272.7881,-0.1304,1171.6681,273.7317,-2.0004,1161.6255,275.1825,-3.2688,1152.2890,278.0481,-3.6582,1143.0653,282.2259,-3.1949
592,1262.1093,257.3407,-3.5661,1252.7289,260.3828,-2.3991,1243.2415,263.3861,-1.1939,1233.0685,266.6823,0.9330,1223.7617,269.7069,2.5711,1214.1852,271.9178,3.3640,1204.2508,273.1794,3.5288,1193.9824,273.3613,2.4687,1183.5606,273.3663,1.2130,1173.6316,273.6746,-0.8351,1163.5737,274.6022,-2.6830,1153.7746,276.7920,-3.4733,1144.1588,280.1700,-3.6165
593,1263.8316,256.7164,-3.5157,1253.9297,259.3348,-3.2882,1244.5343,262.6580,-1.8072,1234.9382,265.8518,-0.4124,1225.5064,269.1256,1.5390,1215.8304,271.7649,2.9689,1206.0204,273.6430,3.6357,1195.8041,274.2196,3.4020,1185.6256,273.9602,1.9414,1175.5582,274.2899,0.2246,1165.2516,274.5687,-1.4345,1155.3278,275.8353,-3.1314,1145.9301,278.8709,-3.4683
594,1265.7108,255.9738,-3.1600,1255.8948,258.4734,-3.3489,1246.0024,261.4726,-2.7398,1236.5722,264.7994,-1.1778,1227.2390,268.2155,0.4473,1217.8989,271.3605,1.9623,1207.9403,273.6603,3.2930,1198.0612,275.0114,3.3366,1187.8647,275.0839,2.9002,1177.3499,275.1833,1.3494,1167.0623,275.3198,-0.3478,1157.1085,275.8050,-2.4044,1147.2920,277.8570,-3.6476
595,1266.9514,255.5556,-2.5919,1257.3938,257.7789,-3.4036,1248.0202,260.1032,-3.4957,1238.2669,263.5365,-2.3873,1228.8272,267.2651,-0.6261,1219.4162,270.6588,1.1388,1209.8198,273.2862,2.8160,1199.8488,275.1386,3.4754,1189.8177,275.8661,3.4359,1179.3607,276.0486,2.3345,1169.4131,275.9304,0.6538,1159.1015,275.7627,-1.0090,1148.8859,277.1701,-2.6665
596,1268.9053,255.5646,-2.0804,1258.8794,257.1255,-2.9325,1249.3766,259.5347,-3.8794,1239.7472,262.5869,-3.1490,1230.3584,265.8622,-1.3556,1220.6945,269.4796,-0.0461,1211.4837,272.6749,1.9837,1201.5857,275.1445,3.0377,1191.8163,276.8464,3.5327,1181.6002,276.8078,3.1228,1171.7453,276.6248,1.7652,1161.1390,276.2560,-0.0361,1150.9396,276.9206,-2.1151
597,1270.7186,255.0567,-0.6464,1260.7820,256.7075,-2.4988,1251.0757,258.6607,-3.2587,1241.3040,261.0069,-3.4372,1231.6599,264.5753,-2.5880,1222.5637,268.3202,-0.9754,1212.9513,272.0269,0.6054,1203.6392,274.7748,2.3196,1193.6433,276.9469,3.6063,1183.6264,278.2652,3.3969,1173.3798,277.8627,2.4370,1162.9024,277.4785,1.2610,1152.8695,277.4613,-0.5073
598,1272.5100,255.1307,0.2228,1262.4868,256.3587,-1.7111,1252.9469,257.8554,-2.9875,1243.4144,260.5419,-3.7854,1233.4716,263.3074,-2.9052,1224.0117,266.8924,-1.7851,1214.9146,270.8451,-0.1302,1205.3142,274.2483,1.5058,1195.3986,276.8817,3.1884,1185.6691,278.4819,3.5867,1175.5739,278.9894,3.1063,1165.2783,278.5953,1.8392,1154.7550,277.8291,0.5438
599,1274.6363,255.3235,1.5336,1264.3191,256.3694,-0.4999,1254.5476,257.6897,-2.1548,1244.7367,259.6723,-3.1945,1235.1553,262.2899,-3.6506,1225.4793,265.2919,-2.7638,1216.3795,269.5364,-1.2460,1206.7974,273.3449,0.4188,1197.4023,276.5495,2.4095,1187.8333,278.7535,3.2049,1177.4783,279.7480,3.6369,1167.3517,279.5989,2.8359,1156.9795,279.1838,1.3366
