pt1_cam1_X,pt1_cam1_Y,pt1_cam2_X,pt1_cam2_Y,pt2_cam1_X,pt2_cam1_Y,pt2_cam2_X,pt2_cam2_Y,pt3_cam1_X,pt3_cam1_Y,pt3_cam2_X,pt3_cam2_Y,pt4_cam1_X,pt4_cam1_Y,pt4_cam2_X,pt4_cam2_Y,pt5_cam1_X,pt5_cam1_Y,pt5_cam2_X,pt5_cam2_Y,pt6_cam1_X,pt6_cam1_Y,pt6_cam2_X,pt6_cam2_Y,pt7_cam1_X,pt7_cam1_Y,pt7_cam2_X,pt7_cam2_Y,pt8_cam1_X,pt8_cam1_Y,pt8_cam2_X,pt8_cam2_Y,pt9_cam1_X,pt9_cam1_Y,pt9_cam2_X,pt9_cam2_Y,pt10_cam1_X,pt10_cam1_Y,pt10_cam2_X,pt10_cam2_Y,pt11_cam1_X,pt11_cam1_Y,pt11_cam2_X,pt11_cam2_Y,pt12_cam1_X,pt12_cam1_Y,pt12_cam2_X,pt12_cam2_Y
350.1323,431.0907,349.9320,430.8702,360.4496,454.8385,359.8994,455.1371,180.0602,401.1460,180.1172,400.9790,79.9894,400.9362,79.9773,401.2101,394.9734,390.9989,395.0728,391.0026,249.8485,416.1527,249.9302,415.8945,244.9273,441.1073,244.9235,441.0944,210.1358,408.8297,209.8797,409.2294,204.7145,435.9216,204.9696,436.0272,230.0645,360.9330,229.8100,361.1492,395.1017,410.8502,394.8912,410.9756,349.6907,369.9600,349.8615,370.1259
349.9900,430.9278,350.1863,430.5762,361.4803,456.0977,361.4676,458.7264,180.5186,400.8669,180.2565,400.8364,80.2810,400.9943,80.2985,400.9847,395.2258,390.8793,395.2634,390.9070,250.2450,415.9524,250.4368,416.0726,245.2870,441.0313,245.3753,441.1743,210.1104,409.1474,210.6354,409.4035,205.3226,436.0756,204.9975,435.9890,230.1805,360.8957,230.2735,361.0843,395.4094,410.9083,395.4722,411.0376,351.4919,371.2335,351.5694,374.0278
350.6817,431.1466,350.4731,430.8104,362.9034,457.1824,363.0140,462.1181,180.7984,400.6368,180.2625,400.8080,80.5864,400.6429,80.7375,401.0584,395.4339,391.0998,395.4753,390.9634,250.6888,415.9831,250.5837,415.9427,245.3347,440.8410,245.6161,441.0256,210.6822,408.9388,210.5400,409.1620,205.7730,436.1231,205.4846,436.1865,230.3229,360.7449,230.5039,360.7772,395.3434,411.0448,395.9610,410.8610,353.0237,372.3268,352.8777,377.6350
350.7641,430.8636,350.9786,431.0240,364.2016,458.1716,364.3299,465.8245,180.6972,400.9731,180.8864,400.7942,80.7240,400.7398,80.6751,400.7807,395.9637,390.7352,395.8342,390.8895,250.5041,415.8772,250.7153,416.0260,245.6846,440.7286,245.6991,440.9222,210.9555,409.0916,210.8867,408.6359,205.7041,435.7532,205.6328,435.9175,230.6656,360.9113,230.7092,360.9796,395.8643,411.0812,395.8728,410.8813,354.3830,373.2613,354.3015,380.4843
350.8867,430.7150,351.0911,430.9808,365.4970,459.0155,365.3987,468.9235,181.0857,400.9885,180.9647,400.9807,80.8980,400.9579,80.9841,400.9020,396.0012,390.6233,395.8648,390.8116,251.0978,415.9483,250.9332,415.8392,246.0176,440.7685,246.2475,440.4522,210.8973,408.4062,210.8199,409.0567,205.9227,435.8686,205.9745,435.6174,230.7633,360.9771,231.2880,360.7641,396.2569,410.6587,395.8532,410.5183,355.4682,374.0216,355.4751,383.5219
351.3793,430.5480,351.0773,430.8731,366.5181,459.8591,366.5078,471.1577,181.2205,400.6173,181.2434,400.6508,81.3399,400.7404,81.2826,400.5706,396.4393,390.7444,396.1256,390.5269,251.2827,415.7658,251.2715,415.5516,246.5608,440.5354,246.1221,440.6464,211.3795,408.7715,211.2119,408.5141,206.2046,435.6884,206.0795,435.6092,231.3423,360.6177,231.2896,360.4587,396.0579,410.5441,395.9539,410.5026,356.5098,374.4754,356.3798,385.9872
351.3622,430.3570,351.4379,430.5935,367.3660,460.7295,367.1979,472.9522,181.2178,400.6526,181.1626,400.5417,81.4200,400.6558,81.4421,400.2525,396.3724,390.4629,396.4564,390.3312,251.5006,415.5080,251.4621,415.6348,246.4583,440.4994,246.2701,440.5659,211.5487,408.4113,211.1471,408.4668,206.4347,435.5506,206.5812,435.2141,231.2983,360.5334,231.5551,360.4101,396.5628,410.4446,396.2379,410.3193,357.1912,375.3912,357.2348,388.0731
351.3993,430.0972,351.8798,430.0734,367.5630,460.7248,367.7860,474.5508,181.6043,400.3712,181.2626,399.9999,81.3665,400.1594,81.7771,400.1869,396.3087,390.2856,396.6315,390.5903,251.6532,415.3646,251.5358,415.2533,246.5672,440.3223,246.1217,440.2603,211.3033,408.2301,211.5211,408.5806,206.3236,435.2879,206.5432,435.5438,231.6266,360.2867,231.5339,360.0611,396.3185,410.3359,396.1669,410.3773,357.4797,375.7548,357.8080,389.2689
351.6311,430.1254,351.5420,430.0357,367.9116,460.8536,368.1484,474.7701,181.4271,400.2581,181.5530,399.9774,81.3820,399.9631,81.3233,400.2632,396.4967,390.0023,396.4107,390.1990,251.5387,415.0813,251.5111,415.1112,246.4528,439.9919,246.4218,440.1985,211.2991,407.9884,211.7512,408.0463,206.3005,435.0017,206.1474,434.7812,231.5823,359.9693,231.4938,360.1516,396.6543,410.1768,396.5079,409.9727,358.0952,376.0704,358.2228,389.7059
351.3442,429.9389,351.3297,429.6763,367.9501,460.6342,367.9722,474.8706,181.4574,400.0908,181.6552,399.7030,81.4598,399.6683,81.5460,399.9259,396.7299,389.8191,396.4515,390.0111,251.6174,414.9255,251.3693,414.6730,246.4099,439.7222,246.4755,439.9628,211.3660,407.7842,211.5181,408.0270,206.5738,434.9164,206.5304,434.7544,231.6397,360.0480,231.4016,359.6588,396.4822,409.7809,396.3788,410.0457,357.9329,375.9286,357.9089,389.9535
351.3656,429.6766,351.3829,429.8977,367.7533,460.8775,367.8183,473.9209,181.5460,399.4474,181.2503,399.8188,81.4275,399.5948,81.5247,399.3408,396.1574,389.8125,396.4942,389.6992,251.3848,414.6353,251.5776,414.9055,246.4445,439.5430,246.7127,439.5687,211.4607,407.5080,211.2897,407.5842,206.5351,434.8653,206.5356,434.5240,231.5862,359.7064,231.4326,359.9921,396.6537,409.8593,396.4016,409.7458,357.3953,375.7481,357.6229,389.1820
351.5058,429.7361,351.4022,429.4504,367.0033,460.2528,366.9116,472.6087,181.2130,399.3837,181.1776,399.5368,81.0656,399.5809,81.3348,399.5787,396.4615,389.6923,396.2650,389.6178,251.4134,414.5338,251.4067,414.4184,246.0690,439.7407,246.1740,439.6005,211.3116,407.8409,211.4330,407.8223,206.3769,434.5476,206.4448,434.6026,231.3325,359.6412,231.0577,359.4534,396.2883,409.5967,396.2591,409.4356,356.8005,375.4872,357.3178,387.5603
350.7741,429.0265,351.0188,429.1926,366.0912,459.8033,366.1670,470.5509,181.0550,399.4560,181.3048,399.1798,81.0972,399.3892,81.0288,399.4537,396.2383,389.3079,396.4534,389.5348,251.1125,414.4478,251.1582,414.2816,246.2411,439.4646,246.1828,439.4886,211.0265,407.1591,211.2461,407.1821,206.1707,434.1688,206.1080,434.1663,230.8195,359.5870,230.9734,359.4142,396.2618,409.3616,396.2554,409.5621,355.7465,374.6331,356.1511,385.4214
350.8972,429.2558,351.0324,429.4467,365.1483,458.6156,365.0801,467.7873,180.8062,399.6212,180.9367,399.2291,81.2537,399.1256,81.1071,399.2433,396.0900,389.3949,396.1664,389.1736,250.8529,414.1800,251.1057,414.0612,246.2139,439.4885,245.8867,439.1569,211.2715,407.0776,211.1294,407.5317,205.9442,434.1336,206.2113,433.9702,230.9467,359.3592,230.9238,359.3745,395.7674,409.3361,395.9792,409.0246,354.8983,373.9138,354.9366,382.8834
350.8556,429.0581,350.4877,429.1032,364.1181,457.8984,363.8171,464.5401,180.8620,399.2771,180.4721,399.0228,80.6512,398.7645,80.8295,398.8624,395.9373,389.1253,395.4642,389.2721,250.8635,414.2570,250.9898,414.2505,245.7089,439.1889,245.6493,439.1048,210.7092,406.9839,211.1101,407.0002,205.7042,433.8568,205.5320,434.0687,230.6166,359.3277,230.4999,359.2891,395.6274,409.1144,395.8197,409.2718,353.6380,372.7949,354.0886,379.7484
350.4676,428.8553,350.4218,429.0879,362.6627,456.7725,362.4014,461.1134,180.4210,398.6802,180.2699,399.1094,80.6143,398.9547,80.4765,399.0062,395.3747,389.0082,395.5840,388.7655,250.5055,414.2901,250.6992,413.9816,245.6217,438.7024,245.4576,438.9886,210.6242,407.1003,210.7487,407.0932,205.5339,434.1330,205.1922,434.0004,230.3363,359.1977,230.3160,359.3150,395.6507,409.1803,395.3910,409.0013,352.6324,371.8047,352.4998,376.2170
350.2286,429.1467,350.0875,428.9728,360.8182,455.6561,360.9577,457.5614,180.2692,399.0841,180.2070,398.8001,79.9413,399.0123,80.2860,398.9535,395.2621,388.8594,395.2924,389.1665,249.7763,414.0924,250.4483,413.9089,245.1885,439.0265,245.0695,438.9683,210.3639,407.1957,210.2807,406.7728,205.2570,433.8930,205.1112,434.2230,230.2298,358.8681,230.0916,359.0330,395.2580,408.9560,395.3698,409.0346,350.9205,370.9618,351.1218,372.3298
349.9814,428.8092,350.0330,429.1266,359.4529,454.6413,359.5970,453.5939,179.9255,399.0102,180.0252,399.0055,79.9988,398.9525,79.9964,399.0867,395.1083,389.1203,395.2447,389.3053,249.8411,413.7997,249.8103,413.9406,244.9770,439.1998,245.4519,438.9872,209.9081,406.8805,209.9536,406.9895,204.8835,434.1106,205.0190,433.8864,229.9977,358.8238,229.6228,358.8680,394.9868,408.9837,394.4983,408.9503,349.3481,369.4177,349.6985,368.9135
349.7520,429.1070,349.6793,429.2530,357.9315,453.5591,358.0989,449.8675,179.4944,399.0094,179.8640,398.7596,79.5377,398.9004,79.7467,399.1633,394.6354,389.0551,394.7337,388.9541,249.5973,413.9098,249.7927,414.0714,244.7105,438.9903,244.7086,438.9234,209.6004,407.2688,209.8667,407.2823,204.6564,433.9326,204.4683,434.2501,229.6442,359.2054,229.8677,359.1508,394.4029,409.1709,394.5989,409.1889,348.0634,368.3999,347.7337,365.0632
349.5190,429.3847,349.6627,429.2117,356.6448,452.1360,356.7008,446.2956,179.5306,399.0280,179.5486,398.8662,79.5090,398.9214,79.4621,398.9343,394.0320,389.0416,394.3843,389.0512,249.3513,414.1399,249.4508,414.3267,244.3613,439.2314,244.4497,438.7046,209.1824,407.0846,209.6230,407.1195,204.5424,434.0509,204.4958,433.9079,229.3055,359.1875,229.5142,359.1812,394.3261,409.1272,394.2170,409.1391,346.4487,367.3620,346.7454,361.3685
349.0923,429.3576,349.1540,428.9282,355.4796,451.4245,355.3583,443.1649,179.2222,399.1603,178.7977,399.1937,79.1159,399.0523,79.3024,399.3057,394.1375,388.9536,393.6619,389.2653,249.3088,414.1788,249.1905,414.3570,244.2159,439.1535,244.0527,438.9686,209.1671,407.1126,208.9150,406.9770,204.1802,434.0802,204.1303,434.3104,229.0768,359.3321,228.9130,359.2376,394.0410,409.4472,394.0204,409.1503,345.0473,366.3364,345.3287,358.2474
349.0446,429.4048,348.6669,429.2760,354.1863,450.7456,354.2841,440.4259,178.8588,399.2715,179.0874,399.4250,78.9425,399.4738,78.7922,399.4113,393.7597,389.3371,394.0409,389.2520,248.8747,414.1269,248.8894,414.4695,243.9599,439.1367,244.1338,439.1745,209.2489,407.2588,208.8293,407.3046,203.8398,434.4854,203.9353,434.2656,229.0239,359.4072,228.8421,359.3666,393.9286,409.2027,393.9014,409.4487,343.8963,365.7340,344.0768,355.6554
348.8597,429.6976,348.7629,429.3129,353.3746,450.3004,353.3803,438.3060,178.6003,399.3877,179.1090,399.3430,78.4415,399.2934,78.8966,399.4136,393.6424,389.1786,393.9243,389.5514,248.7805,414.4837,248.7839,414.3150,243.8850,439.1614,243.7408,439.6250,208.8860,407.5748,208.6091,407.6089,203.7633,434.5991,203.9585,434.3761,228.9271,359.3619,228.7781,359.3443,394.0242,409.5376,393.6230,409.5876,343.3713,364.6943,343.3098,352.9992
348.7487,429.5964,348.7063,429.5650,352.5066,449.3030,352.4341,436.5104,178.4736,399.8541,178.9808,399.4956,78.6415,399.5577,78.6317,399.6209,393.3880,389.6012,393.5311,389.4350,248.6164,414.5346,248.4997,414.7484,243.4201,439.4318,243.7090,439.3382,208.7041,407.8504,208.5321,407.7489,203.4830,434.6981,203.5253,434.3080,228.7155,359.6234,228.4447,359.8612,393.6589,409.4600,393.6029,409.6784,342.5068,364.4159,342.3317,351.5108
348.4613,429.6440,348.7676,429.7447,352.1844,449.0143,352.2269,435.3288,178.3494,399.6789,178.3815,399.8163,78.7321,400.0336,78.5221,399.8012,393.5016,389.7101,393.3587,389.7162,248.5662,415.0021,248.5176,414.8585,243.2523,439.8299,243.3593,439.9041,208.6958,407.5211,208.4040,407.6290,203.8413,434.8442,203.6583,434.8485,228.5244,359.8163,228.6093,359.6709,393.3030,409.8289,393.6091,409.6278,341.9835,363.9743,342.3501,350.6162
348.4824,429.8076,348.4869,430.0973,351.9554,448.9656,351.8375,434.8898,178.6952,400.1645,178.5180,399.8445,78.4736,400.2499,78.5306,400.0741,393.1873,389.8104,393.7044,390.1116,248.3753,415.1047,248.8055,414.9352,243.2734,440.0652,243.4158,440.1841,208.4517,407.7784,208.4060,407.6638,203.5550,434.7775,203.3988,434.9016,228.4742,360.1852,228.2426,359.7756,393.4381,409.9824,393.4559,409.9489,342.0864,364.1021,342.0838,350.1394
348.5443,430.1512,348.7064,430.2314,352.2762,449.0845,352.0723,435.4668,178.5918,400.2946,178.5538,400.1323,78.5144,399.9191,78.5203,399.9477,393.3123,390.1371,393.6658,390.1046,248.7573,415.1296,248.5721,415.1350,243.5823,440.1396,243.3644,440.1022,208.8390,408.3162,208.5589,408.1350,203.5490,435.1651,203.5431,435.4723,228.6326,359.9446,228.5918,360.1070,393.7742,410.1638,393.2821,410.1150,342.4267,364.2519,342.2901,350.3698
348.5351,430.5394,348.5673,430.2766,352.4606,449.5473,352.5635,436.2999,178.5161,400.2211,178.6120,400.4144,78.5932,400.3488,78.5161,400.6120,393.5249,390.5717,393.5380,390.6850,248.6971,415.3471,248.8350,415.4638,243.9043,440.3399,243.5009,440.2982,208.4503,408.2535,208.7391,408.4675,203.5860,435.2732,203.6390,435.2019,228.7834,360.2870,228.8746,360.5075,393.4117,410.2753,393.8198,410.3294,342.6600,364.2742,342.6651,351.0772
348.7040,430.6961,348.7604,430.5481,353.1782,449.9002,353.2469,438.0090,178.8152,400.4070,178.8625,400.5108,78.7055,400.4608,79.1957,400.7080,393.7059,390.5079,393.5971,390.5127,248.7487,415.2383,248.8693,415.5134,244.0015,440.5753,243.7455,440.4103,208.8750,408.6065,208.8748,408.3217,203.7149,435.4964,203.9356,435.4032,228.8731,360.4289,228.4866,360.6449,393.8135,410.4816,393.8182,410.6766,343.1543,364.9102,343.3365,353.0641
348.8662,430.5590,348.8340,430.7034,354.1931,450.7954,353.9759,440.5749,179.1235,400.6384,178.9958,400.8899,78.9725,400.9934,78.8297,401.0981,393.9971,390.9278,393.9303,390.8508,249.2030,415.5299,248.7569,415.7663,244.2185,440.5231,243.7630,440.8064,208.9337,408.7769,209.0954,408.8548,203.8192,435.6816,203.7929,435.5290,228.7172,360.6747,229.0755,360.7226,393.7155,410.9184,394.0543,410.6210,344.0919,365.7393,344.1680,355.2313
349.0186,430.8869,349.3154,430.9302,355.3327,451.5470,355.1905,443.1956,179.0422,400.7904,178.9902,400.6267,79.1810,400.7898,79.0642,400.8877,393.7138,390.7544,394.1371,390.8782,248.9553,415.7552,249.0272,415.8813,244.0346,440.7231,243.9591,440.7462,208.9920,408.8208,209.3606,408.7144,203.9284,435.6980,204.4678,435.9936,229.1740,360.8154,228.8327,360.7416,394.4907,410.8041,394.1930,410.9653,345.1559,366.4081,345.4427,358.2963
349.1026,430.8395,349.2836,430.7638,356.5668,452.3261,356.9166,446.3052,179.2481,401.1093,179.2143,400.6574,78.9746,400.9769,79.2926,400.9526,394.4544,390.9484,394.3795,390.7717,249.2115,415.8750,249.3309,415.9718,244.3700,440.9844,244.3459,440.9606,209.5107,408.7211,209.5077,409.0519,204.2527,435.7707,204.5999,435.9772,229.3363,360.6856,229.1243,361.0215,394.4621,410.8500,394.5046,410.6731,346.6083,367.3771,346.8485,361.5070
349.5622,431.0579,349.5915,430.9896,358.2859,453.5005,357.8936,450.2245,179.7026,401.0964,179.6979,401.0063,80.0028,400.9565,79.5659,401.0303,394.4934,390.7636,394.5155,391.1011,249.3722,416.0472,249.9344,415.8311,244.7680,441.0925,244.8550,441.2427,209.7414,409.2113,209.5517,408.9863,204.6407,436.0286,204.7062,435.9944,229.6228,360.7654,229.8538,361.0447,394.7404,410.9509,394.7557,410.9472,348.0964,368.3952,347.9653,364.9228
349.8652,430.9014,349.8054,430.9580,359.4217,454.5632,359.7323,453.7357,180.1489,401.1056,179.8026,400.8816,79.6943,400.8815,79.8915,401.1786,394.7926,391.1379,395.0250,391.0055,249.6840,415.8360,249.8240,415.9994,245.0694,440.9779,244.8578,441.1077,209.8637,409.0694,210.0753,409.1330,204.7004,436.0423,204.8983,436.1242,230.0128,360.8494,229.7979,361.1512,394.8784,410.9740,395.0462,411.0549,349.5736,369.4427,349.4000,368.7645
350.3346,431.0446,350.3273,430.9177,360.6430,455.9948,360.8179,457.5043,180.0138,400.9152,180.2401,401.0984,80.1965,400.8435,80.2961,400.9635,395.3034,391.1358,395.1725,391.0730,250.3660,415.9068,250.2478,416.1055,245.1933,441.1862,245.3617,441.0417,210.1551,408.9155,210.5543,409.0814,205.3838,436.0903,205.4034,435.9755,230.1275,360.9891,230.0979,361.0733,395.0581,411.2483,395.1394,410.7743,351.0578,370.8454,351.2582,372.5193
350.5681,430.8240,350.4040,430.9601,362.5157,456.8694,362.6457,461.5259,180.3089,401.0228,180.3935,401.2473,80.3404,400.9437,80.5531,401.0937,395.4559,391.1357,395.0177,391.1882,250.5134,416.2059,250.6481,415.5390,245.7386,441.2850,245.2507,440.8896,210.3932,409.0430,210.3123,409.0038,205.5481,435.8806,205.4599,435.7621,230.4051,360.9368,230.2446,361.0664,395.4789,410.7479,395.3205,410.8285,352.5378,371.9320,352.6646,376.0608
350.7845,430.8176,350.8595,430.8343,363.6472,457.8887,363.9238,464.8307,180.7111,400.8476,180.6087,400.8444,80.9030,401.0626,80.7079,400.9032,395.4463,391.0455,395.4496,390.9514,250.6526,415.6437,250.6702,415.6048,245.8346,441.1417,245.7172,441.1132,210.5869,409.0801,210.8492,408.8348,205.5938,435.7796,205.9515,436.0495,230.5461,361.0554,230.9918,360.8678,395.7745,410.7871,395.6861,410.8059,354.0030,373.1168,353.7551,379.8549
350.8580,430.8172,351.3244,430.6398,364.9572,458.7990,365.1149,467.8154,181.1511,400.7859,181.0051,400.8998,80.8799,400.6103,80.8116,400.7923,395.8594,390.5606,395.9170,390.7771,251.0377,415.9669,250.8391,415.6786,246.0558,440.9979,246.0443,440.9383,210.8734,408.8040,211.1829,408.4747,205.7900,435.7196,205.8139,435.8324,230.9356,360.5117,230.8297,360.6225,395.8099,410.7764,395.8642,410.6786,355.0967,373.8140,355.0781,382.5378
351.0149,430.5783,351.0751,430.5509,366.1491,459.1347,366.1742,470.5650,181.2064,400.7627,181.2134,400.6472,81.2231,400.6729,81.3194,400.5652,396.2008,390.6389,396.3420,390.6423,251.2058,415.6979,251.2593,415.6747,246.1557,440.5932,245.9876,440.5359,210.8780,408.9759,211.3417,408.6969,206.3106,435.6673,206.3031,435.7078,231.1694,360.6147,231.2973,360.7299,396.0415,410.6107,396.0191,410.6673,355.9443,374.5275,356.2028,385.0874
351.3306,430.5237,351.2110,430.5650,366.9948,460.0781,366.8888,472.3972,181.1600,400.5193,181.4772,400.5222,81.3812,400.4449,81.5942,400.5169,396.2642,390.5524,396.2111,390.7668,251.5920,415.5091,251.3890,415.4586,246.0372,440.5474,246.5277,440.5674,211.2737,408.4050,211.5929,408.2991,206.1236,435.1767,206.2246,435.4089,231.3402,360.2358,231.1995,360.5348,396.1720,410.4482,396.1448,410.6107,356.8839,375.0580,356.7590,387.6819
351.4924,430.3709,351.4072,430.3084,367.9330,460.7166,367.8396,474.0408,181.5115,400.6554,181.3349,400.3429,81.2531,400.2975,81.6332,400.4545,396.4434,390.5826,396.4612,390.3971,251.3172,415.5233,251.3291,415.1488,246.4556,440.4783,246.4882,439.9905,211.3747,408.2445,211.6661,408.3037,206.4213,435.3539,206.3853,435.3721,231.2827,360.3146,231.2743,360.2709,396.4506,410.2533,396.4112,410.2633,357.7471,375.7230,357.9876,389.2495
351.3437,430.0981,351.4150,430.0321,367.8508,460.8829,368.0177,475.2064,181.6604,400.0777,181.3797,400.0675,81.7637,400.4129,81.3948,400.0094,396.5817,390.0731,396.8726,390.0243,251.4079,415.2394,251.2741,415.0905,246.3439,440.1223,246.5115,439.9602,211.6751,408.2585,211.7545,408.3446,206.5283,435.3629,206.5527,435.1993,231.7209,360.2078,231.4659,360.2386,396.2797,410.0774,396.7096,410.1484,357.8932,375.9056,357.6995,389.8325
351.6018,429.8668,351.7732,430.1632,368.0317,461.0844,368.2188,474.8861,181.6617,399.9277,181.7704,400.0570,81.8672,399.8403,81.4978,400.2249,396.4554,389.9406,396.6329,389.9787,251.3844,415.0173,251.5667,414.6654,246.4018,439.9454,246.4433,439.9087,211.5819,407.9579,211.3319,408.0773,206.3679,434.9531,206.6961,434.6607,231.3060,359.8023,231.4966,359.7771,396.5708,409.9475,396.2427,410.0498,358.3799,376.0148,357.7605,390.1597
351.6772,429.9150,351.5143,429.6769,367.4838,460.6719,367.6284,473.9463,181.3913,399.8982,181.4897,399.9405,81.4685,399.9497,81.2572,400.1553,396.4168,389.6584,396.6431,389.6996,251.5330,414.7422,251.3474,414.6397,246.2939,439.6654,246.2714,439.8758,211.3891,407.8874,211.3492,407.7985,206.4036,434.8610,206.3293,434.6713,231.4105,359.9750,231.5256,359.8888,396.5436,409.5795,396.4669,409.5301,357.6762,375.9284,357.7561,389.3220
351.4481,429.8431,351.1410,429.5263,367.1708,460.1781,367.0962,473.2516,181.4673,399.5415,181.3405,399.6398,81.3836,399.5410,81.0705,399.5421,396.3093,389.7597,396.0332,389.4771,251.5803,414.3982,251.4899,414.4817,246.7078,439.5489,246.5119,439.3487,211.1118,407.6670,211.3151,407.7449,206.4647,434.3933,206.4925,434.9031,231.0026,359.5699,231.5446,359.6914,396.7051,409.7830,396.2937,409.5940,357.3612,375.4342,357.4155,388.4410
351.1083,429.4179,351.3320,429.4644,366.0084,459.9888,366.6381,471.3099,181.3228,399.4606,181.1854,399.4071,81.4450,399.5075,81.2601,399.3665,396.2335,389.6956,396.1785,389.3281,251.4206,414.6005,251.1158,414.3513,246.2800,439.4156,246.2623,439.3102,211.2634,407.2029,211.2876,407.5316,206.0170,434.1858,206.3575,434.2768,231.0429,359.4492,231.2880,359.5111,396.0688,409.2255,396.3395,409.3718,356.6885,374.9652,356.4545,385.8437
350.8517,429.3585,351.2910,429.4596,365.3128,458.9212,365.5863,469.0029,181.2230,399.1990,180.8644,399.3317,81.5304,399.4156,81.0953,399.2547,395.7810,389.2473,395.9489,389.0825,250.9600,414.0766,251.2054,414.2878,246.0847,439.6255,246.2468,439.0843,210.9151,407.3815,210.8573,407.1957,206.0918,434.0843,205.9716,434.2556,230.9163,359.3789,230.9710,359.2206,396.0018,409.0767,395.9465,409.2353,355.4423,373.9449,355.4429,383.7011
350.9486,428.9229,350.5700,429.2760,364.0797,458.4814,364.3744,465.3854,180.7886,399.0120,180.6709,399.0628,80.9983,399.0971,80.9506,399.0620,395.5750,389.1811,395.8590,388.9525,251.1258,414.1875,250.7027,414.3773,245.7357,439.1980,245.7404,439.0617,210.5211,407.2005,210.8218,407.2650,205.6840,434.1804,205.9883,434.2783,230.8831,359.3131,230.5278,359.1555,395.6489,409.2073,395.6882,409.0072,354.3951,373.1716,354.0839,380.8587
350.5551,428.9831,351.0334,428.9880,363.0200,457.1784,362.9451,462.3742,180.4196,399.3035,180.4681,398.8903,80.6062,398.9000,80.8777,398.7914,395.8101,389.0429,395.7391,388.9995,250.6073,413.9468,250.5554,413.7938,245.3497,439.2205,245.7238,439.1322,210.6117,407.3389,210.7508,407.1105,205.5031,434.0424,205.4832,433.8789,230.5291,358.9160,230.6356,359.2749,395.7659,409.1932,395.5724,409.1970,352.8082,372.0726,352.6283,377.3783
350.0760,429.0785,350.4021,428.9959,361.4909,455.9509,361.6223,458.8520,180.2977,398.8939,180.1524,398.9945,80.1858,398.9608,80.3241,399.1563,395.3374,388.7836,395.4799,389.0782,250.5579,414.2307,250.1039,413.8263,245.3353,438.6348,245.2907,439.0377,210.2108,406.9619,210.2549,406.9736,205.3682,433.9460,205.3641,433.8991,230.3761,358.8921,230.4897,359.1032,395.1501,408.8952,395.3345,409.0672,351.4840,371.2586,351.2911,373.5754
350.1712,429.2649,349.9400,429.0090,359.7956,454.9798,360.3775,454.8331,180.0358,399.0491,180.1511,399.1167,79.9770,398.9692,80.3281,399.0732,394.7738,389.1999,394.8868,388.8732,249.9005,414.3397,249.7665,414.0258,245.1029,438.9358,245.0706,438.8813,209.9803,407.0605,210.3767,406.9670,205.2216,433.7300,204.8928,434.1683,229.6172,359.2263,229.9334,359.1977,394.9102,409.1254,395.0800,409.2153,349.9196,370.0738,349.8905,370.0675
349.6952,429.0351,349.6006,429.0591,358.5251,453.9669,358.5969,450.9779,180.1459,399.0216,179.8409,399.0926,79.5855,399.1177,79.7953,398.8138,394.5000,388.8287,394.5594,388.8576,249.5097,414.0369,249.7639,413.9257,244.9650,439.1233,244.9340,439.3126,209.6628,407.3654,209.6882,407.2140,204.6670,433.8976,204.7000,434.0452,229.8361,359.0305,229.9569,358.9621,394.8806,409.1012,395.0228,409.0943,348.6885,368.7990,348.4078,366.1837
349.4315,428.9285,349.4666,428.9705,357.1102,452.7598,357.2583,447.6823,179.1871,398.9208,179.1122,399.2300,79.5481,399.0013,79.4548,398.6803,394.4316,389.2390,394.6509,389.1035,249.6678,414.2259,249.3621,413.9566,244.5084,439.0416,244.3711,439.1394,209.2246,406.9710,209.5129,407.1615,204.5900,434.0243,204.2379,434.5325,229.5744,359.2122,229.2878,359.2605,394.7590,409.3615,394.5814,408.9145,346.9472,367.3895,347.0515,362.5552
349.2361,428.8288,349.2700,429.4580,355.4407,451.9184,355.7171,444.2102,179.2770,399.4862,179.1451,399.0797,79.0943,399.2727,79.0382,399.0807,394.0126,389.2892,394.1794,389.1473,249.1501,414.1122,248.9927,414.1914,244.2699,439.1125,244.2542,439.5798,209.1608,407.2238,209.1799,407.0146,204.3223,434.2274,204.1418,434.2284,229.2044,358.8593,229.1508,358.9212,394.4269,409.1289,394.0242,408.9638,345.6126,366.2786,345.6436,359.1002
349.1852,429.4323,348.9401,429.2149,354.6177,450.7280,354.3219,441.2681,179.0595,399.4357,179.0582,399.3599,78.7107,399.1905,79.0542,399.3274,394.0919,389.3977,394.0109,389.4259,248.8385,414.1028,248.7935,413.7575,243.8577,439.0898,244.0329,439.2136,208.9513,407.1682,209.0257,407.3337,204.0599,434.4052,203.6829,434.3593,228.9498,359.1230,228.9710,359.1829,393.9721,409.3961,394.3228,409.2693,344.5858,365.5409,344.3587,356.2650
348.6938,429.3345,348.5602,429.4619,353.4064,450.1916,353.5191,438.8795,178.6753,399.5776,178.7671,399.3781,78.7522,399.3234,78.7316,399.4879,393.7881,389.4908,393.7506,389.5253,248.6805,414.3867,248.7756,414.3376,243.9235,439.3682,244.0057,439.2900,208.6687,407.2455,208.4496,407.4487,203.7794,434.4931,203.7132,434.3915,228.7145,359.5597,228.9203,359.3292,393.6516,409.6072,393.9128,409.5084,343.5439,365.1766,343.6236,354.0867
348.5701,429.6011,348.5493,429.4943,352.8419,449.5307,352.5639,436.8810,178.6943,399.6286,178.7283,399.7342,78.6595,399.1600,78.6530,399.7062,393.5712,389.6107,394.0444,389.7084,248.7527,414.4331,248.8112,414.5969,243.6288,439.5740,243.3225,439.5711,208.6621,407.6099,208.7084,407.4496,203.6334,434.5648,203.5847,434.3816,228.6535,359.4759,228.5771,359.6701,393.5478,409.5332,393.6207,409.4016,342.7755,364.4929,342.8734,351.7406
348.5788,429.8069,348.7702,429.7730,352.3359,449.3375,352.0028,435.5273,178.7063,399.5137,178.3090,399.6353,78.6992,399.4674,78.5511,400.0158,393.4585,389.5219,393.5467,389.8548,248.5113,414.7678,248.5871,414.8339,243.5606,439.7556,243.4462,439.6146,208.6542,407.7732,208.5569,407.6817,203.6562,434.8368,203.6962,434.6376,228.6347,359.8694,228.2317,359.7389,393.3630,409.6757,393.5860,409.6712,342.1659,364.0218,342.3561,350.7231
348.5188,429.8563,348.6023,429.8173,351.9818,449.0425,352.2091,434.9946,178.4263,399.5535,178.4729,400.0552,78.7043,400.1029,78.8641,400.2359,393.5909,389.8716,393.4072,390.2614,248.4822,414.8258,248.5998,415.0351,243.4002,439.7413,243.5732,439.9467,208.4237,408.1170,208.3211,407.9302,203.5756,435.1800,203.3642,434.5222,228.7108,359.8414,228.2898,359.8811,393.4622,409.8945,393.3675,410.2657,341.9631,363.9320,342.1386,349.7894
348.3938,429.8278,348.3541,429.8244,351.7983,448.8675,352.0834,435.0992,178.3712,400.0462,178.6318,399.9969,78.9293,400.2451,78.4612,400.0885,393.3590,389.9303,393.6489,390.1671,248.5652,415.3956,248.6837,415.0049,243.7746,440.3553,243.5623,440.2319,208.7540,408.0594,208.6246,408.1936,203.8489,435.0439,203.4143,434.9985,228.5170,360.4706,228.7277,360.1028,393.4181,409.9630,393.5797,410.1505,342.0167,364.1176,342.1237,350.1145
348.7026,430.1166,348.5863,430.1006,352.3309,449.3920,352.3729,435.9072,178.7146,400.4981,178.4834,400.4851,78.6486,400.3775,78.4562,400.4012,393.5475,390.3803,393.5912,390.4127,248.4616,415.3449,248.8208,415.2953,243.5134,440.1245,243.6433,440.3357,208.8230,408.5091,208.5745,408.3990,203.5557,435.4271,203.6485,435.4255,228.5406,360.6443,228.6311,360.1922,393.4701,410.1317,393.5312,410.2458,342.2363,364.2092,342.2388,350.7245
348.8361,430.5470,348.7788,430.5617,353.0039,449.9390,353.0250,437.4491,178.6200,400.4010,178.5262,400.6575,78.4885,400.4392,79.1697,400.5698,393.6501,390.4497,393.9803,390.5708,248.7013,415.4851,248.5556,415.4032,243.4884,440.4299,243.6565,440.3893,208.9990,408.4250,208.8308,408.5686,203.7737,435.4588,203.7232,435.3640,228.7075,360.1974,228.6892,360.5288,393.6077,410.5932,393.7667,410.3055,342.9005,364.6102,343.0632,352.4834
348.7928,430.6885,348.7001,430.5637,353.7875,450.4248,353.9941,439.1460,178.6216,400.4640,178.9896,400.6609,78.8825,400.8095,78.7210,400.5705,393.7286,390.7820,393.7917,390.6022,248.6545,415.8545,248.6208,415.7348,243.6903,440.9083,243.9567,440.6120,208.6701,408.6796,208.9128,408.3900,203.6844,435.7384,203.8422,435.6195,228.6580,360.4447,228.8279,360.3330,394.0784,410.6275,393.8001,410.5552,343.9823,365.4585,343.7630,354.5139
348.7847,430.7860,349.2223,430.9395,355.1688,451.4560,354.9638,442.3715,178.9715,400.7562,178.9000,400.5806,78.9901,400.7188,79.0310,400.6037,394.1598,390.8531,394.0742,390.7912,249.3411,415.7658,249.0000,415.8792,243.7868,440.8224,244.0524,440.7421,209.0384,408.9903,209.3115,409.0897,203.8029,435.5756,204.0174,435.8311,228.9772,360.8777,228.9692,360.8733,394.2374,410.7519,394.1825,410.7514,344.8556,366.1448,344.6113,357.1072
349.5652,430.9087,349.4967,430.8575,356.1248,452.3389,356.1193,445.3486,179.2061,401.0801,179.2040,401.0573,79.3966,401.0931,79.0793,401.0765,394.1782,390.9300,394.4475,390.7579,249.4272,415.5399,249.2613,415.6101,244.5409,440.8365,244.2002,440.7295,209.0740,409.0170,209.0450,408.8967,204.4007,435.6994,204.4406,436.2332,229.2942,361.1619,229.2950,360.7055,394.2605,410.8651,394.3992,410.8104,346.0807,367.0849,346.2438,360.4704
349.6949,431.0119,349.3841,430.9008,357.4228,453.3450,357.3539,448.6480,179.6031,400.9722,179.5906,401.0157,79.7260,401.1285,79.4487,401.0029,394.7174,390.8327,394.3326,391.2035,249.7033,415.9523,249.4241,415.8325,244.6236,440.8446,244.2505,440.9422,209.6123,409.2062,209.4472,408.9899,204.4715,435.8545,204.6441,436.0756,229.5453,360.9381,229.3262,360.5598,394.5792,410.8852,394.6130,411.1984,347.6697,368.3020,347.6124,363.8516
349.9596,430.8187,350.0841,431.0676,359.1005,454.1372,358.9946,452.4656,179.6320,401.0467,179.8435,400.7554,79.7362,401.0706,79.8207,400.8556,394.7622,391.1634,394.7426,391.1310,250.1494,415.8846,249.6553,415.9351,244.8368,441.0588,244.6246,440.9814,209.9127,408.9472,209.6724,409.1253,204.8777,436.0470,204.7114,435.6566,229.6892,361.0648,229.5638,360.9593,394.7409,411.0604,394.6294,410.8381,349.0184,369.3252,349.2054,367.6368
349.8465,430.9139,350.1056,431.0014,360.2005,455.3541,360.7039,456.3728,180.3200,400.8294,180.0338,401.0984,80.1800,400.7908,80.3861,400.7794,395.0957,390.9290,395.2440,391.1125,250.3182,415.9445,250.0202,416.2833,245.2674,441.0903,245.3843,441.1399,210.0707,409.2287,210.0161,409.1180,204.9356,436.0247,204.9430,436.1260,230.0736,360.9149,230.1434,361.1548,395.2320,411.1025,395.0941,410.9534,350.4537,370.5116,350.7288,371.2149
350.6741,431.2590,350.2351,431.0189,362.2607,456.4570,361.9728,459.8829,180.4197,400.9670,180.4582,401.0598,80.4204,401.0664,80.4367,400.9521,395.5023,390.9615,395.5934,390.9520,250.4679,416.2202,250.5083,415.9303,245.5480,441.0713,245.2197,440.8242,210.4026,409.0152,210.4460,409.0022,205.4619,435.9622,205.3733,435.9487,230.4291,360.7689,230.3299,360.8744,395.6307,411.0623,395.2688,411.0185,352.3419,371.6005,351.9657,374.9030
350.6642,430.7304,350.6524,430.6746,363.4655,457.5542,363.5886,463.6126,180.9201,401.1521,180.6537,400.7559,80.7672,400.9449,80.6110,400.8675,395.3968,390.7609,395.7878,390.7943,250.5265,415.9858,250.8262,415.9296,245.5542,440.8457,245.6013,440.8175,210.4116,408.9641,210.3629,408.8535,205.8424,435.7679,205.7754,435.9118,230.6671,361.0302,230.4537,360.8710,395.7960,410.8293,395.8413,410.9015,353.3812,372.3962,353.1468,378.5776
350.8407,430.9045,350.7604,430.9705,364.8019,458.6932,364.6979,466.8657,181.1553,400.9439,180.8999,400.6729,80.8957,400.9733,80.6845,400.6974,395.9199,390.7689,395.9167,390.8272,250.6559,415.7958,250.6603,415.8578,245.9456,440.8695,245.9932,440.9932,210.8693,408.9276,210.7705,408.7541,205.6219,435.8861,205.9352,435.6311,230.6219,360.7674,230.7169,360.9367,395.9714,410.7159,395.9420,410.7978,354.6964,373.6017,354.6466,381.8166
351.0905,430.6183,351.2541,430.8611,365.7270,459.3873,365.8472,469.5179,181.1117,400.8693,180.8482,400.7804,81.0549,400.6211,81.1039,400.5817,395.9869,390.6060,395.8653,390.9371,251.0384,415.6202,250.9940,415.8525,246.1716,440.7507,246.2737,441.0265,211.2132,408.4463,210.8156,408.7917,206.1659,436.0371,206.2556,435.6457,231.3831,360.7330,231.0141,360.6173,395.9716,410.7727,396.2560,410.7384,356.1891,374.3023,355.5769,384.4726
351.4544,430.6505,351.0320,430.2503,366.6707,460.0393,366.9320,471.8096,181.5150,400.6804,181.3484,400.8613,81.1970,400.6823,81.1748,400.4471,396.1813,390.4347,396.3075,390.5386,251.1286,415.5276,251.2195,415.4279,246.5317,440.8295,246.1375,440.7581,211.2075,408.4693,210.9189,408.6033,206.2741,435.1936,206.1273,435.2631,231.3144,360.6331,231.1896,360.5332,396.3629,410.4665,396.0701,410.7655,356.8169,375.0606,356.8218,386.7888
351.2847,430.2856,351.3612,430.3220,367.4232,460.8278,367.4425,473.7123,181.3338,400.4888,181.4722,400.3697,81.4313,400.4138,81.2252,400.2148,396.0172,390.3175,396.3746,390.4341,251.7473,415.5588,251.6914,415.2912,246.4006,440.5586,246.1598,440.3378,211.5863,408.3970,211.5905,408.6450,206.4194,435.4029,206.3258,435.0357,231.5902,360.1774,231.0959,360.5163,396.3563,410.3430,396.4780,410.1044,357.2864,375.6834,357.4092,388.5122
351.5936,430.3895,351.4233,430.2043,368.0595,460.7995,367.4931,474.3862,181.3681,400.2001,181.4280,400.0709,81.4213,400.1068,81.3712,400.0127,396.2693,390.0556,396.5398,390.2688,251.4254,415.2717,251.5738,415.2795,246.4657,440.6844,246.3680,440.2357,211.3772,408.2330,211.6313,408.2516,206.3978,435.3286,206.4475,435.2872,231.6280,360.2805,231.4973,360.2412,396.4263,409.8618,396.2922,410.5146,357.8278,375.8041,357.9649,389.5573
351.4540,430.0973,351.7205,430.1619,368.2263,460.9055,368.2166,474.8554,181.3741,399.9577,181.5604,399.8837,81.6584,400.2303,81.2787,399.8480,396.8903,390.0338,396.5980,389.7789,251.5833,415.0293,251.6766,414.9836,246.5389,439.8072,246.6916,439.9519,211.5755,407.7296,211.3724,407.8566,206.4629,434.8514,206.3496,435.1274,231.5376,360.0034,231.4078,359.8988,396.5369,409.6887,396.5587,410.1247,358.2345,375.9319,358.0911,390.0186
351.5929,430.2944,351.5651,429.8821,367.9218,460.8715,368.0242,474.3392,181.4902,399.9746,181.3870,399.8345,81.6732,399.6897,81.5096,399.7849,396.7837,389.7717,396.3829,389.7070,251.5585,415.0033,251.4782,414.7989,246.6566,439.7460,246.6770,439.8072,211.2448,407.8984,211.4111,407.8077,206.6355,434.7376,206.1694,434.6310,231.4781,359.7794,231.3991,359.9039,396.5661,409.7278,396.4816,409.6304,357.7719,375.7982,357.8779,389.4704
351.4081,429.6422,351.1430,429.6125,367.4735,460.4152,367.5385,473.3630,181.4292,399.5825,181.3461,399.4881,81.3194,399.5849,81.1004,399.4411,396.4608,389.8334,396.2112,389.5275,251.2483,414.7411,251.3357,414.5174,246.2436,439.6532,246.3967,439.6546,211.0986,407.3428,211.2473,407.5487,206.3511,434.5785,206.4989,434.7101,231.5911,359.6246,231.4286,359.3185,396.3407,409.7913,396.5325,409.5818,357.5101,375.4294,357.5468,388.6770
351.2882,429.3446,351.1446,429.5436,366.9405,460.0217,366.8022,471.7965,181.1295,399.5152,181.2712,399.5203,81.3397,399.4565,81.5281,399.3924,396.0803,389.6648,396.3482,389.4593,251.4246,414.5396,251.1080,414.5384,246.1769,439.4694,246.1721,439.5268,211.2551,407.3635,211.2568,407.4832,206.2875,434.4360,206.1186,434.2374,231.1718,359.4289,231.3543,359.5438,396.2385,409.4155,396.3225,409.4934,356.7522,375.0203,356.8983,386.9675
351.0538,429.4244,350.6374,429.1346,365.7562,459.1945,365.9959,469.6932,181.2107,399.0256,181.1597,399.4793,81.1154,399.3672,81.0806,399.5858,395.9799,389.2870,396.1397,389.0702,251.0597,414.3136,250.8946,414.3179,245.8843,439.3673,246.0160,439.4055,211.1743,407.5317,211.1555,407.4183,205.9931,434.1128,206.1790,434.3498,231.0426,359.2649,230.9825,359.5574,396.0533,409.4631,396.0310,409.2660,355.9434,374.2423,355.7702,384.3940
351.0371,429.4025,350.9164,428.9606,364.6683,458.3473,364.6708,466.7687,181.1417,398.9450,180.8979,399.4719,80.8026,399.4215,80.7648,399.3510,396.1697,389.0893,395.9700,389.2177,250.9056,414.1721,250.9361,414.3626,246.0306,439.1885,245.9919,439.0525,211.0660,407.1392,210.8195,407.5345,205.9848,434.3399,205.8118,434.2295,230.5952,359.4650,230.8573,359.0729,395.9391,409.1475,396.1013,408.9724,354.7611,373.3715,354.8181,381.7976
350.5749,429.2179,350.8070,428.9657,363.5650,457.8299,363.6578,463.5440,180.8239,399.1198,180.6628,399.0201,80.6044,399.0180,80.6649,399.0881,395.6004,389.0112,395.6193,389.0985,250.4813,413.9100,250.4396,414.0273,245.4517,439.1950,245.6991,439.2918,210.8578,407.3938,210.7693,407.2193,205.8055,434.2221,205.7420,434.4492,230.7562,358.8438,230.6867,358.7732,395.6210,409.0117,395.6805,409.1674,353.3785,372.6317,353.6377,378.6270
350.3327,429.0640,350.4138,429.2099,361.9514,456.4434,361.9988,459.7753,180.2179,398.9262,180.1502,398.6298,80.4903,399.2272,80.4066,399.1187,395.4909,388.9843,395.3850,388.5915,250.5183,414.1669,250.3300,414.0470,245.3051,438.7849,245.3047,439.0811,210.4358,406.9947,210.2716,406.9037,205.3753,433.9002,205.6506,433.9314,230.4748,359.0879,230.2259,358.7929,395.3694,409.1109,395.1378,409.0640,352.3098,371.1649,352.2709,374.7906
349.7944,428.6531,350.1772,428.7577,360.5496,455.4569,360.3766,456.4452,180.0577,399.0132,179.9140,399.0115,80.1686,398.7985,79.8350,398.9615,394.9844,389.0471,395.1364,389.2425,250.0977,413.6878,250.2455,413.9925,245.3109,439.0080,245.0852,438.9990,210.2594,406.9493,210.3329,406.9325,204.9073,434.1734,205.2291,433.9621,229.7711,358.9636,230.3263,358.9345,395.2056,408.9330,395.1520,408.9114,350.4497,370.4692,350.5630,371.5041
349.7771,428.9858,349.8171,429.2483,359.1980,454.2380,359.2510,452.4295,179.9629,399.0633,179.7856,398.7833,79.5664,399.0734,79.8991,398.9808,395.1021,388.8912,394.9925,389.1770,249.9479,413.9111,249.7533,413.9437,244.5137,438.9294,244.8532,438.8741,209.9297,407.1931,209.8157,406.8743,204.9344,434.1170,204.8236,434.4120,229.8474,359.0573,229.9488,358.8222,394.8629,408.9887,394.6102,409.0788,348.9229,369.3777,348.8761,367.5248
349.5375,429.1220,349.6634,428.9438,357.4862,453.2648,357.4329,448.5724,179.5847,398.8619,179.7639,399.1111,79.7578,398.9758,79.3625,399.0619,394.7317,388.8998,394.4272,389.0384,249.6884,413.6658,249.7319,414.0294,244.6845,439.2180,244.4856,438.6369,209.6405,407.0553,209.4323,407.3523,204.1353,434.1001,204.5796,433.8180,229.5436,359.0211,229.6117,358.8552,394.6259,409.2931,394.5819,409.4053,347.6176,368.1077,347.4585,363.8942
349.3301,429.0231,349.2709,429.0518,356.3235,452.0283,356.1563,445.3301,179.3070,398.9362,178.9822,399.0961,79.4355,399.0213,79.3022,398.9381,394.2196,388.9389,394.4441,389.1121,249.3380,414.1952,249.0125,413.9709,244.2354,439.1287,244.0017,438.9477,209.3023,407.3922,209.1268,406.8769,204.0347,434.3092,204.3125,434.1473,229.3298,359.2324,229.1272,359.1957,394.1920,409.1743,394.3804,409.1504,346.2828,367.1672,346.3240,360.4452
349.0369,429.3792,349.2544,429.2822,354.7843,450.8285,354.9002,441.9610,179.0943,399.1210,179.0356,399.2835,78.9844,399.2119,79.1360,399.3017,394.1743,389.4548,394.1051,389.3502,249.0189,414.2360,249.1859,414.3361,244.2116,439.2799,243.9775,439.3378,209.0605,407.2078,209.1725,407.4360,204.3501,434.0794,204.1422,434.4374,229.0870,359.1527,228.9331,358.9632,394.1722,409.4562,393.9995,408.8835,344.8449,366.0789,345.0551,357.0769
348.8542,429.4179,348.5590,429.6105,353.8448,450.4646,353.5907,439.6494,178.8889,399.2076,178.6802,399.3991,78.7423,399.2156,78.8388,399.3970,393.9725,389.6788,394.1654,389.2641,248.6845,414.6473,248.7868,414.6092,243.9805,439.4174,243.7313,439.3349,208.6190,407.0655,208.8837,407.1647,203.6862,434.3728,203.7410,434.7617,228.8940,359.1616,228.6105,359.2616,393.7467,409.3747,393.8597,409.2303,343.8437,365.1748,344.2242,354.3570
348.7390,429.4843,348.7236,429.5213,353.0887,449.6050,353.0157,437.7800,178.8666,399.5091,178.9273,399.4883,78.7474,399.7233,78.8543,399.5986,393.6653,389.4760,393.7673,389.4675,248.8548,414.5810,248.6084,414.4416,243.6447,439.4393,243.7998,439.4985,208.6488,407.6575,208.6108,407.4008,203.9371,434.4671,203.9954,434.3275,228.3741,359.6333,228.6128,359.2422,393.6186,409.7777,393.7838,409.2967,342.7225,364.8112,342.9579,352.4829
348.7444,429.6044,348.3289,429.7715,352.3894,449.2160,352.6492,435.9882,178.6966,399.8076,178.4305,399.5738,78.6570,399.8329,78.7388,399.7894,393.4753,389.9095,393.7519,389.4662,248.5839,414.7263,248.2766,414.7053,243.5370,439.6924,243.7333,439.7662,208.8950,407.8592,208.8735,407.5778,203.6282,434.9536,203.8308,434.6317,228.6957,359.7943,228.6558,359.7329,393.6490,409.6386,393.5098,409.4472,342.3737,364.0892,342.4473,351.1250
348.5870,429.6276,348.5942,429.7815,351.9679,449.0549,351.7625,435.0783,178.4760,399.8747,178.7494,399.6894,78.3699,400.0580,78.6218,399.9169,393.5871,390.0523,393.5912,389.9117,248.5174,414.7998,248.4258,415.1958,243.3869,439.9686,243.6994,439.7584,208.4775,407.8718,208.6832,407.8437,203.4149,434.8072,203.4333,434.8054,228.6510,359.8676,228.5475,360.0261,393.6553,409.7568,393.5715,409.7001,341.9916,364.2535,342.0066,349.9194
348.2959,430.0697,348.5717,430.0624,351.9822,449.1409,352.0077,435.0315,178.4819,399.9452,178.3887,399.9534,78.5033,400.2427,78.6667,400.1684,393.8442,390.1486,393.2595,390.0010,248.3474,415.2857,248.4123,415.0115,243.4981,440.4142,243.7344,440.2292,208.4421,408.1330,208.2399,408.1432,203.3709,434.9558,203.7525,435.3614,228.3624,360.2853,228.4312,359.9520,393.5671,410.1301,393.2670,409.8495,342.0994,363.8073,342.0881,349.9766
348.4040,430.2714,348.7119,430.0945,352.1219,449.1275,352.2421,435.6496,178.4779,400.0992,178.5144,400.3216,78.5458,400.4072,78.6303,400.2311,393.4282,390.1388,393.4498,390.2579,248.7092,415.2598,248.6677,415.1539,243.4010,440.2077,243.6527,440.4769,208.4558,408.1613,208.3944,408.1241,203.5732,435.2158,203.6087,435.4801,228.7329,360.5858,228.6613,360.3448,393.4443,410.2272,393.7403,410.3380,342.2670,364.0618,342.4869,350.6662
348.3688,430.2394,348.5302,430.3309,353.0411,449.6052,352.7594,436.7817,178.5105,400.8265,178.6302,400.5193,78.7174,400.5021,78.5712,400.5599,393.6222,390.3477,393.3024,390.1996,248.6936,415.3901,248.5164,415.4356,243.8090,440.3582,243.5136,440.5122,208.6514,408.6126,208.8216,408.4792,203.6124,435.4503,204.0045,435.4394,228.7044,360.3370,228.6090,360.3638,393.5738,410.4951,393.4976,410.4859,342.9723,364.3453,342.9809,351.9502
348.7744,430.7382,348.8396,430.5604,353.6500,450.0375,353.4013,438.7375,178.8027,400.4316,178.9631,400.6453,78.6522,400.4785,78.9645,400.5844,393.6529,390.8716,393.5991,390.4681,249.1351,415.5753,248.8704,415.4539,243.6004,440.6913,243.6909,440.4935,208.9362,408.7037,208.7874,408.4093,203.5835,435.6603,203.7591,435.4931,228.8583,360.7421,228.6155,360.6403,393.7284,410.7055,393.7490,410.7544,343.5143,365.1162,343.7771,353.8831
349.0414,430.4933,348.8041,430.6715,354.5916,451.0669,354.4151,441.4199,178.9774,400.4900,179.2383,400.6018,78.9381,400.6051,79.0300,400.7197,394.0443,390.5879,394.0699,390.8627,249.2696,415.5500,248.7721,416.0278,243.8627,440.8291,244.1329,440.5930,208.7915,408.6850,209.0073,408.6591,204.1722,435.7128,204.1623,435.7608,228.9698,360.8396,229.1648,360.8718,394.0172,410.3837,394.0111,410.7100,344.6739,365.8694,344.4291,356.5520
349.2680,430.7599,349.0790,431.0434,355.5382,451.7415,355.7942,444.5411,179.2057,400.9084,179.0065,400.7378,79.1192,400.9403,79.1071,401.0201,394.3341,391.0760,394.2863,390.8221,249.5487,415.8620,249.0704,415.9435,244.2427,441.0147,243.9762,440.9182,209.3617,408.9460,209.4829,408.8832,204.1984,435.8434,204.5129,435.8835,229.1939,360.6929,229.2943,360.7077,394.4340,410.8639,394.3177,410.6060,345.6380,366.9811,345.6233,358.9795
349.1334,431.1850,349.6691,430.8631,357.0793,452.6553,357.2010,447.8324,179.4767,400.5814,179.4762,400.9756,79.5168,400.9706,79.5011,400.8776,394.5863,390.8911,394.0231,391.0488,249.5346,415.9189,249.0714,415.9746,244.3012,440.9635,244.3891,440.9757,209.4882,409.0002,209.4492,408.8324,204.3769,435.9160,204.3237,435.7072,229.2236,360.9661,229.5725,361.0405,394.5566,410.8681,394.2994,411.0431,347.0003,367.9753,346.9161,362.7759
349.5867,430.9928,349.4756,431.0517,358.5595,453.8430,358.5695,451.3273,179.8174,401.0694,179.6697,400.8732,79.6265,400.9831,79.7830,400.8770,394.5338,390.7630,394.8227,390.9603,249.6457,416.0851,249.5788,416.1143,244.6997,440.7520,244.5251,440.9475,209.8612,409.3228,209.5915,408.8775,204.7872,435.9118,204.6214,435.8519,229.6497,361.0373,229.4905,360.9450,394.9603,410.8847,394.4511,411.1449,348.4070,368.9804,348.4871,366.2285
350.1388,431.1703,349.9074,430.8295,360.2977,455.1660,359.8324,454.8905,180.0673,401.0709,180.1597,400.8853,80.0016,401.0184,80.0221,400.8531,394.9672,391.2406,395.2482,391.0948,249.9114,415.9130,249.9912,416.2256,244.9412,440.9640,244.9007,441.2375,210.0736,409.0348,209.9352,408.9218,204.8362,435.9521,204.9605,435.9571,230.1111,360.8183,230.1224,361.0172,395.0561,411.0608,395.2356,410.8661,350.1231,370.0048,349.8014,369.9472
350.2437,431.0313,350.4280,430.8726,361.3756,456.0831,361.6012,458.9489,180.2030,401.1219,180.2395,400.8407,80.3376,401.0526,80.5148,401.0667,395.2293,391.0884,395.3388,390.8261,250.6645,416.0251,250.2038,416.0524,245.2577,440.7749,245.1936,440.7241,210.1148,409.0856,210.7236,409.0752,205.3380,435.8834,205.1073,435.9644,230.2515,360.8502,230.0241,360.9425,395.3236,410.7438,395.4817,410.9129,351.2210,370.9809,351.5459,373.7065
350.7043,430.7805,350.7102,430.9860,363.0719,457.2274,362.9511,462.3796,180.6940,400.8829,180.4420,400.9565,80.6183,401.0503,80.3926,400.8821,395.5389,390.8260,395.5751,391.1604,250.3408,416.0945,250.6429,415.8283,245.3176,441.0481,245.5178,441.0271,210.5746,409.1773,210.5324,408.6117,205.5535,435.9410,205.5291,436.2949,230.5450,361.1019,230.8808,360.7686,395.5525,410.9808,395.4454,410.8498,352.8558,372.5149,352.7216,377.3030
350.9879,430.9195,350.8391,430.8718,364.4744,458.0818,364.5365,465.7475,180.8122,400.8840,180.8206,400.6464,80.9905,400.9095,80.8918,400.7760,395.7979,391.0657,395.9265,390.6477,250.9770,415.9065,250.4304,415.8897,245.5814,440.8390,245.6996,440.9280,210.7620,408.7677,210.6299,409.0788,205.6342,435.9116,205.6635,435.8733,230.5685,360.9466,230.6977,361.2250,395.6510,410.7587,395.7691,410.8979,354.3536,373.4772,354.3914,380.8288
350.8349,430.8032,351.0895,430.8024,365.5139,459.0540,365.3210,468.8273,181.0989,400.6703,180.9572,400.7249,80.9977,400.9156,81.1367,400.7856,396.0218,390.4859,395.9589,390.5179,250.8571,415.7765,250.9724,415.6760,246.0241,440.8531,246.0311,440.8764,211.1688,408.6975,211.0403,408.2438,206.1461,435.6632,205.9643,435.8136,230.8194,360.7727,231.3919,360.5065,395.9651,410.6439,396.1935,410.5586,355.1000,374.2718,355.4249,383.7564
351.3313,430.4805,351.0029,430.8551,366.3699,459.7460,366.6771,471.1381,181.3512,400.5771,181.0890,400.4434,81.0009,400.6021,81.0629,400.4051,396.2204,390.2448,396.5603,390.5866,251.4089,415.4799,251.0767,415.3133,246.0998,440.8651,246.3853,440.5253,211.1760,408.4388,211.1411,408.6028,206.3424,435.6050,206.1888,435.6432,231.3388,360.5286,231.2334,360.4465,396.3571,410.6879,396.1524,410.7800,356.2869,374.8003,356.2672,386.3264
351.5752,430.2021,351.5206,430.5244,367.1961,460.3946,367.3981,473.1740,181.4583,400.2520,181.5872,400.2671,81.3169,400.1182,81.1425,400.4163,396.2626,390.5461,396.2876,390.3322,251.4012,415.4433,251.0921,415.1094,246.3840,440.2756,246.3769,440.2550,211.2513,408.3380,211.3624,408.6806,206.5442,435.1827,206.4139,435.1882,231.3898,360.2240,231.5348,360.2701,396.5686,410.5482,396.2786,410.2180,357.3477,375.6369,357.5089,388.1519
351.3416,430.2671,351.3647,430.3875,367.6898,460.7538,367.8516,474.3297,181.8666,400.3432,181.5674,400.1113,81.1956,400.1399,81.5956,400.3067,396.4507,390.5177,396.7587,390.2371,251.2103,415.3397,251.4983,415.2731,246.2899,440.0120,246.2493,440.4064,211.5055,408.2721,211.3621,408.0113,206.4154,434.9471,206.3408,435.0904,231.0977,360.2600,231.4605,360.2779,396.3096,410.5558,396.3901,410.3230,357.6469,375.7804,357.8656,389.4513
351.5074,430.0555,351.6762,429.9795,368.0819,461.2497,368.0034,475.1774,181.6074,399.7325,181.4941,400.0794,81.6211,399.9707,81.4984,399.8905,396.3290,389.8322,396.4378,390.1153,251.4135,415.0117,251.4277,415.0411,246.7586,440.2245,246.7933,439.8604,211.4999,407.9409,211.3440,407.8520,206.6239,434.8342,206.5645,434.9158,231.3855,360.0401,231.6630,359.9150,396.3638,410.0476,396.4674,410.1515,358.1104,376.1915,358.2106,389.9311
351.6190,430.0133,351.7261,429.9593,367.9918,460.8973,368.0259,475.0220,181.4899,399.6319,181.4201,400.1909,81.2781,400.1604,81.4411,399.6803,396.3441,389.9718,396.4532,389.8320,251.6362,414.6223,251.5840,414.8542,246.2804,439.9960,246.4084,440.1477,211.4585,407.8765,211.4327,407.7735,206.3379,435.1413,207.0080,434.8659,231.5310,359.9740,231.6236,359.8605,396.4150,409.6953,396.0902,409.9869,358.0927,375.9387,357.8054,389.7208
351.6379,429.6400,351.5182,429.6549,367.6798,460.8208,367.7587,473.8071,181.3770,399.7729,181.5877,399.6638,81.2214,399.7635,81.4150,399.6770,396.4410,389.8051,396.5010,389.6160,251.4061,414.6940,251.2541,414.6605,246.3591,439.5302,246.3811,439.7679,211.4967,407.4077,211.5967,407.5473,206.7510,434.6477,206.5518,434.7178,231.3571,359.6132,231.5053,359.6763,396.4687,409.6709,396.4687,409.9690,357.5062,375.7202,357.5010,389.3401
351.3928,429.4005,351.3635,429.5285,367.1920,460.3845,366.8511,472.6254,181.1870,399.6073,181.2676,399.7656,81.2006,399.5934,81.1661,399.6661,396.2952,389.5725,396.1485,389.4310,251.5219,414.3110,251.3941,414.5878,246.2342,439.4171,246.3909,439.2894,211.3158,407.6073,211.1790,407.6305,206.1841,434.5251,206.1959,434.8090,231.2520,359.5015,231.2043,359.3719,396.1958,409.6116,396.2199,409.5712,357.0477,375.1695,356.9707,387.5231
351.2747,429.4296,351.1389,429.2171,366.2602,459.8037,366.1485,470.4138,180.8835,399.7080,181.1190,399.2987,81.4650,399.2033,81.1532,399.4005,396.2555,389.2581,396.1335,389.5363,250.9063,414.6911,251.2976,414.2939,246.0473,439.1150,246.0763,438.9604,211.2845,407.2578,211.2015,407.2315,206.1906,434.4704,206.2983,434.3020,231.2013,359.2683,231.0906,359.5551,396.0372,409.4259,396.0620,409.5219,356.3726,374.9293,356.1753,385.4583
351.0118,429.1158,350.8445,429.3094,364.9617,458.8927,365.0900,467.6061,180.9612,399.1669,180.9078,399.5593,80.9121,399.1304,81.0582,399.1744,395.8902,389.3894,395.8266,389.1583,250.9268,413.9718,250.8708,414.2245,245.8196,438.9725,246.0554,439.3025,210.6737,407.0365,211.1975,407.1605,205.8152,434.0609,205.8186,434.1110,230.9963,359.4799,231.0869,359.3016,395.8714,409.0973,395.8408,408.9391,355.0757,374.1012,354.9405,382.7242
350.5607,429.0973,350.8353,429.2454,363.4533,457.8091,363.7597,464.7001,180.8378,398.9347,180.8721,399.1097,80.4368,398.9081,80.6363,398.9684,395.7407,388.8959,395.6914,388.9898,250.6869,413.9359,250.3629,414.2105,245.9708,439.1566,245.7711,439.1493,210.8102,406.8852,210.5158,407.0047,205.6634,433.9480,205.6125,434.3641,230.9125,358.8499,230.6867,359.2686,395.6914,409.2005,395.6888,409.1361,353.5805,373.2303,353.9467,379.4776
350.3261,429.3025,350.5256,428.8654,362.4901,456.7503,362.2860,461.2279,180.5683,399.0826,180.3482,399.0841,80.6242,398.9451,80.5044,399.0440,395.3499,389.3288,395.5674,388.9992,250.7095,414.1064,250.7591,413.8011,245.3270,439.0120,245.3671,438.8798,210.4075,406.6788,210.3727,407.0737,205.4802,433.9423,205.4351,434.0086,230.6352,359.1315,230.1979,359.1591,395.4373,409.2726,395.5991,409.1920,352.5469,371.7084,352.5752,376.1923
350.1797,429.0532,350.2484,428.9051,360.9976,455.5682,361.0273,457.6462,180.2585,398.9089,179.8654,398.9404,80.0197,399.1327,80.3981,399.1212,394.8477,389.1987,395.4080,388.9381,250.0951,414.4572,250.2847,414.0614,245.1518,438.9910,245.0156,438.8789,210.1900,406.9638,210.0577,407.1131,205.2004,434.0891,205.1387,434.3910,230.2042,359.0707,230.1979,359.3796,394.8785,408.9722,394.9559,409.0458,350.6899,370.8131,350.7421,372.6244
349.7300,428.9943,349.8165,429.0927,359.4524,454.6253,359.5591,453.5596,179.9035,399.0771,179.7600,399.1472,79.4763,398.9628,79.9842,398.7092,394.8013,388.8905,395.0599,389.0458,249.7852,414.0656,250.0407,413.9256,245.0659,438.9813,244.8193,438.9363,210.0413,407.1599,209.9331,406.7347,204.8728,433.9736,204.6864,433.7319,230.0433,358.8636,229.9435,359.1432,395.1663,409.0375,395.1101,408.8986,349.4394,369.6672,349.3865,368.8609
349.3233,428.6544,349.9270,429.0017,358.1420,453.2997,358.1333,449.8870,179.4532,399.0886,179.5518,398.8850,79.4414,399.0701,79.4920,399.3094,394.7487,389.0478,394.5658,389.0740,249.6960,414.1223,249.5179,414.0971,244.5118,439.1426,244.6537,439.1770,209.6301,406.8821,209.8147,407.0021,204.6304,433.9288,204.4308,433.8495,229.7434,358.7423,229.6396,359.0818,394.5733,409.2774,394.7162,409.0935,347.6782,368.2837,347.7617,364.9077
349.4660,429.0228,349.1736,429.0506,356.5719,452.3433,356.5376,446.1558,179.4524,399.1550,179.2780,399.2357,79.2792,398.8336,79.3531,398.8490,394.1999,388.9237,394.3513,389.1096,249.3956,414.1665,249.4653,413.9139,244.1313,438.8816,244.4549,439.1377,209.4839,407.1064,209.5920,406.8876,204.3111,433.8800,204.3979,434.0645,229.3338,358.9278,229.2994,359.3000,394.4162,409.0673,394.3745,409.1814,346.7960,367.6733,346.4603,361.5674
349.0761,429.2936,349.2570,428.9730,355.2382,451.4493,355.0795,443.1752,179.0949,399.0884,179.1185,399.2905,79.1332,399.3503,78.8721,399.2609,394.4731,389.1269,394.0139,389.2623,249.2329,414.1474,249.0906,414.1380,244.0840,439.3297,244.1707,439.1540,209.0546,407.0758,209.1751,407.2366,204.2531,434.2594,204.3142,434.1350,229.0730,359.1181,229.3716,359.1088,394.2572,409.5086,394.3107,409.2721,345.2894,366.2760,345.4145,358.1718
348.7039,428.9080,348.9601,429.5260,354.4837,450.7112,354.3880,440.4752,178.7594,399.2097,178.9226,399.3236,78.9528,399.3866,78.9708,399.1066,394.0718,389.1639,393.9584,389.1998,248.8956,414.1343,248.9271,414.2534,244.0060,439.2334,244.0341,439.4409,208.7813,407.2867,209.0125,407.2737,203.8145,434.4619,204.0370,434.4704,228.8223,359.5743,228.7173,359.3141,393.7322,409.3425,394.0179,409.4799,343.9540,365.6169,344.3459,355.5206
348.5004,429.6996,348.6790,429.4260,353.2163,450.0413,353.0309,437.9721,178.7070,399.3750,179.1144,399.3555,78.7625,399.4432,78.7321,399.3779,393.7828,389.3965,393.9300,389.5227,248.6787,414.5095,248.9541,414.3374,243.5628,439.5528,243.7225,439.5186,208.4793,407.3848,208.5772,407.4960,203.6465,434.2987,203.5359,434.5810,228.9237,359.3692,228.6442,359.5009,393.8083,409.4435,393.8198,409.3709,343.2655,364.7605,343.2958,352.9318
348.9168,429.8244,348.4864,429.3396,352.7832,449.5144,352.2024,436.3427,178.4933,399.7987,178.6255,399.6740,78.5637,399.6936,78.5292,399.6778,393.7748,389.3613,393.5687,389.7098,248.6540,414.4608,248.6487,414.6391,243.4847,439.5335,243.7465,439.6539,208.5764,407.6480,208.7037,407.4833,203.4813,434.4757,203.2817,435.1852,228.2753,359.6847,228.6721,359.5920,393.7217,409.6694,393.6130,409.6625,342.4020,364.3974,342.4058,351.3612
348.6602,429.7483,348.6878,430.0704,352.0279,449.0903,352.2229,435.4264,178.5943,399.9902,178.6142,399.8439,78.5730,399.7880,78.3572,399.8337,393.6356,389.8321,393.5680,389.9956,248.6131,415.0695,248.6291,414.6889,243.3078,439.8566,243.5117,439.5295,208.3074,408.0459,208.8052,407.5934,203.6568,434.6819,203.7702,435.2388,228.5973,359.7189,228.4318,359.9010,393.4604,409.9145,393.5726,409.6934,342.3424,363.9789,342.0355,350.2122
348.5748,430.1046,348.4260,430.1075,351.9716,448.7842,351.8312,434.8287,178.5362,400.1024,178.4962,400.0267,78.5365,399.9736,78.3293,399.7111,393.3622,390.2205,393.3582,389.9992,248.3613,414.9882,248.3372,415.2455,243.3158,440.0869,243.3166,440.2198,208.3739,407.7911,208.3338,407.8847,203.2041,434.7481,203.3559,434.7887,228.5240,359.8395,228.5347,360.0981,393.7023,410.4043,393.4238,409.9329,341.7579,363.9532,342.0840,349.8933
348.5486,430.0522,348.3649,429.9406,352.1580,449.0930,351.9993,435.3258,178.4054,400.1530,178.2503,400.1944,78.3880,399.9142,78.6419,400.3525,393.7985,390.3057,393.7643,390.1193,248.4792,415.2236,248.5806,415.3210,243.5901,440.1614,243.3327,440.2716,208.7599,408.2545,208.6861,408.2290,203.8114,434.9927,203.5241,435.2030,228.6416,359.9494,228.5960,359.9808,393.4798,410.1368,393.7630,410.2343,342.1134,363.8486,342.2405,350.2260
348.6203,430.6512,348.5817,430.2107,352.6270,449.5494,352.6069,436.6543,178.7599,400.1548,178.6917,400.2685,78.9467,400.6219,78.8988,400.6857,393.6714,390.2384,393.7051,390.0316,248.9124,415.8425,248.7771,415.2393,243.6825,440.3916,243.4488,440.2897,208.5296,408.0824,208.6987,408.4223,203.6496,435.3790,203.7091,435.5025,228.6048,360.3441,228.5097,360.1917,393.4556,410.5237,393.7852,410.3485,342.5561,364.5024,342.5699,351.4656
348.5254,430.4516,348.7102,430.4504,353.1586,449.9724,353.1147,437.9633,178.8966,400.3657,178.6903,400.6780,78.7681,400.8501,78.7117,400.6569,393.5368,390.5755,393.8166,390.7343,248.5057,415.6685,248.8468,415.2659,243.5143,440.3360,243.8142,440.6480,208.8688,408.2849,208.8108,408.3018,203.4747,435.5932,203.8496,435.2575,228.8259,360.7639,228.8387,360.5432,393.5972,410.4021,393.6082,410.6841,343.4908,364.7946,343.1795,352.9450
348.8785,430.7866,348.7547,430.3954,354.2786,451.0176,354.1528,440.4041,178.8233,400.6162,179.0933,400.7083,78.9746,400.4258,78.9180,400.7490,394.0009,390.7690,393.7616,390.6922,248.7385,415.6041,248.8531,415.7069,243.8163,440.7369,243.6607,440.6753,209.0096,408.6472,209.0033,408.7224,204.2174,435.5300,203.7927,435.5567,228.8338,360.8046,228.9291,360.6028,393.9175,410.7679,393.7799,410.5405,344.2228,365.5981,344.3747,355.3500
349.0018,430.7438,348.8241,430.7805,355.4033,451.4926,355.3381,443.1712,178.9903,400.8215,179.1413,400.9446,79.1984,400.9090,79.2277,400.5552,394.1910,391.1316,394.0605,390.5562,249.0280,415.7840,249.1945,416.1001,244.1516,440.9102,244.1623,440.8736,209.3093,408.8854,209.1396,409.1181,203.8898,435.8424,204.2626,435.8351,229.0452,360.9197,229.1789,360.9390,394.1992,410.7690,394.0979,410.6977,345.3652,366.4858,345.2237,358.3406
349.3292,430.8974,349.2573,431.1066,356.6855,452.5059,356.3588,446.4604,179.1901,400.9333,179.3792,400.7881,79.1856,400.8108,79.3543,401.0262,394.5465,390.8960,394.5633,390.8318,249.6087,415.7311,249.3122,415.6283,244.5175,441.1042,244.1025,441.0773,209.2926,408.5144,209.4480,408.9637,204.3548,436.0017,204.3336,435.7376,229.4865,361.1284,229.2513,361.1310,394.3614,410.7555,394.3133,411.0880,346.6540,367.4023,346.6950,361.3876
349.8464,430.9381,349.6781,430.9668,357.9018,453.5431,358.1760,450.2140,179.3558,400.6165,179.7355,401.2352,79.5572,401.0104,79.4716,400.7941,394.5812,390.9141,394.8794,390.9688,249.8518,415.8456,249.5029,416.0108,244.4884,441.0111,244.4434,441.2246,209.5074,408.8031,209.6554,408.9678,204.5389,436.0104,204.6679,436.2488,229.6731,360.8201,229.6844,360.8861,394.6309,410.8600,394.6789,411.0128,347.9715,368.5384,348.2890,365.1366
349.8014,430.9141,349.9142,431.0276,359.6158,454.8437,359.1925,453.6673,179.9287,401.1067,180.0509,401.0449,79.7696,400.6663,79.7350,401.0011,394.8225,390.8119,394.7676,391.1041,249.8675,416.0723,249.7587,416.1049,244.8789,441.0846,245.0060,440.8239,209.9939,408.7521,209.7173,408.8261,204.8662,435.9049,205.0802,435.8870,230.0120,360.8929,229.6443,361.0387,395.0375,410.9430,394.7080,410.8102,349.4210,369.7511,349.5744,368.5096
350.1282,431.2187,349.9429,431.1334,360.9435,455.7694,360.8014,457.4740,180.1331,400.9234,180.0440,401.0842,80.3226,401.0773,80.0540,400.9149,395.0986,391.0280,395.3340,391.1742,250.0527,415.8223,250.5706,415.7627,244.9564,440.8457,245.1361,441.1573,210.1853,408.9591,210.1679,409.0975,205.2500,436.3663,205.1706,435.8447,230.2239,360.8304,230.3170,361.0874,395.1050,411.0133,395.2316,410.8885,350.7282,370.9276,351.0049,372.4007
350.6266,430.9914,350.1048,430.8811,362.4996,456.9551,362.5045,460.9407,180.4115,400.9217,180.2120,400.9509,80.3902,400.8283,80.2810,401.0533,395.6221,391.0309,395.1565,391.0427,250.5811,416.0405,250.1720,416.2143,245.3106,440.8748,245.5098,441.1928,210.4983,408.9826,210.6138,408.7295,205.3550,435.8240,205.3845,436.2002,230.3465,361.0233,230.5046,360.9491,395.4066,411.1508,395.4460,411.2030,352.4885,371.6538,352.2197,376.0302
350.3340,431.1636,350.7624,430.8205,364.0379,457.6537,364.0494,464.5071,180.6893,400.8489,180.4277,400.9827,80.8234,400.9874,80.8699,400.8676,395.5362,390.6284,395.7034,390.7033,250.7736,415.7804,250.6458,415.9530,245.6044,440.9989,245.6989,440.8929,210.7682,408.7418,210.7428,408.8777,205.6537,435.8496,205.7826,436.0453,230.7603,360.6841,230.8586,360.9722,395.9530,410.7422,395.7140,410.8651,354.0682,372.8711,353.4971,379.3851
350.7425,430.7929,350.8012,430.6844,365.0654,458.6005,365.2284,467.8752,180.7915,400.9379,180.8560,400.8304,81.1008,400.6471,81.2714,400.7778,395.8783,390.7391,396.0344,390.7179,250.8657,416.0436,250.5891,415.9345,245.8996,440.8048,245.9115,440.6362,210.8157,408.8335,211.0183,408.9097,206.2276,435.7249,205.9244,435.8709,230.9946,360.6776,230.9586,360.6773,396.1797,410.7502,395.9225,410.7658,355.0329,373.7891,355.1475,382.4370
351.2908,430.7091,351.1499,430.8290,365.7774,459.7547,366.1173,470.5660,181.2580,400.4722,181.5098,400.5347,81.0582,400.4330,81.1806,400.6137,396.2064,390.5153,396.1096,390.6467,251.0394,415.5278,251.2418,415.5160,246.1170,440.7107,246.3141,440.5865,211.0610,408.5738,210.9818,408.6691,206.1884,435.5867,205.9868,435.7177,230.8477,360.6566,231.4270,360.8750,396.2157,410.6484,395.9955,410.6919,355.8727,374.8300,356.2543,385.4374
351.5305,430.5004,351.3145,430.7146,366.9822,460.3320,366.9294,472.5202,181.2619,400.5605,181.4416,400.5057,81.3736,400.5820,81.1938,400.6823,396.3968,390.6752,396.5002,390.7304,251.4549,415.5024,251.5308,415.4816,246.4274,440.5006,246.3997,440.5284,211.3456,408.3503,211.2369,408.5911,206.2516,435.6318,206.1950,435.5813,231.2344,360.4126,231.2477,360.6741,396.1888,410.7339,396.2617,410.4045,357.2169,375.5328,357.0627,387.3915
351.5116,430.2943,351.6437,430.2655,367.7238,461.0064,367.5857,474.1177,181.4957,400.3134,181.4346,400.4024,81.2833,400.3087,81.2207,400.2717,396.2325,390.3683,395.9663,390.0446,251.2579,415.4094,251.4228,415.2354,246.3291,440.2660,246.4585,440.2609,211.4169,408.5059,211.2073,408.3160,206.4526,435.4640,206.0933,435.4817,231.7858,360.4357,231.3471,359.9975,396.2991,410.3358,396.5140,410.2665,357.7826,375.8337,357.3265,389.0924
351.4577,430.0975,351.5691,430.3339,367.9311,460.8179,367.9023,474.6673,181.5558,400.0062,181.4740,400.0120,81.6090,400.3843,81.1356,400.2362,396.5194,390.3710,396.2412,390.1846,251.3793,415.1297,251.1879,415.0992,246.4870,440.1906,246.3524,439.8866,211.6549,408.4072,211.5123,407.9712,206.3483,434.7977,206.6497,434.9862,231.5017,360.1386,231.4811,360.2053,396.5111,410.2048,396.8045,410.1533,357.8620,375.7380,358.0784,389.8233
351.3331,430.1008,351.3752,429.6043,367.9739,461.1609,368.0830,475.0047,181.6993,399.6893,181.6102,399.9850,81.4044,399.8182,81.3701,400.2313,396.5415,390.1663,396.6789,390.0441,251.7375,415.1336,251.8094,415.0842,246.5589,439.8667,246.5082,440.0108,211.3264,407.8417,211.7373,408.2852,206.5832,434.7209,206.6639,434.9274,231.6245,359.9773,231.4415,359.7086,396.6278,409.9700,396.1718,410.2292,358.1009,376.1031,357.8652,389.9685
351.2318,429.9319,351.3189,429.7594,368.0834,461.1140,367.7894,474.4613,181.3703,399.4305,181.6743,399.4797,81.5473,399.4835,81.7498,399.6077,396.2494,389.6831,396.3828,389.7135,251.4075,414.7501,251.4873,414.7998,246.5020,440.0553,246.6714,439.7938,211.4632,407.7089,211.3454,407.6066,206.6258,434.7203,206.3808,434.6842,231.3028,359.8463,231.4987,359.8624,396.5926,409.8885,396.5484,409.5675,357.5202,375.3704,357.6166,389.3404
351.1872,429.5274,351.3434,429.4998,367.2738,460.4048,367.3982,473.0387,181.0038,399.7539,181.3188,399.3927,81.2114,399.6307,81.5300,399.4092,396.6028,389.5381,396.5495,389.7877,251.7070,414.5571,251.1078,414.3778,246.5949,439.4622,246.3996,439.6391,211.6295,407.6362,211.3635,407.4709,206.2993,434.6176,206.2469,434.6748,231.3105,359.3511,231.1670,359.4099,396.3714,409.6307,396.6393,409.5696,357.0732,375.2963,357.1661,387.9300
351.3045,429.4171,351.2630,429.6178,366.4294,459.9387,366.3276,471.2263,181.1607,399.2813,181.2570,399.4025,81.0810,399.4112,80.9113,399.3331,395.9754,389.2378,396.5562,389.3021,251.2574,414.1184,251.1770,414.4436,246.2295,439.6744,246.0319,439.4409,211.4045,407.3633,211.1620,407.6205,205.9108,434.3248,206.2452,434.1244,231.1467,359.4636,231.0213,359.5750,396.4216,409.4586,396.1746,409.3854,356.4379,374.7818,356.6534,386.1527
350.9554,429.2060,351.2845,429.2725,365.3802,459.1288,365.1642,468.6250,181.1240,399.1785,181.4204,399.3207,81.0455,399.3703,80.7787,399.4833,395.8958,389.3147,395.8456,389.1935,250.9136,414.4200,251.2364,414.4256,246.2402,439.1812,245.9670,439.2341,211.0501,407.4143,211.0993,407.2319,205.8690,434.4680,205.9106,434.2643,230.7598,358.9269,231.2780,359.2986,395.8739,409.3521,396.0567,409.3319,355.4418,374.0428,355.4674,383.4366
350.9151,429.0948,350.7745,429.3702,364.1478,458.2025,364.3636,465.8167,180.7548,399.1877,180.7789,399.1040,80.8365,399.0978,80.8734,399.1572,395.9368,389.0456,395.5872,389.0356,250.8451,414.5095,250.7136,414.0545,245.9091,439.2276,245.9464,439.1092,210.5200,407.2541,210.8643,407.2691,205.8077,434.2495,205.7464,434.0432,230.7319,359.4889,230.8512,359.1913,395.4533,409.0276,396.2637,409.0463,354.3626,373.1474,354.2146,380.6091
350.4551,429.1408,350.5267,429.0993,362.9599,457.2310,362.9682,462.6926,180.3946,399.0413,180.6620,398.9559,80.4155,399.1257,80.3861,399.1919,395.6164,388.9053,395.4816,388.9409,250.6999,414.5944,250.6714,414.0967,245.5465,438.9171,245.6040,438.9876,210.7915,406.8564,210.5475,407.0629,205.1937,434.0131,205.5737,434.0186,230.5276,359.1395,230.2430,359.0407,395.7499,409.1440,395.6720,409.2688,352.9733,372.4159,352.9295,377.5108
350.1754,428.9919,350.2036,429.2337,361.4320,456.1811,361.5233,458.5706,180.1884,399.0076,180.3553,399.1090,80.3303,399.1640,80.0170,398.8909,395.2112,388.6175,395.1741,388.8189,249.9156,414.0393,250.2816,414.1054,245.4137,438.8671,245.2369,438.8182,210.2142,406.9266,210.5168,407.2963,205.3330,433.9919,205.1114,434.1364,230.2738,359.0471,230.0628,359.1845,395.3776,409.1497,395.3121,409.0014,351.3431,371.2981,351.3348,373.5979
350.0309,429.0545,350.0982,428.8751,359.9132,454.9501,360.2065,454.9562,179.7520,398.9650,180.0759,399.1134,80.0871,398.9595,80.0603,398.9314,394.9035,388.9303,394.8835,389.0497,249.9633,414.1205,249.9873,414.1231,244.9454,438.8542,244.8887,439.1110,210.0347,406.9635,209.9072,407.0641,205.0254,433.9757,205.0895,434.1414,229.8837,359.0921,229.8579,358.6441,394.8514,409.1869,395.0946,409.0458,349.9268,369.7587,350.0307,370.1187
349.5291,429.2045,349.6338,428.9531,358.3316,453.9054,358.5313,451.1280,179.7096,398.6997,179.8063,399.1741,79.7307,398.9609,79.8458,398.8349,394.5555,388.8190,394.7885,389.0036,249.7235,413.8400,249.6554,414.0492,244.6751,439.2510,244.5009,438.8314,209.5193,407.0669,209.6193,406.9451,205.0062,434.0008,204.8351,434.0753,229.8122,358.8960,229.6300,358.9879,394.5721,409.0573,394.7375,409.0295,348.6649,368.7759,348.0745,366.3276
349.6129,429.2781,349.6115,429.0016,357.0492,452.8488,356.9911,447.6987,179.1008,399.1590,179.1944,399.2876,79.2900,398.9299,79.4588,398.8075,394.2953,389.0357,394.3066,389.3859,249.5634,414.0890,249.3996,414.1325,244.6179,439.0986,244.2278,439.1892,209.2797,407.1083,209.7216,407.3073,204.3898,434.1280,204.6944,434.0959,229.3970,358.9862,229.7776,359.4022,394.2403,409.2210,394.4210,409.0187,347.1265,367.6185,346.9826,362.7671
349.2616,429.2323,349.1666,429.2588,355.6803,451.7396,355.6883,444.2679,179.0256,399.3636,179.2365,399.0582,78.9244,399.0648,79.2698,399.1200,394.2155,389.1127,394.2264,389.1140,249.3203,413.9220,249.1885,413.7903,244.1729,438.9418,244.1984,439.1318,209.1539,407.1401,209.1612,407.2358,204.1826,434.3526,204.3679,434.1099,229.1010,359.3124,229.1070,359.1493,394.4615,409.0637,394.2645,409.1808,345.5014,366.9164,345.5321,359.4111
349.2399,429.3455,348.6977,429.0453,354.6514,451.1730,354.6959,441.4241,178.7131,399.0668,179.2008,399.0793,78.7248,399.1146,79.0529,399.1185,394.1696,389.4343,394.0914,389.1903,248.9604,414.5205,248.8495,413.9007,244.0539,439.0383,244.0744,439.3178,209.0407,407.6301,208.8093,407.4090,203.9911,434.1495,204.0284,434.4298,228.9634,359.3193,228.9503,359.3507,394.1303,409.2118,393.9711,409.1525,344.4420,366.0192,344.4894,356.0099
348.8903,429.4969,348.6730,429.5681,353.6640,450.2176,353.9476,438.8285,178.7683,399.4605,178.6243,399.4779,78.7547,399.4277,78.8442,399.0155,393.6014,389.4463,393.6926,389.2250,248.9681,414.1726,248.7414,414.6184,243.8097,439.5752,243.9967,439.2983,208.9062,407.5757,208.7583,407.1812,204.0909,434.3023,203.8080,434.4820,228.6099,359.3041,228.5728,359.1987,393.6896,409.6825,393.8624,409.1517,343.6261,365.2228,343.4242,353.9274
348.3331,429.4608,348.5296,429.5405,352.8129,449.4222,352.7252,437.0257,178.6711,399.7636,178.4895,399.3041,78.6013,399.8513,78.4211,399.7990,393.5587,389.6844,393.6175,389.2773,248.6923,414.4167,248.5905,414.5562,243.4832,439.3972,243.4647,439.4791,208.5648,407.5897,208.9453,407.7416,203.8304,434.6834,203.8299,434.7617,228.6557,359.6622,228.2587,359.6202,393.7110,409.8853,393.4758,409.7049,342.5709,364.3933,342.3603,351.9051
348.6191,429.6037,348.3232,429.7181,352.1038,449.3213,351.8862,435.8648,178.3620,399.7519,178.6689,399.5625,78.1511,399.7954,78.5270,399.9481,393.7128,389.8844,393.7191,389.6343,248.5870,414.4678,248.7518,414.9283,243.3987,440.0880,243.6005,439.6411,208.5188,407.9034,208.5701,407.7840,203.6656,434.8389,203.5696,434.6587,228.3904,359.6133,228.3969,359.8343,393.5697,409.5876,393.7784,409.7370,342.3064,364.0923,342.3754,350.8722
348.4286,430.0077,348.4480,429.9399,351.8613,449.1058,351.9631,435.1870,178.4453,399.9372,178.5353,399.9701,78.3297,400.0181,78.4370,399.8790,393.0570,390.0557,393.6971,389.8939,248.3476,414.7532,248.1188,415.0138,243.6898,440.0293,243.6006,439.9034,208.4130,407.7592,208.5301,407.7106,203.4214,435.2342,203.3937,435.0375,228.4316,359.9428,228.6568,359.9790,393.4523,409.7961,393.6649,409.8394,342.0555,363.9847,342.0063,350.1845
348.4511,429.9570,348.2699,430.3009,352.0143,449.1291,352.1082,435.2211,178.5085,400.0763,178.5532,399.7848,78.3830,400.3112,78.6887,400.0007,393.4863,390.1951,393.4822,390.3373,248.7024,415.2348,248.8488,415.1306,243.5190,440.1228,243.3355,440.2939,208.2346,408.0363,208.6704,408.4271,203.7922,435.1742,203.3467,435.2042,228.2503,360.1708,228.7736,360.0566,393.6606,410.0044,393.5748,409.9292,342.1018,364.0951,341.9973,350.1868
348.5843,430.4263,348.5145,430.1405,352.5413,449.2746,352.2558,436.1333,178.8207,400.3125,178.5280,400.2592,78.5055,400.1852,78.6016,400.2455,393.6160,390.5741,393.5467,390.2223,248.9411,415.2142,248.6002,415.2766,243.5349,440.3470,243.6414,440.3209,208.7211,408.1253,208.3739,408.5397,203.8265,435.1833,203.4802,435.2392,228.2722,360.2098,228.5165,360.2983,393.5717,410.3258,393.4555,410.0875,342.5330,364.4770,342.2440,351.4143
348.4603,430.5270,348.6524,430.5786,352.8882,449.9906,352.9091,437.3261,178.5775,400.5983,178.4727,400.6682,78.6079,400.4250,78.7621,400.9207,393.7168,390.8321,393.6702,390.4672,249.0052,415.2980,248.4523,415.3393,243.9073,440.6075,243.7318,440.5339,208.5407,408.7111,208.5761,408.0924,203.5439,435.5185,203.6466,435.4877,228.6104,360.2750,228.6586,360.2748,393.7899,410.3282,393.7340,410.4589,343.1258,364.7581,342.8396,352.4639
349.0697,430.4614,348.7941,430.6005,353.8556,450.3694,354.1356,439.9053,179.0084,400.7381,178.6229,400.5052,78.9019,400.7284,79.0113,400.7269,393.9443,390.5402,393.5564,390.8172,248.8723,415.7032,248.5046,415.6147,243.8116,440.4071,244.0195,440.5932,208.8919,408.6850,208.7819,408.5118,204.1775,435.3253,203.7775,435.5678,228.9275,360.8182,228.8007,360.5263,393.8745,410.5240,393.8131,410.4891,344.1272,365.2315,343.9531,354.4328
349.0787,430.8408,349.2335,430.8357,355.0090,450.9691,354.8685,442.4358,179.1325,400.8095,179.1280,400.7360,79.0889,400.6421,78.9372,400.7047,394.0701,390.8233,394.1735,390.8839,249.0171,415.9141,249.1717,415.8217,243.9933,440.7668,243.9212,440.6251,209.3262,409.0159,209.0529,408.7669,203.9712,435.7731,203.8386,436.0934,229.0120,360.6116,229.1854,361.1736,394.0734,410.8140,394.4060,410.4748,344.6582,366.2308,344.7242,357.3335
349.2096,430.9449,349.1043,430.9002,356.2665,452.3971,356.2811,445.1580,179.2824,400.8839,179.2656,401.0350,79.0572,400.7622,78.9749,400.8025,394.5442,390.7003,394.3209,390.8396,248.9703,416.0035,249.2136,415.7893,244.4989,440.9501,244.2534,440.7309,209.5535,409.0573,209.0042,408.9195,204.3566,435.9040,204.2664,435.9165,229.3225,360.9533,229.3788,360.8869,394.0066,410.7891,394.5385,410.9071,346.2019,367.0786,346.0921,360.1582
349.5941,430.8567,349.6502,430.6511,357.6727,452.9277,357.5636,448.7122,179.5841,400.9815,179.6843,400.8143,79.5583,401.1217,79.5493,401.0588,394.3475,390.9962,394.2623,390.9173,249.1965,415.8881,249.8349,416.0981,244.5792,440.9438,244.6056,441.0354,209.3879,408.9803,209.7329,408.8017,204.7829,435.9617,204.3130,435.9734,229.3834,360.9915,229.6282,361.0902,394.4982,410.9617,394.6741,410.8285,347.4298,368.2527,347.6682,363.6049
349.7712,430.9549,349.9261,430.9250,358.9771,454.3006,359.1680,452.6588,179.7306,400.9085,179.6022,400.9422,79.8395,400.9209,79.7125,400.9354,395.0227,390.9169,394.8440,391.1028,249.9200,416.2048,249.5982,415.6876,244.9005,440.6715,244.9947,441.0028,209.9710,409.2175,209.3371,409.1674,204.9846,435.8530,204.7925,436.1237,229.9903,361.0904,229.6329,360.7989,394.8109,410.8322,394.7429,410.8580,349.2449,369.2653,348.8789,367.2398
350.0008,431.1478,349.9180,431.0026,360.5179,455.5556,360.5774,456.2499,179.9418,401.0476,180.1096,401.0941,80.0652,401.1785,80.1787,400.7754,395.4309,391.0225,395.3391,390.8937,250.3306,416.3285,249.7934,415.9596,244.8348,441.0302,245.0511,441.1910,210.1591,408.9924,210.0340,408.9743,205.3995,435.9373,205.0188,435.7852,230.2048,361.0529,230.2497,361.1349,394.8822,411.0067,395.2070,410.9202,350.3839,370.2915,350.6520,370.9908
350.3754,431.0022,350.3192,430.8200,362.2019,456.2004,362.1601,459.9885,180.3484,401.1480,180.9229,400.8628,80.4409,401.0816,80.3549,401.1214,395.5179,390.8844,395.3294,390.9371,250.2856,415.5797,250.4616,415.7029,245.2735,440.9763,245.1476,440.8446,210.2757,408.9813,210.1840,408.9282,205.4421,436.1998,205.5037,435.9383,230.1165,360.7761,230.4378,360.8421,395.7432,410.8126,395.3827,411.0756,352.2759,371.2930,351.9830,374.8291
350.6294,430.9846,350.7018,431.0468,363.4331,457.6928,363.2531,463.6017,180.5404,400.8946,180.8860,400.7861,80.3746,400.9491,80.6468,400.7764,396.0947,390.6688,395.7482,390.7657,250.5245,415.8687,250.5676,415.9205,245.4893,441.0524,245.5892,441.0164,210.4888,409.0974,210.7120,408.6172,205.6997,436.0042,205.8912,435.6474,230.2886,360.9336,230.4378,361.0480,395.5188,410.5801,395.5847,411.0512,353.2061,372.5323,353.3943,378.4311
350.9191,430.9856,350.7947,430.8748,364.9499,458.2575,364.7692,466.7685,180.7900,400.6458,180.9806,401.0028,80.6615,400.7093,80.8370,400.4747,395.9173,390.8172,395.7854,390.9350,250.7830,415.6788,250.9838,415.6119,245.6652,440.7579,245.8424,440.8346,210.7291,408.7646,210.6102,408.6563,205.8924,436.0903,205.8422,435.5212,231.1605,360.7263,230.7007,360.4413,395.8080,410.6220,395.9178,410.7962,354.9445,373.4734,354.9492,381.8821
351.3000,430.7465,351.1869,430.6238,366.0972,459.4346,365.6483,469.5648,180.8518,400.5371,181.1917,400.7263,81.1868,400.8424,80.9126,400.9188,396.3298,390.5373,396.1125,390.8369,251.2218,415.5041,251.3877,415.5974,246.1077,440.7679,246.3066,440.5287,210.8976,408.6872,211.3036,408.9194,206.2350,435.8138,206.2826,435.6333,231.0971,360.9591,231.0801,360.7118,395.8963,410.7440,395.9655,410.8570,355.9737,374.4608,355.9636,384.4341
351.1502,430.3312,351.1863,430.6140,366.7875,460.0429,366.7477,472.0831,181.6004,400.3326,181.1178,400.6382,81.2053,400.6367,81.2515,400.7506,396.3513,390.2672,396.2270,390.6136,251.1980,415.6719,251.3488,415.8248,246.1544,440.5523,246.3070,440.5190,211.2504,408.4173,211.4473,408.6657,206.2993,435.4563,206.2197,435.7487,231.1014,360.7208,231.4738,360.1653,396.4451,410.4206,396.3621,410.2826,356.7352,375.0531,356.8197,386.8882
351.3261,430.3260,351.1552,430.3861,367.5787,460.6836,367.4005,473.5389,181.2770,400.4700,181.2989,400.4226,81.4344,400.3795,81.3792,400.5973,396.2863,390.2368,396.4107,390.2034,251.3172,415.4534,251.3168,415.4472,246.2879,440.5908,246.3135,440.4075,211.5016,408.5200,211.3524,408.2075,206.5265,435.3000,206.5572,435.4283,231.4598,360.0515,231.2209,360.2766,396.4510,410.3344,396.4353,410.4272,357.4664,375.7674,357.3526,388.6881
351.1829,430.1048,351.2317,429.9541,367.9796,460.9389,367.6541,474.6334,181.3429,400.2802,181.3330,400.1397,81.3215,400.3513,81.3669,400.1125,396.3057,390.3492,396.3195,390.1195,251.3336,415.2211,251.6917,415.0565,246.5399,440.2928,246.5329,440.2048,211.4475,408.1114,211.2373,407.9860,206.5376,435.1977,206.6305,435.2129,231.2458,360.0357,231.5060,360.2473,396.4687,410.0212,396.4809,410.1440,357.8223,376.0032,357.9277,389.8131
351.7523,430.2952,351.7243,429.9955,367.8647,460.9583,367.8273,475.0495,181.5176,400.0704,181.4175,399.6281,81.5252,400.0343,81.4687,399.8973,396.2865,390.0094,396.4564,390.0360,251.3920,415.0391,251.1709,415.0054,246.4141,439.9437,246.6524,439.8314,211.5749,407.9510,211.2047,407.9369,206.5478,434.8763,206.4839,434.8056,231.5868,360.0815,231.6112,359.9784,396.6119,409.9470,396.4252,409.9769,357.9977,376.0099,357.8788,389.9684
351.4838,429.5699,351.3686,429.8651,368.1213,461.1371,367.8313,474.7283,181.4665,399.5003,181.7599,399.9053,81.4013,399.8789,81.4997,399.6805,396.2470,389.8329,396.7759,390.0350,251.6509,414.7636,251.6320,414.8136,246.3102,439.7323,246.4049,439.9330,211.2508,407.5830,211.4228,407.7325,206.6012,434.7362,206.4766,434.8585,231.5502,359.7271,231.3233,359.9067,396.6497,409.8844,396.6159,409.7635,357.8702,376.0231,357.6863,389.8662
351.4050,429.7602,351.5577,429.6631,367.2997,460.7402,367.4038,473.5263,181.3440,399.9399,181.3688,399.6156,81.2859,399.5165,81.4010,399.8197,396.3682,389.7147,396.4237,389.6537,251.2527,414.8384,251.1853,414.6060,246.5256,439.4066,246.3865,439.6655,211.1872,407.8843,211.3259,407.5541,206.2823,434.5261,206.0798,434.7634,231.3663,359.7037,231.3592,359.6670,396.3864,409.4572,396.6790,409.5652,357.3343,375.5257,357.3733,388.7031
351.1832,429.5125,351.2772,429.5247,367.2032,460.0307,366.8101,472.1120,181.1732,399.2443,181.1960,399.4386,81.3086,399.4545,81.1032,399.4193,396.6193,389.2945,396.2962,389.4467,251.4259,414.4984,250.8905,414.4654,246.0426,439.2985,246.4286,439.5730,211.0541,407.6125,211.2453,407.4706,206.5327,434.3287,206.4335,434.3998,230.9200,359.4488,231.4228,359.1467,396.2313,409.4798,396.1632,409.4356,356.5377,375.0212,356.4907,386.9025
351.0579,429.2874,351.1601,429.2170,365.7680,459.4509,365.7317,469.5105,181.2695,399.2738,180.9238,399.2928,81.1026,399.6216,81.0950,399.4463,396.1316,389.4845,396.3314,389.2848,251.3700,414.3376,251.0372,414.4089,246.2611,439.2444,246.0155,439.2782,211.1943,407.3267,211.1150,407.2815,206.4240,434.3382,205.9795,434.2232,230.7761,359.2426,230.8605,359.4877,395.9152,409.3253,396.0300,409.4433,355.7478,374.4835,355.7854,384.5325
350.7903,428.8832,351.0794,428.9126,364.7628,458.5008,364.8457,466.9792,180.9642,399.2890,180.7363,399.2808,80.8056,398.9204,80.7219,399.0221,396.0329,389.2828,396.1776,389.2941,250.7892,414.0730,250.8705,414.2601,246.0783,439.0940,245.5953,439.2335,211.0827,407.1877,210.9924,407.1503,205.7607,434.3168,205.8795,434.1258,230.6835,359.2055,231.0105,359.2518,395.8928,409.2833,395.7951,409.2982,354.7190,373.6279,354.7395,381.8653
350.7478,428.9412,350.4767,428.9647,363.6856,457.5993,363.4125,463.1749,180.6845,399.1768,180.6884,399.0652,80.7511,399.2188,80.6774,398.9514,395.3911,389.2802,395.5001,389.2368,250.8061,414.0702,250.5143,414.1170,245.8381,439.2347,245.5928,439.2097,210.9740,407.3183,210.7582,407.3314,205.6316,434.4172,205.5977,434.0508,230.6098,358.9834,230.4699,358.8316,395.8074,409.0767,395.5906,408.8074,353.3584,372.4658,353.2468,378.5358
350.2482,428.8975,350.3178,429.2234,362.1127,456.3207,362.1542,459.8553,180.4499,399.0708,180.5333,398.8671,80.3433,398.9592,80.4669,398.9431,395.2980,389.2339,395.3760,389.0198,250.0751,414.0968,250.4498,414.3384,245.2281,438.9212,245.6553,439.1162,210.1398,407.0109,210.5516,406.7545,205.1341,433.9593,205.2484,434.0344,230.1639,359.1055,230.3161,359.3553,395.5130,408.9800,395.4284,409.2443,351.8621,371.6074,351.7240,374.8503
349.9907,428.9551,350.1438,429.0305,360.5159,455.2997,360.5321,456.3065,180.2153,398.8626,179.9448,399.2046,79.9792,399.1495,80.1831,399.0454,395.1659,388.7707,394.9486,388.9772,249.9042,413.9922,250.1337,414.0772,245.1584,438.9760,245.0987,439.2010,210.0714,406.9125,210.0575,406.8091,205.1344,433.8657,205.1550,434.0094,229.9144,359.1289,230.3607,359.0997,395.3098,409.1325,395.1136,409.0879,350.2156,370.4318,350.5705,371.4218
349.7801,429.1245,349.9649,428.9567,358.8858,454.2936,358.9309,452.5933,179.8828,398.8811,179.4888,398.5623,79.4725,399.1384,79.8167,398.9095,394.9364,389.0638,395.0983,388.9793,249.6737,414.0476,249.4407,413.9354,244.6784,439.1474,244.5067,439.1740,210.0684,406.9562,209.6969,407.2003,204.9465,434.0968,204.8427,433.8627,229.9573,359.2193,229.5230,359.1347,394.7462,409.0161,395.1176,408.8831,349.2082,369.5810,349.0285,367.4222
349.7963,428.9871,349.5773,428.9209,357.7103,453.0819,357.4922,448.6935,179.3375,399.2256,179.5859,399.0018,79.3988,398.8264,79.5340,399.0706,394.2967,389.0202,394.2656,389.0186,249.7569,414.0678,249.5236,414.1364,244.5961,438.7485,244.5468,438.8982,209.6982,407.1777,209.7421,407.0980,204.3541,434.0921,204.4240,433.9760,229.4822,359.0208,229.6906,359.1620,394.1257,409.0500,394.4421,408.8926,347.4685,368.1387,347.4175,363.8573
349.0818,429.0088,349.1245,429.2049,356.0290,452.1704,355.9244,445.4041,179.1204,399.0979,178.9953,399.1374,79.2039,399.1073,79.1936,399.1661,394.3350,389.3061,394.4078,389.0637,249.1967,414.0054,249.0695,413.9473,244.5503,439.2438,244.3945,439.0839,209.2081,406.9125,209.4182,407.0681,204.3193,433.9368,204.4363,434.2238,229.2385,359.0761,229.1658,358.8925,393.9888,409.1415,394.1581,409.1312,346.3375,367.0954,346.0467,360.5746
348.9293,429.1287,348.9205,429.3063,354.7752,450.9810,354.8049,442.3407,179.1407,399.2444,179.4470,399.1984,79.0522,399.1063,79.1032,399.3650,394.1161,389.4358,393.9488,389.0539,249.0065,414.2852,249.1041,414.5437,243.8594,439.0223,243.9993,439.2398,208.6756,407.4247,208.9228,407.4014,204.1024,434.3334,204.0072,434.1903,229.0895,359.4789,229.1107,359.0560,394.0008,409.1424,394.0655,409.3005,344.8533,366.3365,344.9467,357.2357
348.9949,429.3651,348.8142,429.2718,353.9076,450.3337,353.7541,439.5554,178.6298,399.6595,178.8941,399.1316,78.8902,399.5138,78.8558,399.3733,393.5733,389.2445,393.9188,389.5885,249.0297,414.5587,248.8568,414.3215,243.7295,439.4494,243.8142,439.5584,209.1965,407.3957,208.4587,407.3680,203.8521,434.4950,203.8577,434.6214,228.6579,359.5501,228.8244,359.3133,393.6106,409.3529,393.9126,409.5912,343.7598,365.3464,343.8309,354.6664
348.3929,429.6296,348.6507,429.7124,352.9150,449.7833,352.9406,437.6293,178.6397,399.4751,178.6361,399.4893,78.9394,399.3519,78.7398,399.7425,393.3341,389.4670,393.9309,389.5742,248.6777,414.5209,248.6207,414.3455,243.4560,439.4629,243.8822,439.5047,208.4081,407.4033,208.4302,407.5372,203.8363,434.4601,203.7406,434.5320,228.5284,359.2425,228.6569,359.6061,393.6731,409.6310,394.0446,409.6212,342.9133,364.6700,343.0091,352.4984
348.6069,429.8399,348.5063,429.5946,352.5866,449.3376,352.5285,435.9780,178.6129,399.4502,178.5933,399.7173,78.4850,399.6355,78.5090,399.5227,393.7091,389.8215,393.5832,389.8118,248.7364,414.7214,248.5136,414.8684,243.4737,439.6581,243.7032,439.7260,208.7112,407.6830,208.6391,407.4340,203.6917,434.8201,203.3761,434.9353,228.3467,359.6257,228.0075,359.6251,393.8857,409.9084,393.5376,409.8776,342.3534,364.1732,342.3267,350.8828
348.5788,429.8119,348.6005,430.0384,352.1759,449.0261,352.0710,435.1400,178.1939,400.0833,178.7046,400.0032,78.6407,399.6807,78.4302,399.8822,393.3328,390.0861,393.2529,389.7997,248.8496,414.6737,248.2893,415.0213,243.6132,439.8124,243.5683,439.8838,208.3777,407.6362,208.6296,408.0527,203.3796,434.4313,203.5474,434.8136,228.4938,359.8287,228.3152,360.0229,393.8616,409.9255,393.3363,410.0025,342.0346,363.8962,342.1242,350.2901
348.4904,430.1566,348.5493,430.0682,352.1048,449.2588,352.0521,435.0559,178.4006,399.9965,178.5471,400.2568,78.4942,399.5891,78.6407,400.0664,393.3333,390.1355,393.4373,390.1167,248.3685,414.9961,248.7467,415.3017,243.5592,440.1697,243.6690,440.0619,208.5559,407.7973,208.4773,408.0125,203.6284,434.9139,203.8266,435.1396,228.4493,360.2017,228.6643,360.0804,393.7238,409.9607,393.3086,410.0929,342.1584,364.0858,341.8951,350.0571
348.6729,430.4177,348.5373,430.6185,352.2786,449.2081,352.1076,435.4136,178.8018,399.9541,178.4032,400.0104,78.3177,400.0874,78.5986,400.2519,393.4416,390.2370,393.4620,390.2127,248.7341,415.4125,248.5352,415.1662,243.3919,440.2590,243.7265,440.1179,208.4758,408.2157,208.7077,408.4151,203.6229,435.0070,203.2734,435.3966,228.5813,360.2597,228.7392,359.9853,393.5083,410.1124,393.5860,410.3127,342.2726,364.3084,342.3671,350.4252
348.5876,430.2769,348.5168,430.5077,352.7128,449.5341,352.4739,436.9024,178.8587,400.6851,178.5589,400.4991,78.8030,400.3552,78.5078,400.2694,393.5242,390.4429,393.3311,390.4902,248.4913,415.4641,248.5291,415.5342,243.3911,440.6708,243.7725,440.0611,208.6193,408.3227,208.6222,408.3589,203.8638,435.2986,203.7233,435.0607,228.7301,360.3700,228.6163,360.5044,394.0095,410.7316,393.6376,410.5657,342.6705,364.2806,342.6503,352.4203
348.7575,430.5130,348.7633,430.6507,353.7223,450.1659,353.6571,439.1562,178.8341,400.6009,178.8244,400.5302,78.6447,400.4577,78.7339,400.6156,393.7339,390.7786,393.6885,390.7872,248.6817,415.5630,248.6999,415.6407,243.5450,440.6542,243.9484,440.6254,208.5386,408.5259,208.9442,408.6896,203.7459,435.5883,203.8963,435.5098,228.5799,360.2717,228.9061,360.5870,393.8576,410.5706,394.1356,410.3685,343.7624,365.2020,343.4294,353.7406
349.0568,430.7123,349.0652,430.5270,354.3389,450.8183,354.6213,441.3106,178.9946,400.6478,178.9862,400.4439,78.7633,400.9830,78.8445,400.8911,394.0961,390.6544,394.0257,390.4017,249.1821,415.8275,249.0876,415.8251,243.8542,440.9711,243.9398,440.7607,208.9040,408.7085,208.9696,408.7296,204.0041,435.7618,203.9748,435.9598,229.0035,360.8244,229.0845,360.7821,394.2017,410.6933,393.8517,410.6115,344.5556,365.9404,344.4726,356.3378
349.4199,430.4626,349.2356,430.8816,355.9091,451.5613,355.8363,444.1912,179.1024,400.8451,179.3272,400.9605,79.1047,400.8569,79.0632,400.9775,394.2064,390.7290,394.2942,390.8705,249.1052,416.0209,249.0630,415.9447,244.3848,440.9607,244.2547,440.9267,209.3646,408.6456,209.5109,408.7848,204.2360,435.9357,204.1583,435.7024,229.1706,360.7701,228.8950,360.6117,394.4358,410.7167,394.2559,410.8341,345.7308,366.9043,345.7297,359.2637
349.4031,430.9697,349.5956,430.8787,357.1154,452.8430,356.8140,448.0009,179.4176,401.1190,179.4398,401.0940,79.4667,401.0282,79.4776,400.9102,394.4272,390.9988,394.5155,391.1476,249.3773,416.0053,249.3202,415.5826,244.5488,440.8643,244.5438,440.8289,209.2233,408.9278,209.3159,408.9742,204.3919,435.9912,204.5605,435.8998,229.4343,360.7521,229.0762,360.7865,394.6761,410.7799,394.5327,410.9823,347.1918,367.7899,346.8510,362.6102
349.7316,430.9756,349.7356,430.9417,358.4968,453.8223,358.6297,451.1077,179.9345,400.9207,179.5570,401.3646,79.7206,401.1404,79.6553,401.0066,394.9417,390.8644,394.7039,390.7335,249.6633,415.8422,249.7747,416.1711,244.6313,441.1325,244.7640,441.0235,209.8049,409.0320,209.6687,408.7833,204.7483,435.8892,204.5752,435.8507,229.8051,361.1204,229.8539,361.2285,394.7648,410.6557,394.5432,410.9458,348.5370,368.5663,348.3591,366.4073
350.0089,430.9767,350.1802,431.0633,359.8752,455.0282,359.9716,455.0064,179.9884,401.0596,180.0114,401.1761,80.0871,400.9866,80.1521,400.7811,394.9718,391.2467,395.0985,390.9534,249.9794,416.0403,249.8757,415.9628,245.0055,440.8869,245.0679,440.7884,210.1086,408.7549,209.8851,409.0958,205.0963,436.1241,204.9183,435.9775,229.8522,360.8609,229.8546,360.9137,394.9435,410.8321,394.9333,410.8988,350.0679,369.7376,349.8019,370.1095
350.3830,430.7029,350.1691,430.7963,361.5984,455.9652,361.2189,458.7399,180.2200,401.0555,180.1155,400.8661,80.2139,401.1501,80.3207,400.8976,395.2016,390.8853,395.4018,390.9601,250.4412,415.7085,250.2059,416.0013,245.2664,440.8444,245.4670,441.0855,210.1388,408.8423,210.4658,409.1364,205.1768,436.0588,205.1974,436.0122,230.4352,361.0891,230.5800,360.9774,395.5300,411.0519,395.3289,410.8261,351.4364,370.9435,351.5621,373.7347
350.4297,430.8504,350.4701,430.9445,362.7570,457.1945,362.8708,462.1977,180.4249,400.6219,180.6297,401.0721,80.7536,401.1125,80.6190,400.8330,395.3910,391.2414,395.8909,390.8791,250.6899,415.7776,250.4903,415.9936,245.4047,440.7603,245.4253,440.9479,210.8345,408.7580,210.6810,408.6090,205.7934,435.8644,205.5462,435.7804,230.6784,361.0546,230.5875,360.7647,395.5378,410.9714,395.7061,411.1865,352.9638,371.9904,352.9617,377.3899
350.8253,430.7508,350.7949,430.7633,364.3814,458.1687,364.3762,465.6041,180.8849,400.9204,180.8305,400.6382,80.5643,400.4750,80.7052,400.7528,395.5911,390.6384,396.1104,390.6222,250.6482,415.6702,250.7209,415.9278,245.6850,440.9773,245.6970,440.8676,210.8232,408.6435,210.8522,408.6560,205.7137,435.6886,205.6742,435.8301,230.8832,360.8075,230.8460,360.9207,395.5593,410.9431,395.8914,411.0370,354.3195,373.0970,354.1643,380.6678
350.9785,430.8419,351.0497,430.7639,365.3627,459.5040,365.4507,468.5284,181.1420,400.9652,181.0478,400.6594,80.8497,400.5996,81.1679,400.5971,395.9195,390.7654,395.8267,390.9529,251.0301,415.7650,250.8589,415.5459,246.0563,440.7676,245.9135,440.6137,210.7960,408.5418,210.7474,409.0947,206.1478,435.6084,205.9544,435.7630,231.1887,360.5843,231.2420,360.9295,396.2417,410.9472,395.9493,410.5305,355.5387,374.0059,355.3400,383.6394
350.9373,430.5933,351.4179,430.6555,366.5071,459.9999,366.6460,471.1307,181.1889,400.5444,181.0781,400.7057,81.3200,400.3876,81.1247,400.7412,396.2387,390.5713,396.2513,390.8402,251.0272,415.5505,251.1479,415.7037,246.2837,440.7538,245.9741,440.6349,211.0560,408.6433,211.2528,408.5539,206.2167,435.7129,206.3586,435.5878,230.9654,360.4880,231.2995,360.7503,396.3218,410.6071,396.2676,410.6215,356.2819,374.7362,356.4146,386.0281
351.2041,430.6716,351.5608,430.4109,367.3512,460.4653,367.1771,472.9983,181.4309,400.2076,181.3262,400.3769,81.4181,400.5427,81.4785,400.0511,396.4616,390.5082,396.4770,390.2528,251.4845,415.7071,251.1749,415.2329,246.5392,440.3636,246.3162,440.3392,211.5011,408.5503,211.6138,408.6506,206.6762,435.1745,206.5160,435.3016,231.3788,360.4808,231.1663,360.5104,396.1684,410.2101,396.5506,410.6153,357.3906,375.6297,357.3170,388.0095
351.4660,430.2001,351.5293,430.0710,368.0123,460.8603,367.6899,474.3790,181.4474,400.1440,181.6135,400.0492,81.3279,400.3615,81.3470,400.0880,396.6885,390.3446,396.1421,390.3997,251.4420,415.1971,251.4216,415.2659,246.6072,440.3543,246.5590,440.4670,211.6827,408.2807,211.5554,408.3205,206.4215,435.4108,206.5529,435.2615,231.2603,360.2291,231.4558,360.1508,396.4786,410.4118,396.4316,409.9497,357.6213,375.8683,357.7063,389.2951
351.4380,430.2911,351.8143,430.2042,368.2551,461.1347,368.0156,474.8976,181.3342,400.1594,181.6836,400.2698,81.3387,400.2315,81.3967,400.2510,396.3139,390.0957,396.6384,389.8671,251.6437,415.0156,251.3643,415.0623,246.8344,440.1204,246.9624,439.9718,211.4680,408.3128,211.2066,408.0432,206.1429,435.2054,206.6812,434.8162,231.3695,359.9437,231.4170,359.9257,396.4102,410.0251,396.3611,409.9141,357.9821,376.1037,358.0566,389.7561
351.6020,429.8577,351.5219,430.0385,367.8931,460.8314,367.6656,474.9219,181.4727,400.0760,181.4416,399.6346,81.6104,400.0926,81.7461,399.9737,396.1842,389.9242,396.5351,389.6607,251.6399,414.5730,252.0299,414.9837,246.6614,439.7938,246.5472,439.8795,211.5891,407.9271,211.3139,407.9874,206.6517,434.9483,206.5579,434.5638,231.4438,359.6932,231.4030,359.6377,396.4384,409.8833,396.5824,409.9534,358.1556,375.9572,357.9112,390.0730
351.4241,429.8217,351.6121,429.5103,367.6529,460.6392,367.5417,474.0659,181.7514,399.6358,181.6349,399.7800,81.2407,400.0201,81.5930,399.7915,396.2785,389.8649,396.4609,389.5428,251.5736,414.5819,251.4795,414.6684,246.3915,439.7452,246.4582,439.6042,211.4426,407.6755,211.6117,407.6912,206.1780,434.6716,206.2337,434.4157,231.3474,359.5926,231.4564,359.5657,396.2694,409.7336,396.5221,409.8417,357.4390,376.0341,357.7026,388.6450
351.2904,429.4627,351.3210,429.3252,366.8965,460.4048,367.0514,472.5460,181.4057,399.4762,181.0239,399.5862,81.5880,399.4139,80.9593,399.2901,396.2953,389.4096,396.4730,389.4748,251.3319,414.5291,251.4513,414.7671,246.2785,439.4268,246.1032,439.5802,211.4386,407.3644,211.4062,407.8613,206.2245,434.7310,206.2822,434.5644,231.2805,359.6334,231.2246,359.3677,396.4555,409.4439,396.3620,409.4532,356.7905,375.1228,357.1452,387.2010
350.7568,429.3078,351.4687,429.6025,366.3193,459.8218,366.1637,470.3637,180.9701,399.5419,181.1005,399.2418,81.3512,399.3373,81.0699,399.4619,396.0312,389.1709,395.9053,389.4216,251.1542,414.5064,251.0393,414.0556,245.9578,439.4948,245.9579,439.4944,211.2544,407.4689,211.1359,407.5110,206.4280,434.4147,206.1373,434.3642,230.9944,359.3126,231.4114,359.2846,396.2104,409.2755,396.3186,409.3920,356.2377,374.6118,356.3118,385.2132
351.0677,428.9771,351.0191,429.3631,365.2448,458.7145,365.1103,467.6542,180.9682,399.3200,180.9081,399.2091,80.9888,399.1439,80.7191,399.1652,395.9177,389.3746,396.1747,389.2336,250.9090,414.0140,251.1397,414.2264,245.8685,439.3847,245.7492,439.0682,210.9618,407.3134,210.7964,407.0728,205.9977,434.1295,205.9217,433.8931,230.9365,359.2935,230.5656,358.9266,395.8856,409.4483,395.9843,409.0764,355.2699,373.6430,355.0672,382.9004
350.7074,429.4189,350.6297,429.3618,363.9707,457.8473,363.9769,464.5443,180.7563,399.2778,180.5945,398.9214,80.5326,399.2879,80.8185,398.9794,395.8227,389.1584,395.6976,389.1335,251.0298,414.0779,250.7150,414.2008,245.9438,439.3673,245.4502,439.2610,210.6079,407.2131,210.6416,406.9666,205.6583,433.9495,205.6302,434.3025,230.8023,359.1269,230.5382,359.0518,395.6884,409.0885,395.8519,409.0026,353.7774,372.9214,353.8855,379.6786
350.4499,429.0739,350.4749,428.6928,362.3151,456.9110,362.6372,461.4121,180.0429,399.2676,180.3371,399.1515,80.4400,399.1773,80.6121,398.8712,395.5559,388.6548,395.5761,389.1197,250.6430,414.0900,250.4953,413.9204,245.4561,439.1045,245.4254,439.1928,210.7547,407.1805,210.5102,406.8557,205.5441,434.0278,205.6505,434.1301,230.5133,358.9826,230.5276,359.0912,395.4174,409.0747,395.3104,408.9583,352.6211,371.6696,352.4977,376.1019
350.2434,429.0174,350.0152,429.0801,361.2573,455.5021,360.8929,457.5329,180.2767,399.1073,180.3549,399.1162,80.0919,399.0706,80.2673,398.9347,395.2585,388.9015,395.2974,388.9858,250.1257,414.0635,249.9541,414.2508,244.9847,438.9167,245.1946,439.2567,210.1458,406.7116,210.1970,407.1452,205.2025,433.9483,204.9644,433.9519,230.2500,359.1131,230.1575,359.1636,395.4279,409.1651,395.5737,409.0939,351.2011,370.6285,350.7806,372.3976
350.0718,428.7938,350.0791,429.1143,359.4557,454.4319,359.3695,453.7096,180.3656,398.9946,179.9245,398.8769,79.9654,399.0085,80.0601,399.0766,394.8723,389.0409,394.9297,389.1678,249.9073,413.9010,249.8490,413.9276,244.9886,439.0382,244.7562,438.7641,209.8542,407.0462,210.0774,406.9379,204.8571,433.9652,204.8554,434.1258,229.8933,358.9476,230.0964,359.1079,394.8272,408.9233,394.9697,408.8245,349.5099,369.6672,349.2955,368.9195
349.4644,428.8080,349.6878,428.8408,357.7002,453.2762,357.9052,450.1556,179.2389,399.1104,179.3799,399.3030,79.6134,398.6838,79.8136,398.9238,394.8255,389.0586,394.5978,389.1078,249.2361,414.0839,249.3879,414.4214,244.6234,438.9332,244.4776,439.1626,209.5932,406.9391,209.6297,407.0639,204.3771,433.8656,204.8673,433.9931,229.4745,359.2133,229.7230,359.1405,394.5515,409.3225,394.5532,408.7685,348.0772,368.6275,348.0490,364.9834
349.4536,429.1547,349.2827,429.1585,356.5163,452.5504,356.6386,446.1921,179.3840,399.3384,179.4548,399.0496,79.3217,399.1513,79.6175,398.8991,394.4214,389.1435,394.2990,389.0019,249.4265,414.1737,249.6429,414.0690,244.1366,439.1390,244.4505,439.1267,209.7061,406.9863,209.3534,406.9511,204.1951,433.9135,204.5204,434.3195,229.5216,359.1789,229.5534,359.1318,394.4128,409.3327,394.1627,409.0860,346.6179,367.5480,346.8026,361.5475
349.2850,429.2609,349.0815,429.1408,355.1794,451.3211,355.4548,443.2365,179.1986,399.1524,179.2940,398.9742,78.9260,399.1787,78.8372,399.3769,394.0946,388.9791,394.0052,389.1576,249.1558,414.3167,249.3906,414.1858,244.2491,439.1041,244.2311,439.1798,209.2849,407.1282,208.9864,407.1377,203.6744,434.0688,203.9083,434.2565,229.1868,359.0459,229.2679,359.2256,394.0696,409.1925,394.0896,409.3446,345.2473,366.8137,345.1026,357.9529
348.4793,429.2349,348.8854,429.1979,354.1347,450.8535,354.3558,440.3552,178.8406,399.1593,179.0505,399.1814,79.0222,399.0095,78.9036,399.3993,393.9474,389.2393,394.0000,389.2445,248.8708,414.2950,248.8597,414.4562,243.6767,439.1955,244.0176,439.0584,208.9888,407.5241,208.9103,407.1798,203.8055,434.2171,203.7511,434.3062,228.5469,359.2589,228.8687,359.5738,394.0014,409.1548,393.9047,409.4523,344.1493,365.7361,343.9030,355.4983
348.8535,429.2823,348.8065,429.6017,353.2731,450.0691,353.0776,438.1739,179.0393,399.6089,178.5537,399.6833,78.6055,399.3793,78.9335,399.5856,393.6793,389.6121,393.5780,389.6234,248.7813,414.4433,248.6401,414.2114,243.6937,439.2997,243.7760,439.4777,208.8195,407.5413,208.8264,407.4725,203.5812,434.2285,203.5809,434.7068,228.7142,359.4520,228.8939,359.3782,393.7898,409.3906,393.8859,409.3353,343.2916,364.7995,343.1407,353.0417
348.6118,429.6602,348.5879,429.4473,352.6086,449.3070,352.4320,436.2061,178.4045,399.7879,178.4336,399.5956,78.4949,399.8551,78.4351,399.6978,393.7544,389.7906,393.6629,389.4376,248.5137,414.4395,248.7732,414.5273,243.2525,439.6845,243.6317,439.8941,208.6310,407.7700,208.3830,407.4338,203.7699,434.6687,203.3629,434.7578,228.6048,359.7307,228.7824,359.5527,393.5847,409.5865,393.4663,409.8572,342.8746,364.6808,342.6063,351.3126
348.6707,429.4821,348.4466,430.1161,352.1509,449.1705,352.1670,435.1145,178.6977,399.7856,178.4404,400.1596,78.5039,399.7489,78.6662,399.7945,393.5256,389.7823,393.7211,390.0642,248.5484,414.7706,248.4372,414.9711,243.3978,440.0870,243.2889,440.0327,208.5429,407.8732,208.1728,407.9401,203.2937,434.7829,203.6729,434.7282,228.3383,359.7956,228.1857,360.0034,393.4405,409.9022,393.7568,409.8395,342.2736,364.1903,342.2070,350.2888
348.5549,430.0925,348.4799,430.0577,351.9343,448.9961,351.7491,434.8910,178.3928,400.0426,178.4438,399.9818,78.1992,399.9942,78.2894,400.0496,393.7547,389.9250,393.6938,389.8283,248.5001,414.7997,248.2570,414.9604,243.4234,439.9695,243.4093,440.0537,208.5503,408.1956,208.3685,408.0597,203.4812,434.8161,203.4349,434.8279,228.3348,359.8083,228.4501,360.1109,393.7793,409.9379,393.4631,410.1626,341.9136,364.2135,342.0252,349.9074
348.5067,430.4112,348.1999,430.2816,352.3047,449.2671,352.2202,435.1846,178.4532,400.2153,178.5862,400.3384,78.5935,400.2381,78.6361,400.2751,393.7616,390.0895,393.6049,390.0464,248.3565,415.0808,248.3038,415.2565,243.7506,440.2160,243.5259,440.4204,208.6890,408.0945,208.5782,408.1516,203.4487,435.2480,203.5344,435.3804,228.8173,359.9211,228.4636,360.2341,393.3622,410.1815,393.5435,409.8293,342.1082,363.9326,342.1675,350.3605
348.7649,430.5876,348.8646,430.3296,352.4198,449.3223,352.5015,436.2335,178.3771,400.4281,178.7825,400.4502,78.5360,400.0433,78.8304,400.3279,393.3546,390.2457,393.5170,390.3291,248.8043,415.2645,248.6782,415.5692,243.8604,440.4202,243.7099,440.2277,208.5620,408.3629,208.7073,408.2280,203.5265,435.2005,203.5279,435.3125,228.8242,360.3907,228.5816,360.1901,393.6450,410.7746,393.6077,410.4254,342.8862,364.4483,342.6767,351.6907
348.6996,430.7110,348.8081,430.7275,353.2668,449.8513,353.3885,438.0832,178.7608,400.3660,178.9754,400.2934,78.4688,400.7011,78.6928,400.2517,393.8662,390.7059,393.7305,390.5040,248.6835,415.6742,248.7083,415.2370,243.7930,440.4274,243.9344,440.3290,208.8465,408.3123,208.8889,408.4146,203.7242,435.6588,203.8118,435.5395,228.9781,360.5277,228.7764,360.8007,393.7635,410.6978,394.1235,410.4746,343.4382,364.7140,343.1972,353.3335
348.8781,430.6400,349.1428,430.9142,353.8420,450.7072,354.0583,440.2474,178.6129,400.6181,179.0282,400.4525,78.9482,400.5380,78.9229,400.5547,393.9453,390.9099,393.7974,390.8649,248.7657,416.0109,248.9451,415.7612,243.8433,440.6906,244.0709,440.4731,208.8156,408.4925,209.0477,408.7281,203.9487,435.7704,203.8805,435.9009,228.9322,360.8977,228.9694,360.6833,393.9545,410.4469,393.9740,410.8573,344.2083,365.5922,344.1473,355.4156
349.0719,430.6973,349.3138,430.8074,355.3427,451.8440,355.2050,443.3535,178.9335,400.8838,179.3635,401.2922,79.1210,400.7674,79.0698,400.6311,393.9711,390.5831,394.0485,391.0249,249.1033,415.7343,249.2613,415.8453,244.2630,440.9155,244.0055,441.0577,209.1901,408.8347,209.1617,408.9155,204.2319,435.5209,204.1080,435.8766,229.3296,360.4763,229.1762,360.8661,394.1536,410.8733,393.9738,410.5434,345.2915,366.2766,345.3293,358.2572
349.3646,431.0035,349.3455,430.6656,356.5955,452.3691,356.3999,446.3945,179.5180,401.0843,179.2375,401.1926,79.2854,400.9014,79.5354,400.8840,394.3237,390.9890,394.4574,390.9745,249.5530,415.8240,249.3096,415.9463,244.3383,440.8462,244.4488,440.7274,209.3750,408.9867,209.4736,408.9779,204.1483,435.9325,204.6265,435.9048,229.4753,360.6324,229.3274,360.8498,394.3027,411.1150,394.3640,411.0375,346.7522,367.5952,346.4566,361.3013
349.8403,431.1745,349.4262,431.0091,357.9483,453.4930,357.9844,450.0435,179.8435,401.1390,179.6221,400.6822,79.7378,401.0519,79.6598,400.8713,394.7479,391.0738,394.5808,390.9849,249.5912,415.9057,249.9424,415.8061,244.8453,440.9155,244.7839,440.8576,209.6500,408.9954,209.6162,409.1069,204.8340,435.9046,204.6606,435.9749,229.4241,360.9068,229.6001,360.8749,394.6358,410.8851,394.5554,410.7893,348.0571,368.6666,347.8609,365.1791
349.8916,430.9514,350.0364,430.9970,359.3623,454.8077,359.2654,453.7972,180.0212,400.8901,179.9604,400.9788,80.0720,400.9775,80.0176,400.7031,394.8614,391.1087,395.0130,391.0108,249.7921,416.1584,250.0887,416.1942,244.9088,441.2468,244.8286,441.1950,209.8629,409.0106,209.8923,408.9744,204.6233,435.8940,204.5196,435.9748,230.0563,360.7605,229.5863,360.8368,395.0137,410.7875,394.9836,410.9745,349.4337,369.4468,349.4721,368.7819
350.3399,431.0055,350.4386,431.1563,361.0430,455.5748,360.9945,457.7348,180.4043,401.1499,180.1872,400.9130,80.0853,401.1485,79.9799,400.9680,395.2122,390.9948,395.0813,391.1797,250.1138,415.9309,250.1370,416.0127,245.5199,440.7520,245.0537,441.1994,210.1061,409.2383,210.0604,408.7329,205.2351,436.0532,205.0422,436.0977,230.1444,361.0954,230.1186,361.5245,395.2170,411.1780,395.2008,410.9641,350.9009,370.6338,350.8311,372.5580
350.4880,431.0221,350.5563,430.9401,362.4778,456.8064,362.4255,461.2530,180.3688,400.8326,180.3676,401.1065,80.5787,400.9381,80.6399,401.0106,395.3750,391.0606,395.3570,390.8558,250.3173,415.8659,250.4586,416.0631,245.3547,440.8659,245.9010,441.0481,210.3955,409.1763,210.3549,408.7579,205.6205,435.7772,205.3879,435.7197,230.5330,360.7093,230.6073,360.9669,395.4127,411.0588,395.3874,410.8938,352.4148,371.8445,352.6066,376.2754
350.6263,430.5986,350.9018,430.7907,364.1243,457.7036,363.9269,464.7998,180.8578,401.0411,180.6326,401.0285,80.4278,400.9539,80.9287,401.1807,395.9856,390.7024,395.7933,390.7393,250.7784,416.1643,250.6237,415.7890,245.7030,440.8504,246.0187,440.8114,210.9046,408.8445,210.6141,408.6667,205.8687,435.9419,205.4513,435.7950,230.3873,360.8631,230.9615,360.8965,395.5751,411.1207,395.7305,410.7379,353.8930,372.9557,354.0233,379.5275
351.0604,430.6669,350.9585,430.8412,365.4590,459.0327,364.8989,467.9465,181.0346,400.6437,181.0785,400.6705,80.9642,400.8170,80.8377,400.5190,395.9948,390.6773,395.6903,390.6223,251.0888,415.8422,250.9095,415.9300,246.0694,440.6833,246.0895,440.7566,210.8551,408.8407,211.2475,408.9600,206.2808,435.7206,206.0929,435.7684,231.0369,360.7470,230.7163,360.7638,396.0304,410.6432,396.1056,410.9727,355.1795,373.7394,355.2198,382.8377
351.2662,430.3443,351.2810,430.5689,366.0683,459.3919,366.2883,470.3224,181.2591,400.6463,181.0544,400.7293,81.0285,400.7400,81.2914,400.7168,396.2300,390.4885,396.0731,390.7057,251.2276,415.5744,251.3229,415.5019,246.2528,440.5911,246.1230,440.7913,211.3099,408.5495,211.1006,408.7638,206.2280,435.8061,206.3584,435.6365,231.1207,360.7970,231.1122,360.8085,396.2053,410.8647,395.8492,410.8195,356.4437,374.8720,356.5048,385.2965
351.0588,430.5175,351.4146,430.5109,367.0075,460.1224,367.1074,472.8591,181.4538,400.2610,181.4959,400.6133,81.3925,400.2746,81.4955,400.3832,396.4739,390.3438,396.1775,390.3214,251.1742,415.5937,251.2664,415.5994,246.3563,440.3117,246.4968,440.4889,211.5990,408.4030,211.4189,408.4075,206.3249,435.4492,206.4978,435.2358,231.3412,360.5690,231.2760,360.6640,396.2291,410.5213,395.9809,410.4832,357.0917,375.2413,356.8620,387.5675
351.4247,430.1731,351.2743,430.3746,367.6593,460.7063,367.8301,473.8862,181.5936,400.3567,181.5495,400.4994,81.4433,399.9662,81.3488,400.1750,396.3905,390.1587,396.5823,390.2503,251.2991,415.3666,251.5718,414.8785,246.3527,440.3233,246.4162,440.6293,211.4662,408.3696,211.3703,408.0689,206.4956,435.3800,206.5539,435.1572,231.4154,360.6524,231.4132,360.2171,396.3514,410.1220,396.5624,410.3920,357.2898,375.6287,357.4961,389.0804
351.4305,430.1161,351.2014,429.9717,367.8210,461.1349,367.8795,474.8377,181.3945,400.0869,181.4702,400.1042,81.5942,400.1219,81.4933,400.1996,396.3657,390.2219,396.3521,390.1397,251.5862,414.9322,251.5101,415.0883,246.5006,440.0627,246.3051,440.0837,211.3746,408.2248,211.4102,408.1801,206.6770,435.1186,206.3650,435.0300,231.4393,360.1016,231.5017,360.1047,396.1705,410.0384,396.3565,410.1766,357.7937,376.0791,357.9169,389.8125
351.4824,430.2089,351.5055,429.8697,367.8690,461.0851,367.6959,474.6297,181.7169,400.0921,181.3902,400.0176,81.3999,399.9211,81.5563,399.9118,396.5918,389.6932,396.6106,389.8867,251.4671,414.9344,251.4817,414.9309,246.5933,439.7957,246.4741,440.2390,211.2924,407.8202,211.3136,407.9548,206.7587,434.9283,206.5505,434.8632,231.5063,359.8254,231.2251,360.0074,396.3003,409.8887,396.6188,410.0887,358.0123,376.2096,357.9954,389.6790
351.3999,429.6262,351.7350,429.5884,367.8992,460.6680,367.6153,474.5764,181.5369,399.6956,181.5245,399.7808,81.4501,399.6190,81.2500,399.9071,396.3708,389.4979,396.2824,389.8124,251.5221,414.6254,251.3524,414.6297,246.4102,439.7699,246.5919,439.8671,211.5384,407.8010,211.2688,407.8271,206.4616,434.8156,206.3566,434.7756,231.8808,359.5366,231.3229,359.7000,396.3449,409.7155,396.2610,409.6594,357.5185,375.8905,357.7132,389.3326
351.5268,429.7227,351.4180,429.4804,367.3774,460.8986,367.0534,473.1860,181.3972,399.7002,181.4753,399.8432,81.3499,399.6726,81.2458,399.6935,396.3714,389.4828,396.4590,389.4895,251.3282,414.6474,251.5519,414.6641,246.2267,439.6409,246.4368,439.7645,211.3846,407.3114,211.2727,407.4339,206.4290,434.6633,206.1387,434.7301,231.2383,359.7994,231.5313,359.4315,396.5010,409.6210,396.3135,409.5485,357.4897,375.4764,357.1702,387.9652
351.0605,429.3634,351.1763,429.5135,366.8364,459.6235,366.3801,471.1251,181.0698,399.5773,181.1560,399.4148,81.1913,399.3422,81.4109,399.1757,396.1152,389.2885,396.2143,389.4415,251.1869,414.3566,251.2140,414.1881,246.3405,439.2228,246.2353,439.5041,211.5261,407.4548,211.0552,407.4152,206.1912,434.5180,206.4003,434.3950,230.8608,359.6327,231.2252,359.4464,396.1945,409.2943,396.3188,409.5214,356.2665,374.8442,356.4416,385.9340
351.0077,429.3942,351.1529,429.2249,365.5441,459.0956,365.6175,468.7648,180.9804,399.0312,180.9765,399.2414,81.1459,399.3227,81.0301,399.4170,395.8521,389.2138,396.0680,389.6716,251.0096,413.8621,250.7600,414.5012,246.1829,439.2425,246.0102,439.0872,210.9893,407.2377,211.1981,407.2996,205.9174,434.2906,205.8621,434.2658,230.7363,359.2818,231.0960,359.1746,395.8898,409.2645,395.7370,409.2255,355.3624,374.2256,355.4112,384.0060
350.8145,428.8946,350.7993,429.3473,364.1659,458.3480,364.4875,465.6516,180.8257,399.1967,180.7731,399.4501,81.0531,399.2278,80.7391,399.0035,395.8722,388.9498,395.7880,389.3344,250.7865,414.1545,250.9887,414.3293,245.7611,439.1772,245.5524,439.0983,210.5436,407.2074,211.3717,406.9292,205.8340,434.3875,205.5475,433.9932,230.8207,358.9922,230.8163,358.9987,395.8400,409.1577,395.8090,409.0415,354.0880,373.2412,354.3139,381.1362
350.5524,428.9346,350.5274,428.7762,363.0878,457.0703,363.1345,462.2673,180.5087,398.9750,180.5710,398.8551,80.7950,399.0829,80.6180,399.3838,395.5712,389.2316,395.6048,389.0392,250.7006,414.0686,250.4364,414.0682,245.6903,438.7494,245.3438,439.1466,210.6055,407.0645,210.3675,406.8730,205.5011,434.1992,205.6147,434.1377,230.1932,359.0370,230.4442,359.0106,395.7156,409.0771,395.5095,409.1522,352.8308,372.0498,353.1385,377.4989
350.1018,429.2760,350.1418,429.1347,361.5849,455.8975,361.5171,458.6954,180.5460,398.8999,180.0990,399.1799,80.3459,399.0446,80.0911,399.0189,395.1570,389.0558,395.4893,388.9363,250.3793,414.1081,250.0190,414.1809,245.2012,439.0673,245.2636,439.1215,210.3650,406.9742,210.3177,406.6925,205.2602,433.8049,205.0363,434.0286,230.2243,359.1110,230.1346,359.0357,395.0308,409.2219,395.0478,409.1338,351.5154,371.2067,351.6749,373.8695
349.9751,428.8817,349.9425,428.9765,360.1254,454.8820,359.8425,454.9160,180.2438,398.7909,179.9742,398.9356,79.9758,398.9500,79.8508,398.8995,394.9373,388.8401,394.9278,389.0403,250.1452,413.7322,249.7927,413.9562,244.6670,438.9768,244.9646,439.0033,209.9811,406.9876,210.0550,407.0922,204.9762,433.9811,204.5524,434.1589,230.1003,359.1425,230.0764,358.9805,395.1209,409.3060,394.8696,409.0087,349.7705,369.9405,350.1291,370.0912
349.6359,429.1417,349.7091,428.7310,358.5938,453.7416,358.6330,451.3092,179.8826,399.1696,179.8806,399.0095,79.7936,398.8904,79.8163,399.1049,394.8986,388.9849,394.5926,388.9331,249.5298,413.7550,249.5691,414.0069,244.7317,438.9525,244.7179,438.9625,209.7744,407.1111,209.6625,406.7657,204.9311,433.9349,204.7962,434.0358,229.5431,358.8021,229.5649,358.7450,394.7539,409.2358,394.8689,408.9052,348.3894,368.8261,348.4083,366.1404
349.3479,429.3455,349.6094,428.9933,356.9168,453.1104,356.9824,447.9191,179.3700,399.3119,179.2127,398.8244,79.5233,399.2286,79.6474,398.9702,394.3284,389.1233,394.4479,388.9163,249.3924,414.0480,250.0038,413.9621,244.4946,439.2655,244.5356,439.1639,209.7026,407.2256,209.5180,406.8332,204.4774,434.1670,204.5740,433.7052,229.2922,358.8292,229.2462,359.0442,394.4103,409.1876,394.4001,409.0476,347.0872,367.7841,346.9777,362.8937
349.2174,429.3605,349.4849,429.3919,355.8557,451.8792,355.6353,444.1455,179.4056,399.0505,179.1290,398.8829,79.3838,399.4646,79.2761,399.1991,394.2283,389.0297,394.1148,388.9959,249.2711,414.1687,249.2803,414.1816,244.0791,439.6652,243.9699,439.3889,209.3993,407.2446,209.2566,407.2168,204.1014,434.2197,204.2264,434.3080,229.3137,359.3246,229.4527,359.5395,394.3480,409.1927,394.1117,409.2716,345.5284,366.8951,345.5430,359.0844
349.0649,429.3033,349.1320,429.2420,354.5679,450.9126,354.8624,441.0817,179.3254,399.0806,179.0984,399.1524,79.0808,399.2513,78.7895,399.2622,393.9099,388.8465,393.9992,389.1083,248.9700,414.3728,249.0315,414.3096,243.9383,439.2248,243.8364,438.9971,208.6973,407.1691,208.9229,407.1271,204.0154,434.3046,203.9181,433.9882,228.8037,359.2201,228.8396,359.2814,394.0468,409.0280,393.8461,409.4257,344.6783,366.0372,344.4243,356.3563
348.8366,429.5864,348.9894,429.4882,353.6579,450.2048,353.7885,438.9609,179.0930,399.3867,178.7880,399.3915,78.8142,399.4210,78.9798,399.2786,393.9631,389.4953,393.7453,389.5669,248.7108,414.5530,248.6797,414.5823,243.8227,439.3207,243.7737,439.4169,208.6360,407.3716,208.8366,407.3915,203.9429,434.3956,203.8037,434.4719,228.9738,359.6437,228.7246,359.3434,393.4049,409.4829,393.9365,409.8217,343.2416,365.2951,343.7595,354.0129
348.6406,429.5877,348.7130,429.6206,352.6631,449.3424,353.0025,436.6860,178.5157,399.1689,178.7215,399.5733,78.5748,399.6321,78.6509,399.6543,394.1057,389.5316,393.6521,389.6565,248.8336,414.7161,248.7105,414.4284,243.8726,439.6198,243.0480,439.5723,208.7150,407.5718,208.5471,407.5425,203.4481,434.4540,203.5484,434.5479,228.5601,359.5218,228.5390,359.7186,393.5903,409.4734,393.8475,409.4415,342.4442,364.6816,342.8803,351.7628
348.6319,429.8558,348.4906,429.6985,352.0676,449.1644,352.2343,435.5258,178.6740,399.8711,178.5727,399.8263,78.3333,399.7259,78.5620,399.8455,393.4954,389.5937,393.4573,389.9950,248.6720,414.6366,248.4557,414.8457,243.5592,439.7184,243.7524,439.6490,208.4079,407.7633,208.7190,408.1345,203.6850,434.6766,203.5689,434.7140,228.2823,359.7902,228.6643,359.9312,393.2307,409.5672,393.5350,409.8210,342.1409,363.9094,342.0644,350.6616
348.3468,429.9232,348.5043,429.6911,351.8901,448.7032,352.2999,435.0404,178.7417,399.8627,178.4445,400.1034,78.4679,400.1093,78.3881,400.0599,393.4162,389.9626,393.2415,390.1362,248.3801,414.8742,248.3931,414.9721,243.4480,440.2994,243.4904,439.8623,208.6298,407.8648,208.2081,407.7460,203.4248,435.2409,203.6270,434.8431,228.6633,360.1978,228.5657,359.9621,393.5885,410.0458,393.5535,409.8012,342.1780,363.8246,342.2089,350.1037
348.6634,430.0308,348.4140,430.0748,352.2978,449.0405,351.7138,435.2194,178.4911,400.0910,178.5945,400.4121,78.4878,400.3200,78.6075,399.9596,393.7070,390.3338,393.6333,390.0430,248.6177,415.2330,248.7510,415.1348,243.3290,440.0372,243.5193,440.3136,208.7320,408.1574,208.5463,407.9226,203.6450,435.1141,203.6433,434.6962,228.4788,360.1871,228.3361,360.0208,393.4672,410.1540,393.6552,410.0625,342.0817,363.9604,342.3758,350.1138
348.7686,430.4091,349.0083,430.4195,352.2511,449.1927,352.6700,436.1946,178.4958,400.2277,178.7584,400.5613,78.0944,400.4281,78.5589,400.5001,393.4523,390.2630,393.4474,390.2423,248.6351,415.5641,248.5461,415.1693,243.6568,440.2063,243.6278,440.3046,208.4983,408.5455,208.4994,408.1231,203.7001,435.4446,203.3739,435.4833,228.5652,360.3110,228.4781,360.2459,393.7916,410.4783,393.3921,410.2524,342.5152,364.4381,342.7446,350.6784
348.5459,430.4895,348.8649,430.3941,353.1783,449.7406,353.0837,437.2832,178.6663,400.4367,178.4715,400.5678,78.5883,400.6210,78.4181,400.3963,393.7942,390.5547,393.6205,390.4587,248.7734,415.2106,248.9683,415.5487,243.7107,440.5670,243.8091,440.4987,208.7541,408.6225,208.6026,408.5219,203.7951,435.4627,203.7235,435.2845,228.6644,360.5402,228.7463,360.4088,393.4631,410.4774,393.8649,410.3886,343.0650,364.9806,342.9536,352.3875
348.7675,430.8243,348.7953,430.5659,353.9743,450.2438,353.8524,439.7271,178.7826,400.5733,178.8388,400.5070,78.8573,400.5755,78.8793,400.4739,393.6560,390.5315,393.9116,390.7919,248.8799,415.7410,248.7827,415.6736,243.8671,440.7685,243.8979,440.9205,208.8748,408.6736,208.9030,408.6644,203.6419,435.3970,203.9419,435.5820,228.9473,360.6482,228.5681,360.5914,393.7949,410.6173,393.9399,410.4489,343.8766,365.4472,343.6608,354.4134
349.0569,430.5052,348.7333,430.9534,354.9644,451.1546,355.0440,442.3274,178.9571,400.6673,179.0829,400.7450,79.0158,400.8102,78.8772,400.6661,394.2366,390.8566,393.9156,390.8022,249.3102,415.8181,249.0004,415.7255,243.9449,440.5024,244.2280,440.5243,209.2742,408.8044,209.2631,408.9457,204.0227,435.6345,204.0830,435.7081,229.1327,360.9242,229.1035,360.4270,394.2132,410.8375,393.8302,410.9356,344.9177,366.2229,344.7099,357.2695
349.0918,430.9514,349.1978,431.2405,355.8288,452.1237,356.1978,445.4064,179.2656,400.9481,179.3831,400.9785,79.0185,400.8132,79.4045,400.9970,394.2780,390.8217,394.1025,390.7993,249.3115,415.7554,249.2541,415.7417,244.0500,440.7194,243.9773,440.9383,209.5178,408.8154,209.1821,409.1623,204.1206,435.7396,204.3670,435.9092,229.2900,360.9737,229.2503,360.6381,394.2529,410.8800,394.3179,410.6043,346.3336,366.8532,346.0123,360.3209
349.2402,431.1098,349.3303,431.1518,357.7700,452.7825,357.7330,448.7318,179.4041,400.9280,179.4712,400.9287,79.4233,401.0699,79.9020,401.1668,394.3827,391.0091,394.0330,391.0394,249.4636,415.9835,249.5854,415.9204,244.6762,440.7610,244.5678,440.9748,209.6552,409.1755,209.5366,409.1208,204.7511,435.8348,204.5514,436.0996,229.6457,361.0900,229.4133,361.2049,394.5061,410.9575,394.4739,410.6098,347.4165,367.9888,347.7870,363.6052
349.8070,430.9945,349.8689,430.8740,358.9861,454.4157,358.8991,452.7216,179.7581,401.1670,179.7937,401.3343,79.8284,401.1919,79.7644,401.2356,394.8864,391.1239,394.7221,391.0460,249.8649,415.9505,249.9898,415.9518,244.7882,440.8868,244.8918,440.9174,209.7694,409.2211,209.7165,408.9072,205.1051,436.1519,204.9718,435.8787,229.9281,360.8197,229.6475,361.0320,394.7837,410.9339,394.6701,411.1441,349.2083,369.1993,349.1995,367.6770
350.1551,431.0070,350.1828,431.0662,360.8262,455.3110,360.4212,456.1010,179.8407,401.0895,179.8816,400.9421,80.1432,400.7814,79.8068,400.9535,395.2429,391.2519,395.1424,391.0166,250.1612,415.6348,250.1776,416.0999,245.0109,441.2610,245.2977,441.0667,210.3172,408.7149,210.0712,408.9725,205.2137,435.9959,205.0319,435.7846,230.4053,361.0053,230.1975,360.8816,394.7730,410.8541,395.3150,410.8336,350.4885,370.1330,350.6198,371.1168
350.3736,430.8033,350.1872,431.0162,362.2067,456.5273,361.9834,460.0477,180.9744,401.0709,180.4405,400.8300,80.2160,400.6395,79.8246,400.9830,395.4370,391.1328,395.2029,390.7802,250.6572,416.0268,250.3223,416.0627,245.5096,440.7551,245.5227,441.1021,210.2332,409.2240,210.2169,408.9420,205.2632,436.0057,205.1921,436.1548,230.4702,360.9973,230.3746,361.1325,395.5949,410.8372,395.3407,411.0833,351.6955,371.5134,352.1102,374.9003
350.6723,431.0713,350.5295,431.1242,363.4246,457.5426,363.3987,463.6959,180.7047,400.8510,180.3658,400.8386,80.6732,400.9244,80.5850,400.6458,395.7412,390.9870,395.8575,391.1807,250.7184,416.0578,250.8687,415.7833,245.5613,440.7252,245.5976,440.7350,210.6085,408.8414,210.6451,408.7451,205.2748,435.6413,205.6556,435.9255,230.9264,360.9543,230.4847,360.9380,395.8056,410.8365,395.7087,410.7011,353.2326,372.4552,353.5942,378.7676
350.9338,431.0148,350.8964,430.8210,364.8910,458.4293,364.8564,466.8385,181.0416,401.2806,180.8017,400.9546,80.9251,400.7801,80.7951,400.5955,395.6799,390.9373,395.7285,390.8245,250.7034,415.8011,250.7048,415.7801,245.9141,440.7027,245.7390,440.8405,210.9373,408.8166,210.8640,408.7515,206.0126,435.7684,206.0361,435.8650,230.6922,360.7593,230.6728,360.6375,395.6976,410.8338,396.0446,410.5375,354.6971,373.5784,354.6071,381.7268
351.2022,430.6343,351.1077,430.7360,365.9695,459.2545,365.7203,469.3088,180.7767,400.4734,181.2488,400.7421,81.1947,400.7664,80.8704,400.7783,396.0967,390.8585,396.1922,390.6852,251.0901,415.6281,250.9320,415.7679,246.1044,440.7022,246.1918,440.6604,211.0784,408.5355,211.1768,408.6138,206.1701,435.6862,206.3610,435.6233,230.9360,360.5913,231.0149,360.7052,396.0677,411.0209,395.7832,410.8884,355.8512,374.2701,355.9022,384.4190
351.1753,430.4204,351.3236,430.5755,366.7127,459.8856,366.6498,471.9377,181.3756,400.8532,181.4820,400.4065,81.5500,400.7592,81.2852,400.4015,396.3366,390.6857,396.2121,390.3937,251.2567,415.6929,251.3736,415.4161,246.3570,440.4248,246.2664,440.6583,211.0812,408.3221,211.0770,408.4327,206.3018,435.6941,206.1241,435.4539,231.1398,360.6011,231.2078,360.5374,396.3705,410.3266,396.2084,410.7169,356.8489,374.9371,356.8006,386.8494
351.2264,430.5944,351.6085,430.1918,367.5864,460.7493,367.8343,473.4880,181.3245,400.1713,181.4012,400.7936,81.2845,400.3503,81.1985,400.2421,396.6468,390.4463,396.1980,390.3660,251.1747,415.4666,251.4065,415.3927,246.4178,440.3096,246.4474,440.3397,211.4283,408.3564,211.3269,408.2843,206.2433,435.4685,206.4721,435.2720,231.2358,360.2395,231.2930,360.3716,396.2747,410.3866,396.3035,410.3737,357.3974,375.7379,357.6244,388.5360
351.3300,430.4474,351.4396,430.4386,367.7531,460.9391,367.9494,474.7841,181.3783,400.2548,181.5547,400.1426,81.3087,400.1412,81.5236,400.2291,396.6724,390.1645,396.5409,390.0842,251.3939,415.3884,251.2895,415.1132,246.5383,440.4629,246.4675,440.2299,211.5640,408.1937,211.3197,407.8517,206.8219,435.1178,206.4536,435.0697,231.8369,360.1359,231.4942,360.2226,396.5168,410.5686,396.4406,410.2171,358.1141,375.9658,357.8929,389.7209
351.3508,429.8622,351.4036,429.8856,367.8691,461.0150,368.1463,475.1504,181.4029,399.9569,181.6381,400.1019,81.7035,399.9743,81.6680,400.0561,396.4766,390.0711,396.5183,389.7482,251.4649,415.0888,251.3910,415.0623,246.7212,439.8684,246.6681,440.0749,211.6090,408.0028,211.4798,408.1632,206.4535,434.8498,206.5015,434.7964,231.3859,359.9708,231.5042,360.0582,396.5100,409.8496,396.4857,410.0002,357.9637,375.9166,357.9621,389.9844
351.5776,429.9204,351.3697,429.8883,367.7755,461.0177,367.5502,474.3853,181.6802,399.7998,181.4791,399.6422,81.7478,399.7678,81.8720,399.9740,396.6022,389.8754,396.6719,389.8435,251.4856,414.9762,251.5233,414.8566,246.8184,439.7172,246.7571,439.8555,211.4612,407.7022,211.6494,407.7665,206.4073,434.7661,206.1944,434.7432,231.5113,359.8800,231.5365,359.9043,396.3587,409.5972,396.6401,409.9047,357.5431,375.9129,357.8726,389.5972
351.2880,429.6347,351.4505,429.7024,367.6110,460.4565,367.5280,473.9641,181.3159,399.5069,181.5989,399.5755,81.4283,399.7739,81.5912,399.5894,396.3823,389.7151,396.4334,389.5482,251.6036,414.8794,251.3557,414.7986,246.2816,439.6308,246.3987,439.7597,211.4132,407.8434,211.6953,407.7172,206.3538,434.5353,206.5389,434.7979,231.3613,359.6922,231.1952,359.3558,396.5623,409.5566,396.3540,409.7443,357.6700,375.4256,357.4788,388.8011
351.3581,429.2103,351.1848,429.2353,366.6923,460.0599,366.7454,471.6508,181.3809,399.4166,181.4525,399.3463,81.2151,399.7338,81.3435,399.6054,396.3069,389.7348,396.1777,389.4685,251.0883,414.4499,251.4170,414.6684,246.2987,439.6353,246.2526,439.6525,211.3813,407.2106,211.1045,407.3367,206.1317,434.5527,206.2244,434.5103,231.3943,359.4130,231.2918,359.2643,396.2146,409.7024,396.5806,409.8482,356.8923,374.9709,356.7692,386.9698
351.0105,429.2813,351.1416,429.7197,365.8293,459.4777,365.6924,469.5924,181.2564,399.3042,180.9061,399.1092,81.1298,399.4992,81.4243,399.5324,396.2010,389.6197,396.3500,389.5200,251.0132,414.3824,251.2986,414.5803,246.0884,439.6692,246.0228,439.1205,210.9620,407.3629,210.9620,407.3645,206.3293,434.5034,206.2675,434.4316,231.2532,359.4125,231.3154,359.1712,396.1145,409.4571,396.1993,409.4994,355.8712,374.2437,355.9292,384.6736
350.8119,429.1678,350.9180,428.9588,364.7076,458.6431,364.7987,466.8072,180.9597,399.3977,181.1001,399.2237,80.8368,399.1249,81.1926,399.3697,395.9190,389.4658,396.1739,389.1880,250.7053,414.0014,251.1423,414.2567,245.6766,439.1398,246.0137,439.0526,210.8774,407.0360,210.9124,407.4389,206.0899,434.2126,205.7769,434.2546,231.0307,359.1544,230.9090,359.3908,395.6552,409.0023,395.8207,409.3376,354.8880,373.4622,354.5228,381.5762
350.2965,428.9231,350.6631,429.1099,363.2714,457.4307,363.3171,463.4652,180.7229,398.9939,180.6837,398.9922,80.7703,399.0369,80.8039,399.2679,395.4104,388.9144,395.6352,388.9975,250.6088,414.0234,250.6183,414.0366,245.6553,439.4489,245.7889,439.1075,210.5947,407.1843,210.7347,407.2743,205.9550,433.9947,205.6949,434.0831,230.7953,359.2056,230.4115,359.3081,395.6770,408.6752,395.3814,409.5065,353.1944,372.7406,353.4502,378.2403
350.6112,428.9089,350.3062,428.9795,361.8022,456.3121,362.1704,459.8846,180.2251,398.9713,180.5553,399.0530,80.5383,399.0351,80.4009,399.1156,395.3964,389.0374,395.1191,388.9859,250.0820,413.9733,250.1957,413.7516,245.5748,439.1438,245.3549,439.1968,210.6038,407.2419,210.5147,407.0506,205.2028,433.9613,205.3160,433.9419,230.3895,358.8225,230.6776,359.0470,395.3652,408.9428,395.5717,408.8382,352.0011,371.6485,351.7579,375.0804
350.4870,429.0538,350.1649,428.9549,360.6937,455.3625,360.4330,456.1809,180.0388,398.9908,180.2514,398.7743,80.1505,399.0400,80.0498,399.0544,395.4402,388.7967,395.2148,388.8388,250.1394,413.8830,250.0599,414.0058,245.2927,438.9208,245.0326,438.8138,209.9231,406.6754,210.1708,406.8696,205.2820,433.8807,205.1166,434.4019,230.4491,359.1184,230.0640,359.0537,395.0565,408.7397,395.0632,408.8848,350.5716,370.4547,350.3754,371.4972
349.8433,429.0603,349.9436,428.8972,358.9233,454.0456,358.8997,452.6349,179.7498,399.0677,179.8227,399.0855,79.8684,398.6835,79.6743,399.1501,394.7932,389.1354,394.8981,388.9297,249.8426,414.1807,250.0475,413.8834,244.7499,438.9014,244.5566,438.8652,209.8322,407.0069,209.9629,406.9980,204.6464,434.0780,205.0595,433.9207,229.7864,358.9043,229.9815,359.0413,394.7279,409.0266,394.9111,408.9226,348.9163,369.3320,349.0031,367.5958
349.7417,429.2391,349.6193,429.1109,357.3370,453.1299,357.5949,448.8695,179.4663,399.1949,179.4446,399.0376,79.3735,398.7413,79.5858,399.4846,394.7677,388.8035,394.4541,389.1848,249.6307,414.4625,249.5866,414.1108,244.6841,438.7559,244.6425,439.1634,209.6043,407.0841,209.2927,406.7693,204.7373,434.2953,204.3543,434.2601,229.5900,358.8031,229.5137,359.0560,394.5432,408.9775,394.4451,408.9415,347.6102,368.2275,347.5031,363.8930
349.1714,429.0955,349.0672,428.9332,356.4290,451.9805,356.0838,445.1811,179.2778,399.1926,179.1850,399.0523,79.1127,399.1988,79.2858,399.0386,394.3849,388.9297,394.2574,388.9545,249.2712,413.9857,249.2295,414.0728,244.3506,438.9841,244.5040,439.0539,209.2014,407.1612,209.0080,407.1379,204.1414,433.8142,204.4100,434.1111,229.2172,358.9695,229.0425,359.2419,393.9671,408.9927,394.1254,409.2905,346.1183,367.0766,346.0617,360.3375
349.1339,429.0909,348.9831,429.4275,354.9082,450.7000,354.7711,442.2141,179.0108,399.3553,178.9531,399.3158,79.1277,399.0231,79.0872,399.2288,394.1787,389.3397,393.9584,389.3035,249.3113,414.0950,249.2863,414.1842,243.9353,439.2142,244.1248,439.3146,209.0769,407.1973,208.9854,407.4715,204.0874,434.5326,204.1631,434.4132,228.7679,358.9115,229.1467,358.9688,394.2212,409.4293,393.8618,409.2829,345.1073,365.9985,345.1298,357.3220
348.8843,429.3753,348.8614,429.4068,353.8784,450.2150,353.9645,439.3870,178.7925,399.3026,178.9645,399.4378,78.8824,399.4687,78.7924,399.3481,393.7208,389.3045,393.6622,389.6554,248.7639,414.4008,248.8994,414.4162,243.8013,439.4008,243.7243,439.3362,208.8429,407.3127,208.6014,407.5660,203.6717,434.5218,203.6495,434.4499,228.9529,358.9926,228.6360,359.0093,393.8136,409.2338,393.7932,409.4001,343.9674,365.3734,344.0608,354.3450
348.7789,429.3736,348.6484,429.7785,353.1067,449.7925,352.9177,437.5571,178.3449,399.6293,178.6866,399.3435,78.7181,399.5310,78.5607,399.4619,393.7289,389.4916,393.6193,389.4411,248.5939,414.6617,248.6918,414.6202,243.7341,439.4613,243.7312,439.6429,208.6226,407.7248,208.8095,407.8532,203.6959,434.5635,203.6730,434.5283,228.5309,359.5246,228.8713,359.7147,393.6593,409.4903,393.6880,409.6286,342.7668,364.9136,343.0525,352.4915
348.6824,429.5054,348.4230,429.7556,352.2984,449.2202,352.2723,436.0847,178.7037,399.7283,178.5865,399.4453,78.4687,399.6300,78.9876,399.6398,393.5464,389.9253,393.7717,389.7806,248.7521,414.7973,248.6478,414.8681,243.4247,439.5687,243.6998,439.8700,208.6585,407.7930,208.7155,407.6114,203.4858,434.9362,203.4884,434.6112,228.4542,359.8669,228.6789,359.5426,393.6134,409.6787,393.4922,409.7637,342.3942,364.3180,342.2472,350.7923
348.2115,430.1543,348.6759,429.7716,352.3095,449.2887,352.1385,435.0731,178.5522,400.0008,178.5649,399.6970,78.4994,399.9796,78.6227,400.1024,393.5061,389.9927,393.3854,390.0019,248.3471,414.9863,248.4636,415.2007,243.5892,439.5783,243.4103,439.7587,208.8225,408.1430,208.4036,407.7826,203.2989,434.9204,203.6839,434.8945,228.5651,359.7734,228.6922,359.9980,393.8232,409.6007,393.5387,409.8796,342.0440,363.8606,342.1446,350.1475
348.4531,430.0827,348.7302,430.1071,351.9272,448.9944,352.2141,435.3050,178.3022,399.9449,178.6586,400.1324,78.6763,400.0534,78.2889,399.8886,393.7594,390.1166,393.7261,390.0885,248.7891,415.0969,248.3966,414.8388,243.2590,439.8322,243.5076,439.9059,208.5496,407.9069,208.3698,407.8760,203.4724,435.0823,203.3787,435.1489,228.6040,360.1877,228.6056,360.1785,393.4554,410.0358,393.5345,410.0170,342.0941,363.7223,341.8044,350.0369
348.6956,430.5401,348.6102,429.9803,352.1993,449.5201,352.3818,435.3163,178.4553,400.0981,178.4175,400.3636,78.5045,400.3124,78.3849,400.3349,393.2956,390.0484,393.3389,390.1958,248.5320,415.3936,248.7384,415.1242,243.8161,440.1817,243.5405,440.0317,208.6966,408.1811,208.6264,408.0586,203.4356,435.2876,203.6040,435.2931,228.5654,360.2879,228.7273,360.2209,393.7105,410.1793,394.0319,410.4675,342.4559,364.1311,342.2350,350.5387
348.4675,430.2387,348.7064,430.6765,352.8882,449.5636,352.7602,436.9389,178.4042,400.4076,178.7156,400.5408,78.7047,400.3775,78.8559,400.3675,393.5106,390.3882,393.8698,390.6798,248.7159,415.7876,248.6068,415.5148,243.6524,440.4860,243.7328,440.3328,208.7245,408.2453,208.4112,408.4976,203.6951,435.3225,203.4929,435.2781,228.4759,360.3453,228.4238,360.4118,393.6799,410.6884,393.6202,410.3358,342.7321,364.5989,342.8521,351.7272
348.8761,430.4947,348.7907,430.4972,353.3900,450.1334,353.3151,438.5477,178.8980,400.3962,178.6153,400.5154,78.6745,400.2691,78.7788,400.6472,393.6056,390.6618,394.1237,390.7737,248.6336,415.5611,248.7550,415.7467,243.8031,440.5883,243.9281,440.8338,208.9413,408.7023,208.4775,408.6150,203.5383,435.7278,203.7815,435.3998,228.9033,360.7440,228.8063,360.5409,393.8558,410.6489,393.7561,410.5859,343.5585,364.9613,343.8304,353.8862
348.9779,430.8209,348.6994,430.6969,354.3839,450.9251,354.3775,441.1191,178.8910,400.7530,178.6907,400.7226,78.9522,400.7090,78.6934,400.8846,393.8352,390.5556,393.6951,390.8691,249.0158,416.1349,249.0164,415.7078,244.1067,440.9129,243.8187,440.7357,208.7146,408.8048,208.8701,408.7661,203.8243,435.6048,203.8233,435.9974,228.8731,360.5193,228.8645,360.6136,394.0696,410.5689,393.9119,410.6898,344.4806,366.1263,344.6657,356.5760
348.9998,430.8356,349.0944,430.7990,355.9962,451.6624,355.6595,444.1760,179.3960,401.1011,179.1685,401.1109,79.0364,400.7907,79.0906,400.7330,394.1306,390.8853,394.0330,390.8073,249.1946,415.7779,249.3905,415.8693,244.4649,440.9504,244.0359,440.8695,209.3341,408.7618,209.0993,409.0450,204.2986,435.5454,203.8580,435.5701,229.1522,360.9229,229.3098,360.8756,394.0884,410.6896,394.2183,410.7908,345.5818,366.9015,345.5834,359.0142
349.7809,430.8129,349.3861,430.8406,356.7898,452.8290,357.1921,447.8880,179.4586,400.8954,179.5767,400.8810,79.4216,400.8583,79.4795,400.6999,394.7561,391.0851,394.6468,390.9682,249.3739,415.8734,249.5661,415.7894,244.7218,440.9016,244.0795,440.8767,209.6370,409.0565,209.5277,408.9855,204.3640,436.0910,204.1583,436.0147,229.7207,361.0923,229.4911,360.9581,394.3538,410.7104,394.5552,410.7638,346.8503,367.7766,346.7951,362.4243
349.7522,431.1993,349.6605,431.1020,358.4770,454.0232,358.6889,451.1617,179.5090,401.1691,179.9055,400.8310,79.8122,401.0108,79.5788,401.0340,394.4229,391.0474,394.8548,390.9594,249.9694,415.8687,249.5853,415.9670,244.6232,440.7172,244.6300,440.6372,209.7612,408.8121,209.7953,408.9067,204.7430,435.8005,204.6138,436.0486,229.7857,360.8738,229.6957,361.2404,394.6311,411.0949,394.6561,411.0681,348.5426,368.8927,348.6022,366.3686
349.8275,431.0840,349.9638,430.8760,360.1573,454.9352,359.9460,455.0197,179.6197,400.9437,180.0650,401.1295,80.0461,401.0500,79.9163,401.0565,394.8641,390.8890,394.9999,391.1644,250.2220,416.0136,249.9751,415.8671,244.8323,440.7792,244.7411,441.1486,209.9600,409.1928,210.1275,409.2380,204.9138,436.1032,205.0510,435.7002,230.1022,361.2547,230.0556,360.9354,395.2892,411.0537,395.1549,411.3795,349.9686,369.6765,349.9853,369.9201
350.4633,430.8138,350.2396,431.1854,361.6954,456.2769,361.4833,458.7852,180.5547,401.0669,180.1890,400.8101,80.4459,401.1298,80.1877,400.8053,395.4611,391.0558,395.4379,391.0230,250.0407,416.0083,250.0481,415.7526,244.9682,440.8415,245.3179,441.1024,210.2347,409.0316,210.5188,408.9914,205.4975,435.7951,205.0642,436.0506,230.3366,361.0950,230.5119,361.0803,395.0995,410.8858,395.3475,410.7518,351.3402,370.9232,351.4179,373.7667
350.6674,430.8969,350.6914,430.8475,362.9474,457.2179,363.0104,462.3089,180.7764,400.8325,180.3622,400.9470,80.7306,401.0183,80.5174,400.8564,395.5238,390.9081,395.6028,390.7857,250.4380,415.9204,250.6241,415.8284,245.1934,440.8544,245.4826,441.1393,210.6412,408.8898,210.7308,408.9078,205.5395,435.8324,205.8110,436.0879,230.3911,361.1106,230.6338,361.1043,395.4229,410.9546,395.6422,410.6076,352.9042,372.3076,353.0356,377.6782
350.9945,431.0030,350.8587,430.8194,364.2024,458.2613,364.5859,465.4298,180.7708,400.6375,180.9255,400.8710,80.5366,400.9688,80.9495,400.8175,395.9473,390.7692,395.7541,391.0060,250.7427,416.0968,251.0558,415.7252,245.8074,440.7725,245.5967,440.8735,210.5437,408.8718,210.5999,408.8596,206.0697,435.8816,205.6807,435.7983,230.7758,360.7604,230.7360,360.8656,395.5966,411.0981,395.5704,410.8540,354.0485,373.2670,354.3579,380.9588
351.5341,431.0197,351.0296,430.7692,365.7607,459.2130,365.3853,468.7591,181.0746,400.8073,180.8634,400.8690,81.2404,400.7040,80.9421,400.3851,396.0844,390.5737,395.8111,390.5186,251.1081,415.4770,251.0669,415.8944,246.1751,440.7203,246.1038,440.4818,210.9797,408.5699,211.1514,408.8316,206.1802,435.6855,206.1854,435.7003,231.1112,360.7669,230.9782,360.7748,396.0059,410.8875,395.8797,410.6856,355.4031,373.9236,355.6338,383.7325
351.6256,430.3998,351.6736,430.2990,366.5100,459.8987,366.4600,471.0987,181.2426,400.5165,181.0958,400.4757,81.1964,400.5639,81.3532,400.3787,396.1438,390.6063,396.1223,390.6315,251.2102,415.7820,251.3823,415.8194,246.3203,440.7247,246.1569,440.6217,210.9399,408.6815,211.3401,408.5952,205.9689,435.9308,206.2348,435.6060,231.4062,360.7390,231.0435,360.5745,396.2137,410.6117,396.1868,410.7943,356.6420,374.6249,356.4054,386.1992
351.3139,430.2890,351.1297,430.1203,367.2363,460.3513,367.6131,472.9643,181.0892,400.4382,181.4400,400.4114,81.2459,400.5648,81.4515,400.8462,396.3334,390.3708,396.1169,390.4386,251.2192,415.3520,251.1136,415.5586,246.4281,440.5356,246.5690,440.5434,211.3174,408.2818,211.5568,408.4190,206.4311,435.4584,206.3165,435.2594,231.2696,360.6274,231.2353,360.5905,396.4255,410.2023,396.5140,410.4025,357.1207,375.3089,357.3196,388.0632
351.4604,429.9734,351.5420,430.2461,367.6112,460.5935,367.7154,474.3842,181.4468,400.3286,181.5180,400.4587,81.2469,400.2671,81.4393,400.3702,396.6188,390.2464,396.3535,389.9427,251.2400,415.3912,251.2930,415.2635,246.2173,440.2772,246.3935,440.0765,211.5814,408.2717,211.4505,408.6463,206.4832,435.4822,206.3311,435.3362,231.4957,360.0118,231.2269,360.0547,396.5320,410.3488,396.7663,410.5345,357.6543,375.9335,357.7091,389.3426
351.3499,429.8396,351.6870,430.0798,368.1324,461.0453,367.8777,475.1314,181.4899,399.8344,181.7056,400.0109,81.6161,399.8694,81.5525,400.1363,396.5163,390.1937,396.3716,390.2739,251.4274,414.9871,251.7268,414.9957,246.5849,440.0684,246.1992,439.9447,211.8151,407.9464,211.4865,408.1124,206.6440,434.9574,206.7595,434.9802,231.1393,359.8196,231.4592,359.8836,396.5260,410.0218,396.6515,410.2599,357.7226,376.0363,358.1132,389.9963
351.4036,430.1063,351.1830,430.0614,368.0808,461.0657,367.8057,474.8463,181.6520,400.0516,181.3706,399.7445,81.4782,399.9426,81.4962,399.6557,396.5626,389.7512,396.6188,389.7739,251.3331,414.8826,251.4378,415.0114,246.4920,440.1341,246.5406,439.9912,211.5458,407.6885,211.3800,408.1450,206.4768,434.8223,206.4680,434.9715,231.3233,360.0596,231.9823,360.1432,396.4204,409.5935,396.6921,409.9414,357.9147,375.8695,357.7684,389.4767
351.5586,429.6059,351.5752,429.5451,367.5378,460.7452,367.6241,474.1412,181.3763,399.4477,181.6301,399.5227,81.4815,399.6876,81.3542,399.9047,396.6252,389.7453,396.5606,389.6443,251.3808,414.3509,251.3334,414.7764,246.2601,439.5480,246.7530,439.6223,211.3229,407.4191,211.4658,407.9140,206.1838,434.6314,205.9904,434.7491,231.4710,359.7723,231.2681,359.6827,396.5402,409.6995,396.3657,409.8498,357.7423,375.7704,357.5928,389.0732
351.3532,429.4883,351.3623,429.5295,367.0818,460.2162,366.9821,472.2744,181.2854,399.3904,181.2494,399.3157,81.3915,399.5750,81.4176,399.5390,396.3685,389.5497,396.4106,389.7320,251.4684,414.7319,251.1969,414.4509,246.4135,439.4858,246.5960,439.8365,211.5335,407.7221,211.1154,407.6368,206.3584,434.5058,206.1910,434.4679,231.0989,359.6505,231.3340,359.2305,396.3147,409.5056,396.4234,409.6727,357.0264,375.2036,357.1301,387.3207
351.1320,429.3352,351.1009,429.4300,366.1178,459.6689,366.2511,470.2955,181.2212,399.1322,180.8214,399.4402,80.8599,399.4669,81.1223,399.3191,396.4732,389.4697,396.2750,389.5002,251.0335,414.3845,250.8309,414.5110,246.5181,439.4116,245.9825,439.2033,211.1528,407.5724,211.0930,407.4953,205.9988,434.6264,206.3979,434.3158,231.4292,359.2898,231.1407,359.2156,396.4566,409.3495,395.8812,409.3863,356.0981,374.5973,356.1940,385.4627
350.9420,429.4141,351.1026,429.1775,365.0063,458.8221,365.0506,467.8564,180.7143,399.1598,181.1837,399.1749,80.9453,398.9728,81.1012,399.1545,396.1088,388.9141,396.0420,389.1210,251.0158,414.0662,251.0176,414.1056,246.1050,439.4083,245.8765,439.5993,211.1514,407.0446,210.9283,407.2028,206.1264,434.1515,205.9132,434.0774,230.9097,359.0331,230.7805,359.3394,395.9620,409.4701,395.9132,408.9209,355.0567,373.7746,355.0014,382.8381
350.9818,429.3177,350.8980,429.1316,363.6506,457.6803,363.8238,464.5640,180.7345,399.1400,180.5414,399.2242,80.5749,399.1120,80.9495,399.1961,395.4998,389.1709,395.6599,389.1453,250.5174,414.3652,250.3572,414.4429,245.8085,439.3345,245.5938,439.1263,210.2463,407.4322,210.5405,406.9597,205.8067,433.9810,205.7812,433.9236,230.5716,358.6666,230.6998,358.9276,395.8986,409.2891,395.7549,409.1069,353.7738,373.0829,353.9950,379.6255
350.5673,429.0605,350.6624,429.2559,362.6080,456.6383,362.6260,461.3526,180.4582,398.9989,180.7043,399.2170,80.6300,399.0755,80.5688,399.0714,395.5152,388.9762,395.1751,389.2313,250.2803,414.1513,250.2724,414.1541,245.6068,438.9713,245.8185,439.0608,210.6145,407.1444,210.6719,407.0274,205.4812,434.0429,205.2851,433.7836,230.3429,358.9438,230.5218,359.1567,395.5997,409.0399,395.6799,409.2408,352.1365,371.9678,352.4490,376.6269
350.2057,428.9441,350.2090,428.9518,361.1066,455.7858,360.9065,457.4085,179.9779,399.0180,180.0941,399.1677,79.9657,398.6916,80.1108,398.9048,395.0862,388.9410,395.1017,388.9207,250.0757,414.1204,250.0313,414.1184,245.0874,439.1729,245.3334,438.8307,210.2489,407.1464,210.2858,407.3446,204.9958,433.7353,205.2350,434.4324,230.2357,359.0341,230.0957,359.1141,395.1797,409.0767,394.9026,409.2172,350.7408,370.8723,351.0285,372.6113
350.0396,428.9679,350.1291,429.0920,359.3672,454.5619,359.4843,453.8257,180.0232,398.8505,179.7745,399.0392,79.9404,398.5620,79.9105,399.2119,395.0984,389.0475,394.6953,388.7660,250.0732,414.2487,250.0585,414.0769,245.0087,439.0965,245.0324,439.3338,209.9174,407.2369,210.0038,406.6532,204.9214,433.9334,205.0782,434.1907,229.9579,358.8113,229.7110,358.8044,394.8975,408.6899,394.7333,409.0971,349.3287,369.6283,349.6361,368.5880
349.5553,429.1138,349.7370,429.0478,358.1195,453.3565,358.0331,449.8458,179.6391,398.9335,179.5699,398.9926,79.6617,399.2525,79.4884,399.0557,394.6338,388.9045,394.6287,389.3967,249.4223,414.0450,249.6250,414.1186,244.5581,439.1074,244.6360,438.9759,209.7251,407.0492,209.7736,407.2454,204.7536,434.0304,204.6929,434.1038,229.7418,358.9713,229.6547,358.9883,394.7806,409.2125,394.7189,409.1006,348.0098,368.5950,347.9543,365.0862
349.3998,429.1396,349.0711,428.8096,356.7209,452.4529,356.6562,446.5178,179.2934,398.9638,179.1877,398.9548,79.0768,399.1187,79.5739,399.0733,394.4617,389.0086,394.1109,389.0623,249.3830,413.8501,249.4942,414.0060,244.4659,438.8178,244.2557,438.7931,209.5449,406.8952,209.5559,407.1290,204.2689,434.0410,204.1452,434.2088,229.5245,359.1392,229.4888,359.1613,394.6163,409.2499,394.1715,408.8463,346.9786,367.4368,346.5387,361.7459
349.2396,429.2409,349.0746,429.0860,355.6137,451.6742,355.3449,443.3205,179.1765,399.0787,179.2224,399.1700,79.0006,399.2357,79.0367,399.4042,393.9739,388.9223,394.1954,389.1179,249.0277,414.1427,248.9014,414.2165,244.3104,439.1395,244.2489,439.4842,209.1948,407.2980,209.0949,407.0222,204.0914,434.2817,203.9577,433.9956,229.2323,359.2387,229.1095,359.4442,394.2204,409.2891,394.0673,409.4094,345.3262,366.5053,345.2000,358.3924
348.8148,429.4218,348.7749,429.2804,354.1068,450.5966,354.3422,440.2972,178.6031,399.1814,178.9289,399.4318,78.5692,399.4038,78.8760,399.5210,393.7307,389.5593,393.8092,389.2805,248.7051,414.1537,249.1050,414.4692,243.9232,439.2607,244.1002,439.1256,208.9424,407.2396,208.9385,407.2623,204.0213,434.5870,203.9150,434.2467,229.1277,359.1909,229.2132,359.2382,393.7833,409.3836,394.1292,409.4597,343.8922,365.7053,344.1983,355.4424
348.7932,429.2514,348.4595,429.4343,353.2585,449.9995,352.9244,438.2474,178.8451,399.6013,178.7841,399.4647,78.4799,399.5562,78.7444,399.2584,393.5252,389.3985,393.4146,389.5062,248.6205,414.6075,248.9887,414.5248,243.9233,439.2682,243.7709,439.4287,208.8737,407.4008,208.5521,407.7905,203.9912,434.6001,203.4678,434.2078,228.6728,359.5226,228.9165,359.2832,394.1096,409.3027,393.5396,409.6352,343.1393,364.8816,343.1775,352.9694
348.3842,429.9002,348.3321,429.5175,352.6881,449.4334,352.4287,436.3542,178.5038,399.6529,178.4678,399.7817,78.4199,399.7516,78.5678,399.5969,393.4359,389.6523,393.5375,389.6718,248.7372,414.9441,248.8056,414.6830,243.5356,439.6794,243.9169,439.6009,208.5843,407.6649,208.6860,407.6376,203.8912,434.7000,203.5689,434.7984,228.7727,359.5617,228.6501,359.7032,393.6960,409.7248,393.5159,409.8194,342.6912,364.3031,342.6897,351.2808
348.3059,429.8055,348.4074,429.8251,352.2509,449.1051,352.0057,435.4585,178.4708,399.6612,178.7154,399.6900,78.7491,399.5900,78.5937,399.6651,393.6706,389.4905,393.6104,389.6410,248.6757,414.8501,248.6993,414.6522,243.3513,439.7233,243.5257,439.9653,208.5001,407.8411,208.7067,408.2384,203.4429,434.8215,203.6247,435.0032,228.4829,360.1290,228.5036,359.4624,393.6207,409.7644,393.6086,409.8386,342.2329,364.2176,342.1567,350.4832
348.6672,430.0829,348.3283,430.0287,352.1139,448.9485,351.8246,434.9174,178.6344,400.1285,178.3170,400.1739,78.6975,400.0065,78.0883,399.9325,393.7140,389.8724,393.4158,389.9494,248.7011,415.0250,248.4473,415.2350,243.5054,439.9452,243.6803,439.6789,208.4516,408.0625,208.3791,408.2025,203.4552,434.9671,203.6594,435.3528,228.4513,360.0659,228.3609,360.2911,393.5056,409.9021,393.2795,409.9373,341.9020,364.0213,341.9685,349.6991
348.6148,430.2165,348.6920,430.1483,352.5083,448.9967,352.1419,435.6652,178.6895,400.3286,178.6515,400.0623,78.5651,400.3351,78.7541,400.2454,393.3989,390.0613,393.3894,390.3896,248.1529,415.3656,248.5611,415.3958,243.7024,440.2125,243.3935,440.0634,208.5310,408.2688,208.3196,408.1222,203.6735,435.1211,203.5410,435.1784,228.5659,360.1708,228.3264,360.0596,393.1674,410.2683,393.3513,410.1489,342.3639,364.1241,342.0424,350.1637
348.4416,430.6078,348.6273,430.5660,352.6525,449.3422,352.4117,436.3396,178.6135,400.3935,178.6004,400.6373,78.4632,400.3236,78.7205,400.7582,393.5229,390.6421,393.9743,390.5164,248.3846,415.4311,248.7390,415.4638,243.6731,440.2745,243.7186,440.4778,208.6837,408.2623,208.3999,408.3521,203.4997,435.3622,203.4805,435.2781,228.6297,360.3995,228.5185,360.2814,393.4900,410.2271,393.6155,410.2260,342.6249,364.3307,342.7132,351.2984
348.8223,430.4706,348.6567,430.5906,353.3503,449.9659,353.4218,438.3281,178.6726,400.6993,178.9394,400.6160,78.6942,400.4713,78.6256,400.4449,393.7757,390.5612,393.6913,390.6730,248.7703,415.5207,248.8727,415.5429,243.8783,440.3776,244.0494,440.4469,208.5492,408.2933,208.7936,408.4569,203.6172,435.2804,203.7961,435.6283,228.6805,360.1839,228.7817,360.7049,393.8011,410.4496,393.4461,410.5413,343.1473,364.9968,343.2283,352.9942
348.8980,430.6159,348.8112,430.5821,354.2386,450.4327,353.9532,440.3720,178.9571,400.6097,179.0100,400.9454,78.7401,400.3015,78.9290,400.6412,393.8597,390.4868,393.8096,390.4820,248.6467,415.8667,248.9628,415.7154,244.1521,440.5178,243.8864,440.5468,209.3809,408.6645,209.0007,408.4287,204.0629,435.7412,203.7630,435.7722,228.5487,360.7097,229.0189,360.8851,393.7932,410.6754,393.9879,410.7734,344.1113,365.6846,344.3166,355.6142
349.0876,430.7536,348.9436,430.8339,355.4124,451.5679,355.3719,443.0136,179.2814,400.7598,179.0143,400.9299,79.0894,400.8209,79.0685,400.8348,394.1162,390.8851,394.1438,390.9365,249.0946,415.7598,249.2439,416.1108,244.0639,440.8619,244.3018,440.5638,209.3655,408.7795,209.0242,408.8872,204.0257,435.9604,204.3455,435.8184,229.1167,360.8637,229.2014,360.8943,394.0260,410.9215,394.2464,410.7987,345.2032,366.5354,345.0929,358.2905
349.3974,431.0807,349.0925,430.9544,356.7121,452.2018,356.6373,446.5817,179.3665,400.6178,179.2646,400.5095,79.3303,400.9172,79.0979,400.8169,394.3975,391.0257,394.5009,391.0884,249.4096,415.9262,249.4450,416.1248,244.0672,440.9037,244.3282,440.8363,209.1831,409.0850,209.3139,408.9701,204.1672,435.8291,204.5579,435.6703,229.2844,360.9024,229.4307,360.9106,394.5216,411.0089,394.4856,410.8707,346.8579,367.3463,347.0288,361.8158
349.6689,430.9326,349.6793,431.0247,357.8146,453.3831,358.2399,450.0327,179.8787,401.0478,179.5871,400.7116,79.5358,401.0441,79.4229,401.0835,394.4507,391.0026,394.6945,391.1518,249.6819,416.1194,249.6486,416.1688,244.6893,441.2485,244.4890,440.9296,209.4435,409.0390,209.4710,408.9266,204.7998,435.9539,204.5556,435.9726,229.5640,361.0761,229.4972,360.9022,394.6347,411.0541,394.6159,411.1178,347.9566,368.5545,347.8026,364.9809
349.8215,431.1628,349.8987,430.9919,359.3238,454.4669,359.4436,453.6742,179.9351,401.0928,179.7765,400.9052,80.0272,401.0130,79.9257,401.0206,394.9533,390.8679,395.1373,391.1075,249.8589,415.9861,249.7550,415.7647,245.0152,440.9810,244.9636,441.2001,209.8688,409.1648,209.8569,409.0727,204.5669,435.8710,205.0436,435.8430,230.1072,360.8811,229.7689,361.0995,395.0022,410.8147,394.9986,411.2320,349.2616,369.5140,349.5346,368.6851
349.9365,430.9285,349.9829,431.2114,361.0023,455.9178,361.0357,457.3872,180.2144,401.0073,180.3941,400.8970,80.0881,401.1216,80.2234,401.1381,395.4355,390.9430,395.4088,390.7771,250.0347,416.0580,250.0781,415.7390,245.1226,441.0030,245.0773,441.1943,210.1683,409.0759,210.0050,408.6801,205.1585,435.9614,205.4206,435.9326,230.0731,361.1180,230.3837,360.8020,395.3612,411.2528,395.3626,410.8282,350.9499,370.6059,350.8282,372.4514
350.4720,430.9027,350.3571,430.8958,362.3799,457.0730,362.7442,461.0854,180.4947,401.0134,180.3116,400.9811,80.4337,400.8665,80.4895,400.8352,395.3975,390.8577,395.5139,390.9775,250.4653,415.9606,250.3997,415.8943,245.4125,440.9531,245.1640,441.0597,210.4240,408.9797,210.6747,408.9052,205.4733,435.8657,205.7300,436.2175,230.4016,361.2926,230.5539,360.7749,395.4767,410.7928,395.4620,410.9758,352.5493,371.8874,352.2046,376.0085
350.6231,431.0020,350.5664,431.0993,363.7489,458.0748,364.1821,464.5185,180.5371,400.9977,180.7868,400.9386,80.7339,400.8614,80.8298,400.7624,395.6664,390.9945,395.7663,390.8578,250.7070,415.8502,250.7588,415.7607,245.5819,440.7317,245.6363,440.8594,210.5666,408.6243,210.4017,408.9263,205.6406,435.8119,205.5921,436.0514,230.7633,360.9574,230.6163,360.8353,395.7871,410.8306,395.6515,410.7021,354.1008,372.9101,353.9933,379.6928
350.6013,430.8000,350.8179,430.4257,364.9245,458.7731,365.0042,467.6898,181.0115,400.9918,181.0902,400.5689,80.9679,400.6736,80.7075,400.5141,395.7265,390.7717,396.0842,390.9133,251.0551,415.8064,250.7051,415.7591,246.0852,440.6307,245.6985,440.7217,210.9540,408.9773,211.0203,408.7545,205.9796,435.8405,205.8951,435.6844,230.9665,360.8679,231.2242,360.9701,396.1031,410.8202,396.1390,410.9928,355.0878,373.8569,354.9046,382.9726
351.1212,430.3862,351.1550,430.4146,366.3427,459.5573,366.0821,470.3375,181.2566,400.6162,181.0815,400.4809,81.1027,400.5429,81.1543,400.5851,396.2498,390.4730,395.9406,390.4536,250.9974,415.5426,251.0850,415.4563,246.0334,440.6345,246.1325,440.6349,211.2830,408.5914,211.0651,408.7622,206.1366,435.7629,206.3300,435.3834,231.1079,360.6489,231.0270,360.7135,396.0379,410.6652,396.1036,410.6295,356.2577,374.4642,355.8872,385.1293
351.4822,430.3988,351.3853,430.4690,367.0893,460.3542,366.8990,472.4083,181.3616,400.6896,181.0666,400.5532,81.2147,400.4331,81.4285,400.4954,396.2735,390.4955,396.3152,390.5017,251.4732,415.4719,251.4333,415.4899,246.5624,440.6829,246.2985,440.2808,211.0564,408.5344,211.0085,408.5702,206.2665,435.3886,206.3632,435.4880,231.4292,360.7010,231.6797,360.4309,396.4655,410.7414,396.4340,410.4022,356.9530,375.2505,356.9059,387.4818
351.4673,430.3515,351.4694,430.5370,367.4011,460.6957,367.6562,473.9914,181.1784,400.4781,181.4453,400.2915,81.4436,400.2502,81.4296,400.1769,396.5147,390.3014,396.4207,390.6495,251.1956,415.2218,251.6319,415.2503,246.2691,440.5248,246.3975,440.1173,211.2063,408.2971,211.1449,408.0241,206.2848,435.5060,206.3748,435.4419,231.3481,360.5861,231.1370,360.1726,396.2533,410.0988,396.4805,410.5313,357.6525,375.7257,357.5776,388.8251
351.5152,430.0197,351.4023,430.2373,368.0730,460.8058,368.1035,474.8702,181.4144,399.9962,181.6300,399.8681,81.6421,399.8797,81.4650,399.9194,396.6517,390.3035,396.4378,390.0918,251.6872,414.9166,251.3040,414.8604,246.3581,440.1411,246.6026,440.0069,211.1933,408.1593,211.5316,408.1951,206.2116,435.2922,206.8331,434.9959,231.9315,360.4999,231.6365,360.2484,396.6399,410.5296,396.5571,410.0075,358.0758,376.0586,358.1525,389.9883
351.6200,430.1142,351.4554,430.0246,367.7779,461.0500,368.0151,475.0862,181.5643,399.9696,181.4688,399.8410,81.7500,399.8737,81.3876,400.1143,396.3950,390.0164,396.4946,389.9696,251.4026,415.1121,251.3084,414.9519,246.5540,440.2419,246.5790,440.0894,211.5578,407.9208,211.6646,407.9509,206.3714,434.9917,206.6365,434.9734,231.5068,359.9187,231.3266,359.6891,396.6809,409.9669,396.3824,410.0150,358.0298,376.0628,357.8909,390.2288
351.3972,429.6825,351.5792,429.6409,367.8017,460.7074,367.3296,474.3135,181.3316,400.1579,181.5095,399.7691,81.3858,399.7979,81.3537,399.9161,396.4724,389.9906,396.5572,389.6000,251.6340,414.6106,251.3189,414.4680,246.4285,439.8006,246.3726,439.7138,211.3579,407.6767,211.3782,407.8260,206.6513,434.7759,206.4287,434.4095,231.6243,359.7806,231.2605,359.4760,396.4846,409.8892,396.6288,409.9046,357.9134,375.7736,357.5926,389.3509
351.6028,429.5941,351.4501,429.7483,367.1407,460.4321,367.1515,473.0644,181.3569,399.6016,181.3428,399.7257,81.3036,399.5209,81.3170,399.6280,396.2374,389.5910,396.3792,389.5426,251.0508,414.1809,251.5603,414.3943,246.4582,439.4246,246.2960,439.6504,211.1397,407.6792,211.2576,407.3944,206.3422,434.5828,206.3705,434.6004,231.0067,359.4193,231.0099,359.5078,396.3078,409.4151,396.4774,409.6197,356.9203,375.6426,357.0877,388.3620
351.2035,429.4526,351.0424,429.3679,366.5462,459.7878,366.4162,471.1837,181.2441,399.3153,181.1904,399.4739,81.2565,399.2356,81.1896,399.4885,396.2170,389.3846,396.1759,389.2603,251.4593,414.5020,250.9202,414.4134,246.1858,439.4894,246.4202,439.5618,211.2630,407.8168,211.5475,407.1485,206.3407,434.2947,206.2624,434.3449,231.0488,359.6374,231.0762,359.4062,396.1881,409.5382,396.2365,409.5011,356.3474,374.6941,356.7351,386.1094
350.9597,429.3589,351.0861,429.1805,365.7994,459.1715,365.4374,468.5833,181.1004,399.4529,181.3414,399.3314,80.9503,399.1785,81.0262,399.3494,395.9473,389.2786,396.0401,389.1758,251.0287,414.1897,251.1285,414.5082,246.0502,439.5178,246.0419,439.2590,211.0539,407.4822,210.9790,407.2047,205.8415,434.2693,205.9854,434.0070,230.8118,358.8278,231.0238,359.2339,395.9726,409.2095,395.8019,409.3884,355.7567,374.1617,355.4049,383.9908
350.8578,429.0178,350.6133,429.0457,364.0581,458.2212,364.1925,465.7395,180.9249,399.3012,180.8805,399.3558,80.4689,399.2184,80.7938,399.0722,395.6772,389.2037,396.0976,389.1356,250.5120,414.2089,250.5829,414.1351,246.0424,439.1848,245.7735,439.0534,210.6745,407.0592,210.7835,406.7825,205.8435,434.2513,206.0158,434.0180,230.7086,359.0264,230.9505,359.0228,395.8470,409.1804,395.8548,409.1074,354.1568,373.2359,354.2158,380.4900
350.5818,428.8584,350.5312,429.0708,363.2863,457.2609,363.0252,462.3163,180.6410,399.3465,180.5800,398.8796,80.5384,399.1294,80.3932,399.1983,395.3346,389.0829,395.5594,389.2601,250.5779,414.3085,250.3750,413.7471,245.3418,438.7375,245.4418,438.9058,210.6065,406.9203,210.5244,407.1227,205.3529,434.0352,205.6826,434.2443,230.5855,359.0864,230.6129,359.0854,395.4709,409.1841,395.8041,409.0881,352.9478,372.0855,352.9129,377.3653
350.3162,429.2054,350.2218,428.8522,361.3813,456.1364,361.4202,459.0480,180.5634,399.0575,180.1871,399.0331,80.3712,399.1303,80.2976,399.1893,395.2016,389.0781,395.1921,388.7806,250.0021,414.2170,250.2952,413.9717,245.3326,438.9432,245.5194,438.8765,210.2201,406.9714,210.1411,406.9881,205.1444,434.0171,205.4885,433.9520,230.4303,358.9588,230.1423,359.1665,395.3747,408.9723,395.2614,409.2432,351.4030,371.1291,351.4925,373.9898
349.8279,428.8975,350.0955,428.9687,359.9963,455.1481,360.0283,454.7424,179.7417,399.1656,179.9556,399.1185,80.0282,399.1105,80.2424,398.8397,395.1360,388.9968,395.2192,388.7541,249.9830,413.9857,249.8239,413.8793,244.6940,439.0186,244.5746,438.8580,209.8972,407.2297,209.8465,407.1055,205.1725,434.0258,204.9153,434.2157,229.9948,358.8337,230.1189,359.1180,394.9693,409.0083,395.1326,408.9966,350.1540,370.0370,349.9206,370.0119
349.9960,429.1628,349.6074,428.7773,358.5239,453.8826,358.3677,451.2994,179.5602,399.0303,179.5885,399.1193,79.4913,398.9858,79.6408,399.2611,394.6604,388.8609,394.8963,388.7952,249.6525,414.0800,249.5340,414.1579,244.5508,439.1663,244.4142,439.1243,209.6336,407.0595,209.9941,406.9367,205.1387,433.9065,204.4606,434.0281,229.4806,359.0449,229.8313,358.9960,394.7167,409.1566,394.7713,408.8765,348.7026,368.8007,348.6422,366.4968
349.4470,428.8661,349.4090,429.0034,356.9721,452.9101,356.9071,447.8600,179.6493,399.0200,179.5891,399.2427,79.5168,399.1388,79.5882,399.2484,394.6824,389.0861,394.2934,389.1388,249.1973,413.8667,249.2616,414.0017,244.4595,439.0217,244.3296,438.9516,209.2809,407.2148,209.6280,407.3421,204.5150,434.2852,204.7061,434.2790,229.4811,359.3154,229.6719,359.1189,394.3038,408.9577,394.4831,409.0195,347.0938,367.7062,347.0857,362.5909
349.1995,429.1225,349.0232,429.1625,355.8464,451.6520,355.7634,444.3814,179.3919,399.0666,179.0452,399.5367,79.1321,399.1933,79.0625,399.3600,394.0041,389.0434,394.0996,389.1693,249.2110,414.1408,249.1375,414.1485,244.4654,439.2664,244.2951,439.2193,209.1108,407.0074,209.1678,406.9860,204.0058,434.3387,204.0839,434.0580,229.3203,359.1539,229.2504,359.3283,394.0988,409.1835,394.3509,409.2014,345.6259,366.6928,345.3603,359.5403
349.1179,429.3582,348.7648,429.3276,354.5279,451.0897,354.5134,441.4276,178.9407,399.3550,179.0097,399.1317,79.0519,399.0931,78.8850,399.2410,393.9743,389.2196,393.7971,389.1265,248.8155,414.5534,248.9790,414.2739,243.8516,439.1595,244.0399,439.1515,209.1117,407.2093,209.0082,407.2338,203.9416,434.4076,203.9305,434.2579,229.4450,359.1766,229.0155,359.0946,394.1386,409.2546,393.9978,409.3352,344.5996,365.8900,344.5755,356.4565
348.8060,429.4166,348.8081,429.4788,353.6144,450.3812,353.4905,438.7470,178.8799,399.0163,179.0558,399.4495,78.6392,399.6932,78.6332,399.4037,393.8703,389.0515,393.8063,389.3519,248.8662,414.3912,248.5232,414.3367,243.8295,439.3036,243.6485,439.4683,208.9258,407.4379,208.6868,407.3580,203.7582,434.3660,203.5981,434.3609,228.5540,359.4403,228.8917,359.3232,393.6793,409.3926,393.7502,409.4811,343.5055,365.3500,343.8095,353.9808
348.5395,429.5371,348.4520,429.5202,352.8390,449.7349,352.6204,436.7731,178.5231,399.7084,178.6095,399.3825,78.7677,399.4663,78.7103,399.7930,393.6148,389.3694,393.5078,389.6962,248.9941,414.6472,248.5422,414.7799,243.5594,439.4452,243.5989,439.6355,208.4088,407.7915,208.8564,407.5556,203.5859,434.7350,203.7888,434.5655,228.6070,359.8731,228.6660,359.5509,393.9687,409.6834,393.5379,409.4303,342.7868,364.4931,342.7567,351.7581
348.4645,429.9836,348.6983,429.9797,352.4276,449.2464,352.1260,435.8860,178.4715,399.9043,178.5176,399.7411,78.4117,399.7229,78.4812,399.8161,393.6580,389.7333,393.8387,389.5911,248.6111,414.8878,248.6214,414.6089,243.5332,439.7131,243.8693,440.1680,208.6027,407.7251,208.4304,407.5386,203.3207,434.5486,203.6128,434.7395,228.7254,359.6962,228.7408,359.6823,393.4733,409.8942,393.6826,409.8050,342.1523,364.1396,342.2859,350.7026
348.5629,430.1007,348.6370,429.8664,351.9540,449.1091,352.0606,435.0255,178.5065,399.4750,178.4282,399.9483,78.5804,399.9862,78.5494,399.8685,393.4115,389.9582,393.2092,390.1670,248.2805,414.9533,248.3571,414.7886,243.8196,439.5097,243.3028,439.8450,208.5235,408.3764,208.5253,407.9225,203.4587,434.7559,203.5073,435.0614,228.4053,359.8791,228.6704,360.1379,393.5605,409.8786,393.6424,410.1349,342.2624,363.9969,342.4124,349.9837
348.5966,429.9436,348.6227,430.0050,352.1633,449.1562,352.1139,435.3273,178.4682,400.0801,178.6954,400.3718,78.6065,400.1415,78.5410,400.2924,393.3224,389.9176,393.3814,389.8541,248.7807,415.1616,248.7716,415.0997,243.5532,440.2413,243.4031,440.1545,208.6095,408.0128,208.6189,408.2942,203.5313,435.1879,203.3962,435.0509,228.3611,359.9615,228.7904,359.9204,393.4751,410.1750,393.5739,409.8236,342.2045,364.2634,341.9825,349.9830
348.4446,430.3606,348.8241,430.2462,352.2166,449.4528,352.4043,436.0580,178.5295,400.2128,178.6697,400.0957,78.7650,400.2613,78.6260,400.2620,393.5192,390.4484,393.5456,390.4131,248.6360,415.3129,248.5251,415.2129,243.4538,440.2451,243.6379,440.7071,208.6034,408.3835,208.5005,408.1872,203.5843,435.2873,203.6574,435.4724,228.3556,360.3018,228.4695,360.2870,393.4707,410.3968,393.6100,410.2695,342.5493,364.1332,342.4053,350.8310
349.0067,430.3278,348.6355,430.4561,353.0619,449.6716,352.7838,437.6074,178.4877,400.6637,178.5733,400.5820,78.8232,400.6587,78.5562,400.4875,393.7851,390.6002,393.7400,390.5972,248.8409,415.5202,248.4573,415.4132,243.5137,440.4859,243.9267,440.2445,208.5654,408.3358,208.5305,408.6109,203.6351,435.4861,203.4222,435.5772,228.5301,360.9646,228.9446,360.6755,393.9366,410.5074,393.4506,410.2786,343.2520,364.9556,342.9258,352.4244
349.0323,430.4550,348.8082,430.4441,353.8706,450.1322,353.8443,439.8272,178.9863,400.7961,178.9959,400.6656,78.4602,400.6313,78.8670,400.7769,393.9141,390.5040,393.7833,390.7731,248.9977,415.4955,249.0796,415.5467,243.7437,440.3051,243.6913,440.7919,209.0861,408.5205,208.8281,408.6496,203.9623,435.6497,203.6495,435.7220,229.0861,360.6683,229.1203,360.8629,394.0025,410.7483,393.8355,410.6290,343.6459,365.1884,343.8336,354.4983
349.0229,430.9253,348.8956,430.8190,354.6418,451.2496,354.9825,442.1355,179.0524,401.0248,179.0067,400.4674,79.0751,400.7186,79.1775,400.5674,394.0604,390.9453,394.1498,391.0156,249.1290,415.7667,248.9528,415.9484,243.9033,440.6312,243.9169,441.0594,208.9150,408.7772,209.1088,408.7671,203.8898,435.7384,204.1093,435.6396,229.1056,360.7326,228.8324,360.9326,394.1206,410.9469,393.8551,410.7041,344.8912,366.3608,344.7284,357.1674
349.4002,430.8425,349.1630,430.5648,356.3249,452.2916,356.0956,445.2335,179.1964,400.8665,179.2956,400.8646,79.2424,400.7947,79.3059,401.0029,394.5815,390.8621,394.6557,390.9686,249.2524,415.9109,249.1292,415.6636,244.0725,440.7717,244.2404,440.8724,209.3591,409.0082,209.2619,408.8333,204.1857,435.8889,204.2304,435.9832,229.2728,360.8764,229.1379,360.7930,394.1453,410.6649,394.1300,410.6727,346.1966,367.1336,346.2094,360.4229
349.7842,431.1870,349.3017,430.9003,357.3504,453.1065,357.5151,448.7572,179.4452,400.8324,179.7269,400.8718,79.2872,400.9882,79.7332,401.1888,394.7480,390.7451,394.6980,390.8622,249.5819,415.8363,249.6858,415.9253,244.6998,441.0564,244.5433,440.8203,209.4171,408.8711,209.5272,408.6749,204.4183,435.6980,204.5162,435.9589,229.4505,360.8741,229.4707,360.7439,394.8505,411.1015,394.4788,411.0012,347.4984,368.1958,347.3647,363.5440
350.0232,430.7657,349.8775,431.3182,359.0060,454.3143,358.9686,452.4269,179.6904,401.1107,180.0837,401.0614,79.9245,401.0782,79.8235,400.9728,394.9737,391.0542,394.6591,391.0619,249.6457,416.1468,249.7185,416.1180,245.2773,440.8188,244.8507,440.9585,209.8775,408.8873,209.8608,408.9915,204.4914,435.8852,204.9335,435.9696,229.7928,361.0594,229.8692,360.8243,394.8936,411.1436,395.0197,410.9663,349.0826,368.9421,348.9543,367.4524
350.2938,430.7029,349.8623,431.1027,360.5780,455.1891,360.5646,456.3572,180.0893,400.7309,180.0127,401.1843,79.8618,401.0049,80.0464,401.0517,395.1970,390.9748,395.2144,390.9270,250.0064,415.9508,250.0848,416.2619,245.2497,441.3704,245.0326,440.9787,209.9436,409.0087,210.0898,409.2461,205.1103,435.8392,205.2506,435.8629,230.0974,360.7481,230.0284,360.9295,394.9941,410.8662,394.9258,410.9777,350.3961,370.5706,350.2327,371.3577
350.4325,430.9978,350.3690,430.8125,361.7956,456.5937,362.0570,459.9543,180.2644,400.7146,180.1834,401.0530,80.4595,400.7879,80.5270,400.9020,395.6246,390.8878,395.4658,391.0740,250.2987,415.8394,250.2148,415.8719,245.4833,440.9000,245.4703,441.0437,210.2779,408.9064,210.4045,409.0703,205.3773,435.6667,205.1681,435.7833,230.3393,360.9840,230.6995,361.1148,395.2304,410.9752,395.2949,410.7877,351.9215,371.3303,352.0808,374.8000
350.7461,430.8518,350.2758,430.5522,363.3613,457.5140,363.6070,463.5653,180.7418,400.7761,180.5172,401.2177,80.5832,401.1814,80.7305,401.0193,395.6972,390.7853,395.9403,390.6637,250.7724,416.0569,250.6831,415.8374,245.4447,440.9513,245.4082,440.9256,210.8840,409.0002,210.7144,409.0672,205.5887,436.1759,205.7171,435.8334,230.6024,360.8497,230.5898,360.9394,395.7537,410.8912,395.4420,410.8199,353.2998,372.4667,353.4912,378.6550
351.1360,430.7272,350.8597,430.8066,364.6563,458.6348,364.6516,466.7585,181.1012,400.5460,180.9866,400.6484,80.7720,400.8196,80.8405,400.6029,395.9397,390.6643,396.0717,391.0094,250.8631,415.5932,250.8980,415.9575,245.8671,441.0664,245.8009,440.8339,210.7961,408.7849,211.0713,408.9214,205.8775,435.6174,205.9944,436.0346,230.9012,360.6983,231.0746,360.8329,395.8855,410.6436,396.0568,411.1394,354.6526,373.6804,354.7165,381.6422
351.4823,430.5089,351.0439,430.3994,366.1384,459.2973,365.6778,469.6698,181.2037,400.6340,181.1875,400.8397,81.2039,400.8098,81.1439,400.9315,396.0980,390.5589,396.2881,390.4937,251.1779,415.8343,250.9233,415.5535,246.0775,440.8549,246.0223,440.5311,211.0725,408.8501,211.0319,408.6841,206.2389,435.7076,206.2129,435.4756,230.8237,360.6043,231.2867,360.5928,396.1286,410.8390,396.0796,410.7292,355.6688,374.2375,355.6501,384.5205
351.3806,430.4612,351.2544,430.4971,366.6260,459.8999,366.7938,472.0687,181.2248,400.6754,181.0500,400.4759,81.2741,400.6174,81.3215,400.5335,396.3203,390.5011,396.3067,390.5337,251.4025,415.8601,251.3047,415.4704,246.2548,440.6394,246.2565,440.7678,210.8418,408.6521,211.0868,408.3396,206.2685,435.6835,206.2860,435.4287,230.9754,360.5099,231.1592,360.7021,396.1945,410.3995,396.1442,410.3996,356.8113,375.2838,356.9491,386.7294
351.3688,430.3025,351.3754,430.3024,367.2399,460.7091,367.4636,473.4467,181.3693,400.4962,181.1006,400.3291,81.3951,400.4802,81.3135,400.4464,396.0747,390.3365,396.4255,390.0439,251.4773,415.5088,251.7423,415.3550,246.5426,440.2369,246.2317,440.3970,211.4107,408.5524,211.3586,408.4556,206.4232,435.2413,206.6573,435.4729,231.4746,360.3881,231.3355,360.3948,396.6039,410.4411,396.5742,410.1763,357.3529,375.6518,357.4357,388.5313
351.7261,430.0789,351.4171,430.2433,367.8508,461.0929,367.8996,474.5949,181.5162,400.2723,181.6864,400.1843,81.4303,400.1003,81.4133,400.0877,396.6292,390.3349,396.3713,390.1338,251.3973,415.1491,251.2640,415.3107,246.4440,440.2511,246.2454,440.1416,211.5223,408.1739,211.5154,408.2724,206.5044,435.3165,206.4906,435.0985,231.3507,359.9731,231.2868,360.1320,396.3994,410.2339,396.5507,410.1477,358.0394,375.8384,357.9067,389.5293
351.5285,430.2426,351.2826,429.8528,368.2082,461.0158,368.1241,475.0438,181.6885,400.2455,181.4305,399.9914,81.4386,399.8199,81.5926,399.8742,396.5470,390.1038,396.3596,390.2036,251.4918,414.8929,251.6335,415.0006,246.2495,439.9896,246.4987,440.0194,211.1797,407.7631,211.4421,408.0661,206.3386,435.0522,206.3698,434.8564,231.5583,360.0622,231.5943,360.2209,396.4453,410.2586,396.3146,410.0227,357.9918,376.0584,357.9233,390.0303
351.4634,429.8451,351.2468,429.8958,367.6982,460.7227,367.6522,474.7183,181.2305,399.5522,181.6206,399.9189,81.5900,399.7631,81.5661,399.5226,396.3409,389.8786,396.2710,389.6689,251.5441,414.9948,251.8510,414.8687,246.6707,440.0694,246.5156,439.7863,211.6968,407.8009,211.3010,407.9693,206.6584,434.6356,206.4203,434.8887,231.3744,359.5787,231.5105,359.8497,396.9137,409.7320,396.1951,409.7850,357.9575,375.6241,357.7833,389.5640
351.6525,429.8274,351.3676,429.5037,367.2931,460.5575,367.2305,473.4605,181.4191,399.6075,181.3462,399.6460,81.3242,399.4479,81.2387,399.8916,396.5632,389.8489,396.3754,389.6374,251.2578,414.7194,251.3355,414.7985,245.9773,439.6015,246.6046,439.6468,211.2100,407.7681,211.6655,407.6143,206.0563,434.7890,206.3537,434.9321,231.6633,359.4802,231.7377,359.6154,396.2204,409.7046,396.0465,409.4219,357.3082,375.8705,357.6272,388.4473
351.2080,429.5315,351.3738,429.6020,366.5468,459.9953,366.4310,471.8781,181.1560,399.2504,181.3567,399.3485,81.3457,399.2539,81.1787,399.4590,396.3339,389.3042,396.3082,389.2671,251.1067,414.5696,251.0988,414.5047,246.3774,439.3583,246.2721,439.4062,211.5068,407.7005,211.5614,407.5640,206.1750,434.2895,206.3946,434.6437,231.3219,359.7780,231.2769,359.3802,396.5075,409.5094,396.3477,409.6061,356.7596,375.0525,356.8092,386.8657
351.1069,429.1430,351.0928,429.2713,365.6719,459.3049,365.8401,469.8207,180.9415,399.3966,181.2386,399.3810,81.1625,399.5831,81.5632,399.2870,396.1036,389.5250,396.0769,389.2245,250.9741,414.6698,251.1869,414.3714,245.8937,439.2581,245.9704,439.3620,211.4084,407.3172,211.4328,407.3452,206.1934,434.5775,206.1157,434.0109,231.1615,359.3315,230.8360,359.4377,396.0205,409.3201,396.4284,409.4881,355.6453,374.3261,355.6108,384.4976
350.9170,429.1567,351.0349,429.4297,364.6508,458.6972,364.8363,466.8131,180.8478,399.2839,180.8657,399.3341,80.7831,399.0642,81.1228,399.1887,395.7662,389.1369,395.6915,389.1471,250.9737,414.2893,250.5917,414.1784,245.7964,438.8684,245.7381,439.2012,210.7889,407.4574,210.6494,407.0141,205.5780,434.2603,206.2485,434.3158,231.0090,359.3682,230.6807,359.2382,395.6752,409.2117,395.7981,409.2666,354.9539,373.7627,354.6263,381.5672
350.5117,429.3686,350.8253,429.1316,363.5374,457.4708,363.6632,463.6042,180.6755,399.1256,180.8026,398.6140,80.5556,399.1592,80.6835,399.1690,395.7940,389.0636,395.7391,389.0063,250.7158,413.8723,250.6310,414.2325,245.7499,439.2761,245.5896,439.0316,210.5970,407.3929,210.5815,407.1784,205.4848,433.9509,205.4336,434.1651,230.6085,359.0210,230.7581,359.1209,395.7224,409.0807,395.7111,409.0401,353.6072,372.5098,353.4519,378.4328
350.2657,428.8132,350.3059,428.9007,361.8014,456.6108,362.1452,459.9819,180.6205,399.2658,180.2621,399.1099,80.5118,398.9711,80.4876,399.1089,395.4678,388.9745,395.2480,389.1747,250.4328,413.8532,250.7278,414.1613,245.3506,438.9883,245.3432,439.0531,210.1712,407.1368,210.3856,406.8603,205.4358,433.8265,205.4342,434.1799,230.6315,359.0980,230.3422,358.7374,395.0488,408.9483,395.5032,408.9422,351.9951,371.6976,352.1281,374.8668
350.3291,429.2786,350.1019,429.2008,360.5258,455.3692,360.3987,456.0381,179.9106,399.0026,180.2436,399.2694,79.8514,398.8755,80.0997,399.0184,394.9836,388.8272,395.1976,389.0877,250.0558,414.0234,250.0729,414.1726,245.1744,439.0616,244.8755,439.0412,210.1957,407.0151,209.7879,406.9854,205.0423,434.0069,205.1134,434.0474,230.0433,358.6513,230.2274,358.9502,395.0529,408.9431,394.7488,408.9050,350.2144,370.2210,350.6268,371.3024
349.8906,429.1968,349.8029,429.1146,358.8613,454.4228,359.0707,452.4242,179.8794,399.2021,179.7718,398.9129,79.7735,398.9583,79.8712,399.1206,394.8352,388.9285,394.5997,388.9873,249.8793,414.2282,249.8541,414.2149,244.8177,439.0900,244.6550,439.0164,209.5350,406.8564,209.9104,406.8061,204.5943,434.0305,204.7161,434.3154,229.8278,358.9908,229.6911,358.8744,394.8391,409.0337,394.7956,408.6796,348.9929,369.2238,348.9710,367.3034
349.4081,429.1203,349.4019,429.0253,357.6272,453.1379,357.4646,448.7452,179.5472,399.2746,179.4145,399.0803,79.2852,399.1210,79.4593,398.8880,394.5801,389.0345,394.6748,389.4553,249.6048,413.9739,249.5911,414.2770,244.4642,439.1883,244.4957,439.1467,209.8694,406.9571,209.8295,407.2549,204.5799,433.9050,204.6106,433.8188,229.5631,358.8596,229.6357,358.9753,394.6888,408.8812,394.1805,409.1622,347.2695,368.3042,347.3561,364.0524
349.3953,429.1332,349.1177,428.9034,356.1487,452.0968,356.0434,445.4052,179.4127,399.0545,179.2185,399.0705,79.3346,399.0667,79.2431,399.1199,394.3283,389.2403,394.4762,389.1413,249.2157,414.1279,249.2876,414.1158,244.3203,439.2254,244.1178,438.9530,209.4725,407.1038,209.3164,406.9739,204.0214,434.2687,203.9629,434.0046,229.1960,359.0352,229.2649,358.9192,394.1937,408.9612,394.5151,409.2776,346.4281,367.2296,346.2323,360.3858
348.8248,429.0842,349.0198,429.3190,354.9524,451.2651,354.8739,442.3492,179.2226,399.4147,179.1222,399.1544,79.0958,399.2419,79.2752,399.3052,394.1119,389.3455,394.0802,389.2298,249.1127,414.3019,249.1801,414.2310,243.8288,439.2245,244.0764,439.2349,208.9611,407.2547,209.2732,407.2582,203.9753,434.3627,204.0864,434.4039,228.8978,359.2957,229.1887,359.4645,394.0718,409.1150,393.9236,409.2091,344.9355,366.4663,345.0084,357.2563
348.7505,429.4879,348.9897,429.3090,354.0796,450.3989,354.0095,439.5770,178.8756,399.0178,178.7560,399.2630,78.7359,399.3919,78.7066,399.4172,393.9589,389.3444,393.7404,389.3300,248.7383,414.3059,248.9201,414.2847,243.5849,439.3643,243.7478,439.2765,208.8760,407.2538,208.8630,407.3314,203.8620,434.5455,203.6548,434.3967,228.9529,359.5381,228.8591,359.6236,393.8136,409.1984,393.6458,409.3445,344.0268,365.2143,343.7169,354.5626
348.7462,429.2942,348.4314,429.4647,353.0958,449.6459,352.9073,437.3171,178.7624,399.6901,178.6565,399.5670,78.6883,399.4709,78.6705,399.5819,393.6653,389.7078,393.7678,389.4030,248.9567,414.6975,248.5089,414.7552,243.6609,439.8529,243.7308,439.4326,208.8635,407.2202,208.6597,407.5154,203.5026,434.3599,203.6575,434.3313,228.8126,359.3784,228.6368,359.7786,393.6150,409.3946,393.6779,409.5987,343.0380,364.5954,342.9454,352.4623
348.5226,429.7166,348.4916,429.8155,352.2323,448.9273,352.4449,435.9149,178.5100,399.5444,178.6377,399.8361,78.5233,399.7487,78.4624,399.5018,393.7630,389.8886,393.6024,389.9092,248.8158,414.3609,248.6556,414.7808,243.5261,439.5744,243.7778,439.5919,208.2657,407.7553,208.4698,407.6348,203.6598,434.6061,203.6603,434.7530,228.5809,359.7414,228.5400,359.5722,393.5117,409.9271,393.8139,409.6951,342.3770,364.2946,342.3778,350.7517
348.4467,429.9317,348.1777,429.8594,352.2903,449.1285,352.2780,435.0256,178.6357,399.9740,178.4976,399.9221,78.5345,399.6160,78.5983,399.9860,393.5158,389.7239,393.3595,389.7291,248.4849,414.8730,248.5392,414.6909,243.5498,439.8178,243.3269,439.8453,208.3940,407.7843,208.6360,407.8244,203.5622,434.8998,203.4712,435.1093,228.7093,359.8291,228.5641,359.8718,393.5180,409.8128,393.5334,409.7823,342.0427,363.8785,342.2036,350.3746
348.4707,430.1401,348.6396,430.1351,351.7419,449.1136,352.0910,435.3475,178.3523,399.9793,178.3536,400.1331,78.4513,399.8707,78.4268,399.8873,393.5339,390.2517,393.6014,389.8656,248.3857,415.2251,248.4349,415.0875,243.5272,440.0063,243.1800,440.0185,208.4618,407.9478,208.4297,408.0541,203.4997,435.0343,203.4069,435.1055,228.3063,359.8546,228.4910,360.2251,393.4370,409.8152,393.4061,410.0992,342.1414,363.7973,342.1362,350.1384
348.4333,430.4365,348.4339,430.1483,352.4714,449.2560,352.4068,435.8011,178.4832,400.1807,178.5064,400.1719,78.5640,400.2166,78.3747,400.7053,393.6790,390.2387,393.4767,390.1849,248.5834,415.1950,248.5538,415.5099,243.5095,440.4482,243.5212,440.0089,208.5643,408.5254,208.4967,408.4705,203.5395,435.3102,203.4965,435.3170,228.6149,360.1556,228.5882,360.0074,393.5175,410.1799,393.5674,410.3519,342.3775,364.1325,342.5719,350.7474
348.4772,430.5769,348.8043,430.3083,352.8989,449.5518,352.8675,436.9454,178.6657,400.2860,178.4395,401.0088,78.6853,400.2103,78.9407,400.7722,393.7181,390.6084,393.7078,390.5181,248.8398,415.0759,248.8032,415.4025,243.5002,440.5049,243.5119,440.2526,208.5983,408.7057,208.5766,408.4764,203.4789,435.5518,203.3577,435.4389,228.8930,360.5011,228.7054,360.4939,393.6511,410.4821,393.4312,410.4808,342.5587,364.4473,342.7942,351.6511
348.7805,430.2095,348.8279,430.6200,353.4461,450.2385,353.6233,438.7039,178.7381,400.5416,178.7915,400.2955,78.5010,400.6213,78.6145,400.5159,393.8594,390.5395,393.8204,390.3752,248.6981,415.5428,248.8635,415.6373,244.0092,440.7341,243.8697,440.3970,208.6172,408.5986,208.6324,408.5654,203.9161,435.8777,204.0141,435.5474,228.9158,360.6704,228.6205,360.6754,393.4288,410.8524,393.6194,410.7335,343.4540,365.0479,343.4399,353.9950
349.2219,430.7372,349.0535,430.6915,354.4363,451.0125,354.6119,441.1163,178.9241,400.4555,178.8214,400.6116,79.0338,400.5553,79.1366,400.6857,394.1996,390.8468,394.0134,390.6367,248.9444,415.6234,248.9856,415.6321,244.0562,440.8043,244.1440,440.8846,208.9059,408.5687,209.2001,408.8059,203.9443,435.8548,204.1102,435.6063,229.2602,360.5878,228.7757,360.6343,394.0372,410.6259,393.7927,410.6318,344.6174,365.9518,344.5111,356.2025
348.9932,430.8769,348.8637,431.0715,355.7092,451.7921,355.6006,444.1826,179.3465,400.8956,179.1929,400.8605,79.2055,400.8800,79.2007,400.6725,393.9839,390.9514,394.5246,391.0435,249.0132,416.0094,249.1614,415.8725,244.1554,441.0316,244.2946,441.2828,209.1431,409.1155,208.9757,408.8394,204.2969,435.9243,204.0851,436.2104,229.2066,361.0983,229.4560,360.7233,394.1088,411.0429,394.1457,410.5899,345.6635,366.8524,345.7274,359.3843
349.3968,430.9182,349.5957,430.7221,356.8471,452.7974,357.0097,447.6340,179.5088,400.8472,179.3327,400.6186,79.5522,400.9365,79.8070,400.9358,394.2622,390.7262,394.3481,391.0636,249.3534,415.9958,249.3621,415.7711,244.3745,440.9270,244.3396,440.7592,209.1868,408.9607,209.5549,408.9259,204.4911,435.9864,204.4077,435.9005,229.3938,360.8782,229.3016,360.8194,394.5957,411.1038,394.1568,410.8255,346.7649,367.6458,347.3392,362.5962
349.6804,431.1880,349.5033,430.7948,358.5289,454.0209,358.8207,451.1951,179.5496,400.8561,179.6542,401.0171,79.6884,400.9560,79.8632,400.8719,394.8639,391.1963,394.8934,391.2150,249.4966,415.9059,249.7785,416.1147,244.5903,441.0168,244.6379,440.9839,209.6708,408.8561,209.8632,409.1400,204.7729,435.9919,204.3990,435.8923,229.8046,360.8441,229.9179,361.0419,394.5549,411.1807,394.7638,410.8124,348.2598,368.8956,348.6448,366.1302
