pt1_cam1_X,pt1_cam1_Y,pt1_cam2_X,pt1_cam2_Y,pt2_cam1_X,pt2_cam1_Y,pt2_cam2_X,pt2_cam2_Y,pt3_cam1_X,pt3_cam1_Y,pt3_cam2_X,pt3_cam2_Y,pt4_cam1_X,pt4_cam1_Y,pt4_cam2_X,pt4_cam2_Y,pt5_cam1_X,pt5_cam1_Y,pt5_cam2_X,pt5_cam2_Y,pt6_cam1_X,pt6_cam1_Y,pt6_cam2_X,pt6_cam2_Y,pt7_cam1_X,pt7_cam1_Y,pt7_cam2_X,pt7_cam2_Y,pt8_cam1_X,pt8_cam1_Y,pt8_cam2_X,pt8_cam2_Y,pt9_cam1_X,pt9_cam1_Y,pt9_cam2_X,pt9_cam2_Y,pt10_cam1_X,pt10_cam1_Y,pt10_cam2_X,pt10_cam2_Y,pt11_cam1_X,pt11_cam1_Y,pt11_cam2_X,pt11_cam2_Y,pt12_cam1_X,pt12_cam1_Y,pt12_cam2_X,pt12_cam2_Y
350.0333,430.8339,350.0078,431.0197,359.8063,454.8027,359.7961,454.9966,180.2270,401.2450,179.8772,401.0992,80.0926,401.0987,79.8131,400.9904,394.8852,391.1134,394.7418,390.9978,250.0295,415.5957,249.7608,416.1722,244.8976,440.8778,245.2135,441.0934,209.9939,408.6646,210.1050,409.0054,205.2120,436.1111,204.9846,436.0485,230.0535,361.1842,230.1401,361.0022,395.0395,411.1343,395.0188,410.9892,349.8817,370.1423,349.9329,370.0707
350.2306,430.8604,350.3783,430.9038,361.5530,456.2468,361.8018,458.8873,180.7303,400.7071,180.1113,401.0477,80.3555,401.3538,80.3265,400.8402,395.4298,391.0875,395.3764,390.9675,250.1380,416.1575,250.2062,415.9769,245.2191,440.7900,245.1978,440.7451,210.1931,408.8693,210.2643,409.2231,205.2943,435.7815,205.2878,435.8240,230.2657,361.2198,230.1168,361.2899,395.5254,411.0152,395.1815,410.7681,348.8154,369.0212,348.7359,366.1255
350.5243,430.7396,350.3176,430.9155,362.8208,457.2018,362.9187,462.2439,180.8654,400.8965,180.3990,401.1101,80.6124,400.8149,80.6341,401.1128,395.4922,390.8656,395.6370,391.0563,250.4800,415.8885,250.5615,415.8239,245.5286,440.6111,245.4915,440.8651,210.7104,408.9037,210.3675,408.8841,205.5133,435.9860,205.7776,435.9921,230.5850,361.1292,230.6369,360.9739,395.6100,410.8025,395.5779,410.9103,347.0656,367.6683,347.2191,362.4268
350.7188,430.8391,350.8131,430.5774,364.5938,458.2504,364.1529,465.5995,180.5151,400.7342,180.9533,400.5585,80.8778,401.1251,80.7105,400.7714,395.7071,390.7279,395.6685,390.8064,250.9497,416.0110,250.9594,416.0811,245.8563,440.6519,245.9993,441.0050,211.0779,408.7760,210.8757,408.7349,205.8720,435.5758,206.0592,435.7561,230.5638,361.0025,230.7168,360.8638,395.8570,410.8492,395.6448,410.9127,345.4674,366.6925,345.6315,359.2240
351.0634,430.8282,351.0546,430.6675,365.5515,459.0485,365.8337,468.4863,180.7931,400.7764,181.0443,400.6650,80.9089,400.7053,80.8294,400.7358,396.1119,390.7380,396.2621,390.9017,250.9791,415.9177,251.3838,415.8730,245.9546,440.8396,245.8484,440.7111,210.9517,408.8786,211.4568,408.6643,206.1135,435.7412,206.1654,435.3798,230.7575,360.8114,231.1523,360.6709,396.2794,410.7975,395.9628,410.6515,344.4142,365.6567,344.9260,356.3095
350.8644,430.7868,351.3322,430.3931,366.3353,459.8161,366.6913,471.2684,181.4061,400.5042,181.1951,400.4899,81.3822,400.6660,81.0097,400.8572,396.2851,390.6220,396.5921,390.2471,251.2059,415.3131,251.1815,415.7162,246.1447,440.5712,246.2935,440.3801,211.3400,408.8300,211.2358,408.5652,206.3257,435.2564,206.2972,435.6253,231.1986,360.6215,231.1642,360.5521,395.8746,410.6255,396.1681,410.3999,343.9114,365.1965,343.3001,353.8690
351.8262,430.4595,351.4110,430.5467,367.2625,460.3907,367.4926,472.9908,181.3272,400.4781,181.2509,400.1771,81.3319,400.3931,81.2813,400.3705,396.5081,390.2100,396.4132,390.7301,251.2917,415.2212,251.1905,415.4418,246.3262,440.2166,246.3147,440.4493,211.2260,408.5868,211.4195,408.3780,206.4371,435.7050,206.4394,435.1375,231.3586,360.4832,231.5580,360.5631,396.2764,410.5838,396.5380,410.7060,342.9631,364.6913,342.5028,351.8441
351.7388,430.4850,351.3604,430.0405,367.7420,460.8685,367.6286,474.2745,181.4584,400.2737,181.4325,400.5282,81.3534,400.0699,81.3468,400.2347,396.4342,390.2899,396.7374,389.9576,251.3025,415.0975,251.4585,415.3607,246.2106,440.0591,246.4960,440.1945,211.4444,408.1091,211.4045,408.3605,206.3036,435.2104,206.6636,435.3242,231.5269,360.0148,231.3176,360.2532,396.7092,410.1428,396.5345,410.2807,342.5277,364.2994,342.1708,350.5735
351.7337,430.0552,351.5045,430.0324,368.1325,461.0365,367.7275,474.8826,181.6010,400.0715,181.5630,399.8961,81.4508,400.1390,81.5841,400.1362,396.3687,390.0886,396.6418,389.7493,251.6881,414.8483,251.5670,415.0165,246.2039,440.3503,246.5188,440.1472,211.6106,408.1680,211.6285,408.0690,206.5064,434.8390,206.2921,435.2755,231.5396,360.0815,231.3024,359.9803,396.2953,409.8713,396.4238,410.0030,342.1311,363.5459,341.9635,350.2394
351.4905,429.8474,351.6117,429.8906,367.8951,460.9930,367.8853,474.9052,181.5571,399.8224,181.5793,399.7537,81.6644,399.7829,81.3808,400.0100,396.5966,389.6349,396.4139,390.0830,251.4736,414.7616,251.4707,415.0700,246.3717,439.9253,246.6085,439.7364,211.5887,407.6954,211.4196,408.0826,206.3398,434.8730,206.4354,434.9005,231.5382,359.8233,231.1994,359.8232,396.6901,409.6672,396.2968,409.9528,342.0780,363.8428,342.2181,350.1701
351.3445,429.6641,351.5219,429.7106,367.4967,460.8202,367.3181,474.0867,181.3963,399.7587,181.4986,399.6232,81.1773,399.4587,81.2548,399.5174,396.3439,389.9389,396.4563,389.6702,251.3051,414.7440,250.9466,414.8256,246.3589,439.6858,246.3678,439.8230,211.4369,407.8764,211.0743,407.7667,206.6386,434.6108,206.2775,434.4320,231.6566,359.9465,231.2507,359.6908,396.4016,409.7755,396.5646,409.9130,342.6522,364.2763,342.3803,350.7108
351.3853,429.5237,351.1623,429.8311,367.0457,460.3291,366.8298,472.3492,181.5317,399.7608,181.3084,399.5870,81.1114,399.3924,81.2300,399.6765,396.4236,389.8055,396.4763,389.5954,251.2951,414.5305,251.5493,414.5562,246.4060,439.5940,246.4118,439.5504,211.6869,407.3234,211.3162,407.6171,206.2848,434.5457,206.3901,434.2989,231.4657,359.7217,231.2714,359.4273,396.5724,409.6418,396.3261,409.3639,343.0897,364.6243,343.0397,352.5724
351.2369,429.2467,351.2295,429.4437,366.2308,459.6341,366.1210,470.4525,181.1930,399.3764,181.1818,399.2615,80.9729,399.4379,81.1616,399.2749,396.2383,389.6942,396.2959,389.3693,251.1611,414.2215,251.4129,414.4890,246.0461,439.1844,246.2111,439.7112,211.2626,407.6200,211.4012,407.4823,206.2256,434.3067,206.1683,434.3502,231.4236,359.3107,231.0977,359.3381,396.1202,409.3694,395.9521,409.2582,343.9028,365.5369,343.6757,354.3795
350.8254,429.2661,350.8220,429.2326,364.9919,458.7047,365.0382,467.7949,181.0999,399.3087,180.9015,398.9890,81.0720,399.2248,81.1786,399.4097,395.8777,389.3244,396.2299,389.1358,251.1883,414.0141,250.7534,414.5678,245.8788,439.1733,246.0111,439.2076,211.0701,407.3773,211.1248,407.1725,206.0228,434.2354,206.0522,434.4368,230.8847,359.3256,230.9309,359.3909,395.9898,409.3134,395.9331,409.4986,345.0868,366.3258,344.8297,357.4500
350.6328,429.0808,350.8766,429.1648,363.8409,457.8082,363.7037,465.0073,180.7103,399.2827,180.6076,399.3644,80.8082,399.1622,80.8952,399.1872,395.7812,389.2414,395.8367,389.2873,250.5362,414.1831,250.8972,414.3129,245.7357,439.1600,245.5277,438.8382,210.6607,407.0792,210.7676,407.3465,205.9435,433.8705,205.9588,434.2596,230.7688,359.0495,230.6369,358.6770,395.8774,409.2345,395.7476,408.9874,346.4299,367.2759,345.8530,360.2871
350.3423,428.7252,350.5052,429.1123,362.4227,456.9463,362.6702,461.3018,180.5067,399.2540,180.4431,399.0768,80.3829,399.3524,80.2528,398.8434,395.4248,388.7528,395.6973,389.2045,250.3898,414.1280,250.2889,414.1726,245.2608,439.1297,245.0919,439.0008,210.5953,407.1526,210.6433,407.2094,205.5554,433.9565,205.3301,433.9614,230.6421,359.3394,230.4576,359.3471,395.3624,409.1323,395.3353,408.9667,347.1841,368.1731,347.5538,363.5928
350.2468,428.8684,350.0553,428.9112,360.9814,455.6658,360.7877,457.3241,180.3852,399.0762,180.2438,399.0600,80.2282,399.0552,80.4811,398.7955,395.0616,389.0159,395.1093,389.3166,249.9766,413.9477,250.2224,413.9050,245.1735,439.0533,245.3467,439.1895,210.1754,407.0109,210.5084,407.1043,205.0299,433.9394,205.3884,433.9416,230.0948,359.0620,230.2440,359.0637,395.0433,409.3393,395.4347,408.8699,348.9276,369.2699,348.7322,367.6975
349.6290,429.1233,349.9585,428.9843,359.1207,454.8885,359.6098,453.7812,179.8061,399.1630,179.7996,398.7771,79.6899,398.9698,79.9668,398.7394,394.8978,389.0827,394.7307,389.2732,249.8797,413.7548,249.7816,413.9933,244.7981,439.1426,244.4843,438.8381,209.8868,407.0706,209.6357,407.1574,204.7505,434.0084,205.0599,433.9497,230.2652,358.9380,229.8549,359.0788,394.9404,408.9459,394.7233,409.0414,350.5244,370.4694,350.6314,371.3254
349.5569,429.0140,349.5040,429.1069,358.0963,453.3856,357.8950,450.3955,179.4920,399.0081,179.6228,398.8312,79.6743,399.0049,79.5741,399.2431,394.3148,389.3375,394.6257,388.8407,249.4141,414.1246,249.5371,414.2927,244.6850,439.1606,244.7487,439.3119,209.6122,407.0139,209.7075,407.0398,204.7165,434.0822,204.7670,434.3389,229.7077,358.9249,229.7702,358.9794,394.5587,409.0285,394.6118,409.0159,351.6186,371.3752,351.9656,374.8072
349.4028,429.1561,349.2739,428.9995,356.6619,452.5067,356.6101,446.3398,179.4637,399.1982,179.2854,399.0136,79.2569,398.6976,79.4276,399.1055,394.5105,388.9266,394.4000,388.9397,249.0913,413.8725,249.1930,413.9494,244.2410,439.1184,244.4303,438.9215,209.4780,407.3035,209.3955,407.3803,204.4318,434.2062,204.2472,434.0832,229.2493,359.2091,229.3946,358.9964,394.2703,408.9390,394.2340,409.1988,353.3564,372.5260,353.4031,378.3095
349.1952,429.0850,349.0874,429.2533,355.3389,451.3201,355.2123,442.9917,179.0377,399.3916,179.1817,399.1515,79.0354,399.0985,79.1087,399.2719,394.2312,389.1629,393.8623,389.4493,249.0308,414.1420,249.1540,414.0593,244.4042,439.3786,243.8916,439.1220,209.2175,407.4524,209.2594,407.0486,204.1270,434.1606,204.1074,434.0724,228.7340,359.3099,228.7706,359.2599,394.1372,409.2184,394.2406,409.0644,354.3222,373.6319,354.5683,382.1962
349.1222,429.2428,348.9992,428.9886,354.3347,450.6832,353.8081,440.3237,178.9129,399.3876,179.0877,399.2893,78.7756,399.3580,78.8881,399.4568,394.0335,389.2369,394.0815,389.1871,248.7680,413.9474,249.0454,414.4316,243.6513,439.2746,244.0069,439.1376,208.9041,407.5082,208.8589,407.2507,203.8687,433.9842,203.8637,434.2560,228.9560,359.1814,229.1063,359.1434,393.9093,409.4285,394.1694,409.5254,355.6398,374.4067,355.7491,384.5608
349.0574,429.4162,348.7915,429.4261,352.9388,449.9982,353.2100,438.0796,178.8398,399.1277,178.8745,399.3721,78.6535,399.2777,78.7428,399.5715,393.7554,389.2594,393.8133,389.2484,248.7010,414.1292,248.9009,414.3300,243.8192,439.4039,243.7330,439.5598,208.5630,407.6222,208.8554,407.5086,203.7017,434.5139,203.9255,434.5138,228.6723,359.5113,228.9150,359.4227,393.7963,409.3616,393.6845,409.6323,356.8207,374.9002,356.6041,386.6580
348.7167,429.6510,348.7337,429.5421,352.7345,449.4381,352.4505,436.4329,178.3822,399.3808,178.6442,399.4758,78.5185,399.7507,78.5922,399.8836,393.5581,389.5107,393.5002,389.7980,248.6090,414.8168,248.4111,414.6272,243.5377,439.8080,243.6989,439.6348,208.8110,407.6510,208.4738,407.7022,203.6762,434.8563,203.3835,434.6351,228.5264,359.4399,228.5319,359.5998,393.5244,409.4825,393.6781,409.7071,357.3695,375.7877,357.5062,388.5422
348.4820,429.6974,348.7143,429.7110,352.0322,449.1267,352.0610,435.4804,178.4086,399.7109,178.4274,399.9125,78.5776,399.7923,78.4828,399.7577,393.4207,389.7112,393.5484,389.7062,248.6306,414.9200,248.5857,414.7870,243.7291,439.7596,243.5129,439.8816,208.5891,407.8717,208.5518,407.6787,203.5873,434.9309,203.5011,434.8834,228.4666,359.8959,228.4512,360.0115,393.3341,409.5889,393.4701,409.7686,357.6770,375.8657,357.8037,389.7200
348.5015,429.9899,348.3343,429.8301,351.8383,448.8658,351.9601,435.0310,178.3052,400.0177,178.4871,400.2559,78.5566,400.2503,78.5681,400.0028,393.4056,390.0077,393.5502,390.1722,248.6368,415.0276,248.5960,415.0827,243.5213,439.8651,243.3511,440.0476,208.5720,407.9863,208.5021,408.0530,203.5060,435.0099,203.2747,435.0187,228.3775,359.9522,228.4198,359.8048,393.3986,410.2082,393.5139,410.0530,357.9904,376.1533,357.9997,390.2327
348.6066,430.0929,348.6382,430.1764,351.8539,449.0152,352.3214,435.4389,178.2918,400.1445,178.6105,400.0554,78.8688,400.2993,78.3901,399.7854,393.5136,390.3313,393.6492,389.8617,248.5578,415.1611,248.4703,415.2655,243.4331,440.1467,243.3416,440.2447,208.4191,408.1821,208.5914,408.0479,203.8521,435.4881,203.3651,435.0735,228.7681,360.1501,228.5085,360.1352,393.3943,410.2145,393.4642,410.1646,357.8364,375.9696,357.8358,389.5425
348.7330,430.0670,348.5397,430.2553,352.6618,449.4531,352.5011,436.3367,178.8596,400.1372,178.7387,400.1421,78.5528,400.5094,78.9167,400.1867,393.4126,390.3924,393.6660,390.3496,248.4611,415.5663,248.6116,415.4178,243.5362,440.1423,243.5914,440.2043,208.7001,408.2321,208.8231,407.9981,203.7664,435.2638,203.2975,435.3561,228.7506,360.4739,228.3289,360.5247,393.4112,410.1921,393.3681,410.1567,357.3410,375.6204,357.3597,388.8323
348.5503,430.4116,348.7689,430.4466,353.3145,450.0088,353.2144,438.1832,178.6098,400.8984,178.9662,400.6966,78.7243,400.6915,78.6582,400.4532,393.3919,390.4620,393.9675,390.4761,248.7419,415.5938,248.6347,415.5211,244.1578,440.4033,243.6404,440.4885,208.6334,408.7368,208.7601,408.2895,203.5979,435.4276,203.7485,435.4932,228.7033,360.7008,228.8640,360.8450,393.9827,410.3953,394.0623,410.2665,356.8346,374.9851,357.0177,386.8978
348.9698,430.5436,349.0371,430.4762,354.5986,450.6955,354.0892,440.1823,178.8632,400.6186,179.1589,400.8948,79.1116,400.7108,78.8586,400.9691,393.8453,390.6831,393.8467,390.8541,249.1999,415.8224,248.9402,415.5995,243.7115,440.8777,243.9036,440.8080,208.6604,408.6406,209.2012,408.8213,203.9522,435.4456,203.9668,435.6758,228.9191,360.6586,228.6335,360.4513,393.8899,410.3561,393.6950,410.8691,355.9284,374.4223,355.8555,384.7136
349.2200,430.6329,349.1827,430.7123,355.3066,451.5533,355.2778,443.0290,179.1369,400.7083,179.0353,400.5290,79.1338,401.1246,78.7379,400.8612,394.1408,390.6518,394.0831,390.5255,249.2782,415.9316,249.1124,415.6138,243.8405,440.9604,244.2309,441.0033,209.2541,408.7205,209.1162,408.7091,203.8940,435.7451,203.9794,435.5348,229.1309,360.9317,229.1186,360.7660,394.1859,410.7494,394.3867,410.7319,354.6915,373.5094,354.6208,381.4428
349.3521,430.6939,349.2549,430.7087,356.4567,452.4867,356.6712,446.5177,179.3477,400.5720,179.3204,401.0022,78.9740,400.6978,79.4041,401.0460,394.3471,390.7451,394.3551,391.0212,249.3739,415.9405,249.3491,415.7616,244.7053,440.9073,244.5122,441.2384,209.3763,409.1030,209.5064,409.0760,204.3824,436.0322,204.0698,436.1581,229.2537,361.0201,229.6250,360.9438,394.3913,410.8710,394.2450,410.9628,353.6420,372.6364,353.4236,378.3977
349.9681,430.7904,349.6939,430.8606,357.8899,453.5865,357.9778,450.0843,179.5822,400.8949,179.6325,401.0165,79.8094,400.9514,79.7047,401.2222,394.4331,390.8650,394.7275,390.9064,249.5883,416.0966,249.6705,415.9673,244.5474,441.1692,244.7256,441.1518,209.3242,408.9398,209.8617,408.9986,204.8502,435.9231,204.5748,436.4283,229.6398,360.9694,229.7867,360.9606,394.8235,410.9584,394.4258,410.9893,352.0506,371.8659,351.8841,375.0216
350.0292,430.9203,349.7769,431.3826,359.7038,454.9180,359.5859,453.5667,179.9942,400.8382,179.9715,400.7764,79.7480,401.0693,80.0456,400.6439,394.6544,390.8583,394.5531,390.9980,249.6190,415.7296,249.9599,416.1292,245.0973,441.1901,244.7844,440.7899,209.8019,409.2347,209.8874,408.9636,204.8430,435.8444,204.8932,436.0532,229.7281,361.0470,229.9462,360.9968,394.9037,410.8696,394.8532,411.0117,350.4922,370.5209,350.5235,371.4808
350.1494,430.8800,350.2868,430.7800,361.0109,455.7629,360.9657,457.4235,180.3611,400.9654,180.1577,400.9539,80.4328,400.9079,80.3365,400.8068,394.9494,391.0243,395.2055,390.7247,250.0432,415.7541,250.1518,416.0292,245.1139,440.7390,245.1616,440.8527,210.2001,409.0852,210.2562,409.0807,205.3941,436.2257,205.4608,436.1655,230.1542,361.1382,230.4160,360.9320,394.8174,410.9439,395.3533,411.2801,348.7860,369.0640,349.1022,367.5510
350.5128,431.1347,350.3406,430.7724,362.5873,456.6446,362.6314,461.2661,180.4827,400.7993,180.4393,400.8711,80.2925,400.9392,80.6961,400.9851,395.4164,390.7355,395.3593,390.8832,250.4041,416.1752,250.5953,416.0230,245.4856,441.1658,245.4565,440.9043,210.5270,409.0431,210.3950,408.9770,205.4840,436.0361,205.4382,436.2791,230.5952,360.5651,230.3492,360.9988,395.5753,410.8217,395.4503,411.0668,347.4574,368.1287,347.5380,363.6782
350.5761,430.7151,350.8494,430.6555,363.9933,457.8522,364.1349,464.7965,180.8351,401.0163,181.0437,400.7621,80.6588,400.8248,80.6560,400.8423,395.8552,390.9541,395.8983,390.8392,250.9084,415.9916,250.8599,415.8999,245.9080,440.7741,245.7317,440.9290,210.8104,408.9872,210.6307,408.9741,205.6098,435.7903,205.6451,435.8218,230.7743,360.4523,230.7231,360.7434,395.7125,410.8824,395.5048,411.0003,346.1236,367.1888,345.9156,360.1833
351.0682,430.6118,351.0315,430.5765,364.8673,458.9626,364.7998,467.8548,180.9932,400.7463,180.9475,400.7400,81.1602,400.9182,80.8948,400.5677,396.0371,390.7727,396.0099,390.9861,250.9565,416.0064,250.9937,415.9964,245.9349,440.6562,245.9978,440.9239,211.0424,408.6461,210.9939,408.6262,205.8692,435.4727,205.9936,435.7216,230.6483,361.0079,231.0223,360.8828,396.2383,410.5865,396.1442,411.1011,345.0823,366.0637,345.0435,357.4313
351.0419,430.6101,350.9395,430.5321,366.1495,459.5776,366.2843,470.3262,181.3124,400.6929,181.2661,400.9173,81.5250,400.6469,81.1331,400.6674,395.9516,390.6902,396.5179,390.7802,251.2284,415.5009,251.2228,415.5097,246.1064,440.5095,246.1049,440.4595,211.1493,408.5837,210.9211,408.9028,206.0944,435.5757,206.1355,435.5479,231.1753,360.7808,231.1256,360.8528,396.0696,410.5340,396.1186,410.5112,344.0686,365.3263,343.6787,354.2408
351.5739,430.5712,351.2994,430.6647,366.7002,460.4574,366.9248,472.7285,181.3686,400.2912,181.5009,400.3552,81.2878,400.7158,81.1824,400.2947,396.2420,390.4255,396.1165,390.4526,251.3700,415.6570,251.1989,415.3224,246.2445,440.4778,246.2785,440.3403,211.2972,408.3851,211.4387,408.5257,206.1999,435.5221,206.3896,435.4300,231.2863,360.5979,231.4356,360.6318,396.3496,410.4267,396.2170,410.4729,342.9571,364.7952,343.0715,352.6000
351.8144,430.2584,351.6253,430.3959,367.6753,460.8531,367.3731,473.8370,181.5483,400.4129,181.3569,400.1308,81.3446,400.3488,81.5314,400.4194,396.5522,390.3722,396.6526,390.3793,251.4183,415.3610,251.4476,415.3063,246.3700,440.1923,246.6789,440.1228,211.2338,408.4186,211.3718,408.2595,206.5749,435.2242,206.4843,435.2215,231.4037,360.3309,231.3900,360.3170,396.4652,410.2322,396.2335,410.0035,342.2561,364.3640,342.3194,351.2154
351.3638,430.1952,351.3896,430.0596,368.1677,460.9726,367.9593,474.7665,181.4286,400.0795,181.4932,400.2578,81.5175,400.0547,81.1512,400.1873,396.3567,389.9531,396.4915,389.9164,251.6242,414.8294,251.6287,415.1864,246.5817,440.2366,246.4111,440.0521,211.5662,408.0339,211.4036,407.8242,206.7027,434.9349,206.4806,435.1516,231.4136,360.0246,231.5234,360.2316,396.6052,410.0262,396.7005,409.9265,342.1951,364.2187,342.1816,350.2885
351.3845,430.2311,351.5436,429.9937,368.0109,461.0648,367.6911,475.0003,181.6255,399.7848,181.5297,400.0068,81.8755,400.2249,81.3840,400.0082,396.5004,389.7885,396.7996,389.8153,251.2328,414.9173,251.4920,414.8554,246.3598,439.8597,246.4103,439.6556,211.4601,407.9333,211.3848,407.9312,206.6178,434.7692,206.4689,434.9603,231.3049,359.6397,231.5373,360.0616,396.3879,409.9386,396.4964,409.7483,341.7098,363.9407,342.0307,350.2073
351.3849,429.8316,351.2620,429.6215,367.6218,460.6636,367.8710,474.3261,181.7327,399.5867,181.4652,400.0799,81.4848,399.8370,81.4320,399.9610,396.4594,390.2087,396.5323,389.6439,251.6479,414.7749,251.3303,414.7310,246.4179,439.8505,246.4229,439.7480,211.4000,407.8567,211.4498,407.5298,206.6355,435.1156,206.7159,434.7592,231.2723,359.9259,231.0220,359.6056,396.7210,409.6969,396.5126,409.5298,342.1066,364.3299,341.9598,350.8451
351.2760,429.6767,351.5110,429.7788,367.3021,460.4508,367.1389,473.0792,181.7752,399.7276,181.6193,399.5146,81.5224,399.3989,81.5890,399.5917,396.4750,389.5149,396.3025,389.7181,251.2870,414.6899,251.1552,414.3722,246.4048,439.6689,246.5098,439.5414,211.4858,407.5519,211.2969,407.5256,206.2337,434.4287,206.4359,434.6906,231.2395,359.5633,231.5657,359.6190,396.5782,409.5389,396.2353,409.5100,342.6371,364.3637,342.7379,351.6818
351.3162,429.4886,351.1196,429.6210,366.6867,459.8218,366.4331,471.1735,181.1904,399.1805,181.3320,399.3361,80.9833,399.2876,81.1133,399.4862,396.1948,389.5422,396.0818,389.5491,251.1744,414.5632,251.3703,414.5926,246.1385,439.5819,246.2094,439.6123,211.2451,407.4471,211.4337,407.4739,206.1898,434.4336,206.3291,434.5519,231.1402,359.2693,231.0444,359.4576,396.2024,409.2138,396.4021,409.4704,343.4173,365.1699,343.3971,353.8654
350.8592,429.4704,350.9365,429.1832,365.5016,459.3323,365.2356,468.5241,181.1882,399.2505,181.1538,399.3540,81.0633,399.1768,81.2110,399.6558,396.2003,388.9088,395.9423,389.2383,251.1897,414.1270,250.8187,414.2226,246.0935,439.4806,245.8510,439.0544,210.8887,407.4887,211.1912,407.2563,206.1222,434.3740,206.0759,434.3061,231.1165,359.1721,231.0220,359.1879,396.0844,409.2795,396.0773,409.4468,344.6688,365.8033,344.3055,356.3565
350.6939,429.3386,350.9923,429.2193,364.3814,458.1539,364.3015,465.7779,180.8457,399.2522,180.5700,399.3082,80.7280,398.9529,80.7579,399.1429,395.6554,389.0820,395.9714,389.4048,250.6015,414.3080,250.7910,414.2837,245.7694,439.0155,245.9733,439.1729,211.1234,407.1806,210.8036,407.1539,205.6402,434.3426,205.7741,434.3247,230.9417,358.9807,230.8726,359.1150,395.5580,409.1873,395.5829,409.0747,345.6155,366.9009,345.8094,359.1800
350.5479,429.2799,350.4070,429.2767,362.7997,457.0750,362.7697,462.2494,180.5391,399.1307,180.4520,398.8197,80.6011,399.0237,80.3810,399.0418,395.4835,388.9004,395.4970,389.0187,250.6749,414.0122,250.7264,414.2020,245.7427,439.0873,245.5414,439.4353,210.4304,407.2106,210.7084,406.8888,205.5528,434.0610,205.3036,434.2135,230.8855,359.1412,230.4016,359.1228,395.5577,409.3089,395.5164,409.4410,347.0616,367.8286,347.1152,362.4827
350.3050,429.0773,350.3489,429.1175,361.3721,455.9132,361.6849,458.7347,180.2911,399.3938,180.1838,398.9382,80.3263,398.8402,80.4192,399.1470,395.6789,389.1606,395.3794,388.9185,250.4320,414.3914,250.5935,414.2658,245.2766,438.9896,245.6384,438.8454,210.0104,407.1587,210.1535,407.0688,205.2833,433.8696,205.3677,433.8432,230.2190,358.9200,230.2871,358.8704,395.3632,408.9231,395.1081,408.9794,348.7619,368.6528,348.6340,366.0408
350.2543,429.3203,350.0280,428.8436,360.0239,454.9181,360.0963,455.0133,179.7181,398.9309,180.0179,399.0074,80.0668,398.9800,79.9273,399.0157,395.1249,388.7667,394.8099,388.8575,249.9274,414.0460,249.7924,413.8541,245.2760,438.7438,245.1126,439.0888,210.0556,407.0133,210.0028,406.8978,205.2822,433.9498,204.9731,433.9511,229.8693,359.0554,230.1515,358.9980,394.8186,408.9584,394.9703,408.8116,350.0394,369.6894,350.0313,369.7603
349.7112,429.0227,349.9944,428.9653,358.4108,453.5503,358.5579,450.9505,179.8138,398.9763,179.9439,399.0418,79.8758,399.1452,79.6597,399.0654,394.7657,388.9289,394.7529,388.8948,249.8682,413.9328,249.7487,413.9264,244.6379,439.1127,244.4000,438.9063,209.6825,407.0858,209.8020,407.1985,204.9250,434.0089,204.7909,434.0222,229.7728,359.1166,229.9384,358.9614,395.0572,409.0454,394.8777,409.1364,351.3955,371.1592,351.6819,373.6877
349.3279,429.0255,349.5793,428.9152,357.0495,452.7941,356.8968,447.4002,179.6349,398.8043,179.6017,399.0055,79.5234,398.8833,79.5590,399.1046,394.5841,389.1193,394.6884,388.9852,249.3564,414.0680,249.5575,414.1008,244.6340,438.9467,244.2694,438.9578,209.5384,406.8844,209.4636,406.8175,204.4264,434.1526,204.2469,434.0824,229.4333,358.9651,229.3693,359.2709,394.5525,409.1507,394.1039,409.0525,352.9748,372.2949,353.0108,377.6669
349.3792,429.2397,349.0556,429.1109,355.8910,451.7549,355.7922,444.4122,179.3066,399.1313,179.1485,399.1819,79.2649,399.0858,79.3384,399.2565,394.1580,389.2279,394.0186,389.2164,249.1987,414.2922,249.5736,414.0815,244.5091,438.9979,244.0615,438.9911,209.1623,407.2798,209.2466,406.9590,204.1409,434.3303,204.1449,434.2415,229.1815,359.2225,229.3659,359.0692,394.1261,409.1436,394.2748,409.0095,354.4625,373.2820,354.1033,380.8000
348.9446,429.3027,348.9505,429.2977,354.6116,451.0069,354.4810,441.0513,178.9613,399.3085,178.6981,399.3538,79.0114,399.2225,79.1042,399.2639,393.9810,389.5183,394.0123,389.1815,249.0616,414.3356,248.9504,414.6010,243.8266,439.1766,243.8988,439.2293,209.0128,407.3282,208.9362,407.0860,204.1304,434.3140,204.1856,434.0383,228.7138,359.2593,228.8529,359.5127,393.9291,409.2253,393.8393,409.1503,355.4378,374.0313,355.5085,383.5270
349.3316,429.4023,348.9349,429.1888,353.6273,450.1046,353.4200,438.7982,178.5038,399.4282,178.6470,399.4774,78.7311,399.4418,78.6794,399.4940,393.7530,389.3677,393.6709,389.4841,248.8207,414.8341,249.0148,414.2079,243.7875,439.3879,243.6830,439.2584,208.4794,407.6181,209.0998,407.6295,203.7792,434.6402,203.7589,434.4250,228.7171,359.6202,228.9631,359.4351,393.7091,409.4719,393.9965,409.3341,356.5089,374.7134,356.7339,386.4802
348.8002,429.6181,348.5551,429.5983,352.4978,449.4599,352.7331,436.5462,178.5418,399.5460,178.5681,399.3941,78.7921,399.5869,78.6829,399.3848,393.6941,389.5951,393.5214,389.5004,248.6101,414.6362,248.7538,414.6330,243.5343,439.2892,243.6017,439.7557,208.3630,407.6531,208.5597,407.6310,203.5598,434.3459,203.6504,434.4971,228.6349,359.5812,228.7358,359.4421,393.7099,409.6178,393.5244,409.6447,357.4417,375.4767,357.4283,387.9857
348.3010,429.9282,348.7473,429.7576,352.3085,449.3719,352.3558,435.6681,178.4951,399.8778,178.5585,399.6549,78.4617,399.6543,78.5926,399.7995,393.4188,389.9025,393.6638,389.8323,248.5358,414.5809,248.7397,414.7335,243.6314,439.8047,243.6287,439.6108,208.7636,407.7221,208.3940,407.9872,203.6858,434.6004,203.5994,434.7461,228.7063,359.6172,228.4081,359.8784,393.5430,409.8102,393.6272,409.5535,357.9459,375.7495,357.7933,389.4058
348.3985,429.7129,348.5547,429.8140,351.7550,448.9470,351.9987,435.1336,178.5513,399.8800,178.6263,400.1318,78.6598,399.7513,78.2610,399.8786,393.5358,389.9954,393.3217,390.1876,248.2914,414.9801,248.3434,415.2757,243.5909,439.8839,243.6128,440.0102,208.4385,407.7283,208.5776,407.8736,203.6055,434.8737,203.4391,434.6995,228.5243,359.9853,228.1110,360.0209,393.3278,409.7233,393.3500,410.2142,358.0891,375.8195,357.9132,389.7712
348.4812,430.3682,348.5035,429.8966,352.2462,449.1520,351.9542,435.1847,178.5219,400.0218,178.3872,400.0518,78.5084,400.0806,78.5417,400.2674,393.3260,390.5380,393.4869,390.2259,248.2323,415.2695,248.4636,415.0937,243.4593,440.3428,243.6095,440.0440,208.6115,408.1936,208.4702,408.2151,203.2580,435.1434,203.6374,435.2439,228.6210,360.2018,228.5555,360.4255,393.6089,410.1286,393.6641,410.1598,358.0299,375.9515,357.8151,389.6843
348.4427,430.2442,348.7687,430.5736,352.4409,449.6465,352.5891,436.1426,178.4395,400.4593,178.2379,400.4350,78.6633,400.2638,78.3996,400.2753,393.8969,390.3856,393.5152,390.1024,248.7224,415.2342,248.5159,415.3901,243.6263,440.0530,243.6910,440.1110,208.4547,408.5939,208.6584,408.3753,203.3192,435.1911,203.6322,435.0649,228.4980,360.0477,228.4819,360.2289,393.4773,410.2067,393.2429,410.2953,357.6450,375.7573,357.6398,389.0755
348.7451,430.4777,348.8656,430.5325,353.0856,449.5299,352.8567,437.4378,178.8316,400.5285,178.5016,400.6713,78.7612,400.3673,78.8027,400.2765,393.7079,390.4571,393.6648,390.3564,248.4996,415.7368,248.8941,415.3039,243.5668,440.5770,243.4582,440.3321,208.5578,408.4950,208.6583,408.4831,203.4839,435.5061,203.6720,435.3903,228.5849,360.8154,228.6676,360.6857,393.5300,410.4356,393.8358,410.3580,356.9767,375.2902,356.9125,387.6020
348.7975,430.5127,348.8118,430.6250,353.9442,450.2901,353.9599,439.5276,178.8512,400.4816,178.8502,400.5018,79.1543,400.8945,79.0649,400.5535,393.6768,390.7118,393.7718,390.5595,248.8225,415.7658,248.5408,415.7046,244.0112,440.5008,243.5115,440.6100,208.8216,408.5882,209.1065,408.5351,203.8474,435.7185,203.7696,435.8648,228.9746,360.6211,229.1786,360.5510,393.9088,410.6291,394.0870,410.8518,356.1530,374.8025,356.1238,385.3544
349.1988,430.9642,348.9419,430.6692,354.9292,451.1580,354.7614,442.3196,178.9455,400.9405,178.8225,400.6644,79.3829,401.2149,79.1974,400.8362,394.0235,390.9145,393.7282,391.0179,248.9019,415.7426,248.9725,415.7193,243.8329,440.7359,244.2387,440.8973,208.8235,408.8594,209.0616,408.7064,203.3489,435.7424,204.0956,435.7167,229.0730,360.8016,228.9143,360.7710,394.1276,410.9355,393.7950,410.6295,354.9797,374.0335,355.3143,382.8069
349.3909,430.8758,349.1352,430.7582,355.8341,452.1964,356.0231,445.3198,179.2665,400.9582,179.6146,400.9164,79.2216,400.9307,79.4439,400.9340,394.4840,390.5285,394.4111,390.9182,249.1865,415.9366,249.4538,415.5516,244.4715,440.9992,243.9260,440.4985,209.4713,408.9435,209.3735,409.0066,204.3606,436.0322,204.0970,436.0621,229.2835,360.6762,229.0885,360.9054,394.2691,411.1717,394.1882,410.8637,353.9337,372.7260,354.0284,379.7400
349.5962,431.0111,349.5924,430.6745,357.4051,453.2650,357.2719,448.8048,179.3872,400.8128,179.4586,400.9840,79.6668,401.2199,79.9342,401.2578,394.5019,390.6128,394.4107,390.8266,249.6106,415.7889,249.6243,415.9755,244.3624,440.9075,244.4265,440.8753,209.4004,408.8867,209.4557,408.9831,204.4435,436.2604,204.3211,436.2197,229.4165,360.8310,229.4459,360.9653,394.3849,410.8803,394.6199,411.1167,352.3426,371.7969,352.2425,376.2919
349.7449,431.1101,349.9577,431.0563,358.8691,454.4011,359.0127,452.6110,180.0131,400.9780,179.6975,400.9149,79.9141,401.1492,79.8895,400.9136,395.1591,390.6325,394.9254,390.9911,249.7284,416.1510,250.0410,415.8783,244.6846,441.1303,244.8976,440.7863,209.6659,408.9324,209.8664,409.0365,204.7812,436.1314,205.0697,436.1389,229.6617,361.0673,229.7392,361.1283,394.6595,410.7222,395.0628,411.1773,350.8663,370.7943,350.9889,372.3807
350.1126,430.9560,349.9599,431.0353,360.2339,455.6406,360.5135,456.7683,180.2369,400.8678,180.0692,401.1653,79.9941,400.8275,80.1129,400.9579,395.2164,391.0365,395.3607,391.1116,250.0801,415.9826,250.0959,415.9573,245.2702,441.0068,245.1368,440.7655,209.9843,408.9846,209.8893,409.1992,205.0328,435.9878,205.0697,435.8686,229.9246,360.9866,230.1921,360.9898,395.2343,410.7082,395.0878,411.1479,349.5986,369.5719,349.4834,368.6882
350.5419,430.9472,350.2148,431.0284,362.0185,456.7101,362.0991,459.7430,180.4204,400.9976,180.0435,400.9554,80.2650,400.8513,80.5163,401.0086,395.4907,391.1738,395.5551,391.0700,250.4690,415.8968,250.5126,415.9098,245.7309,441.0143,245.5662,440.7827,210.3752,408.9670,210.4252,408.9796,205.3929,435.9734,205.5522,436.0103,230.5783,361.2588,230.3372,360.8796,395.4462,410.9467,395.1615,410.8081,348.1058,368.3415,348.1956,364.8586
350.4832,430.7818,350.6647,430.8191,363.4969,457.6789,363.3059,463.3975,180.5991,400.7716,180.6241,400.9426,80.4560,400.7215,80.5807,400.7126,395.6158,390.9864,395.5185,391.0677,250.7024,415.9692,250.8417,415.8511,245.7751,440.6808,245.9131,440.9500,210.9395,408.6905,210.7343,408.8058,205.6688,436.0446,205.9453,435.7574,230.3423,360.8868,230.7217,361.1728,395.8930,410.9702,395.3756,410.9829,346.5719,367.5048,346.3188,361.6314
350.9528,430.9097,350.7933,430.9808,364.6270,458.7322,364.7925,466.5655,181.0185,400.7057,181.0702,400.9115,80.7426,400.6254,80.6684,400.9240,395.7495,390.8142,395.7950,390.7789,250.9655,415.6829,250.9127,415.7641,245.9063,440.5873,246.0065,440.7607,210.9442,408.8208,210.7956,409.1024,206.0033,435.8196,205.9479,435.8158,231.0944,360.7801,230.6894,360.8612,396.0615,410.9241,395.7272,410.7823,345.3646,366.5088,345.4225,358.1136
350.9906,430.5986,351.2461,430.7195,365.8840,459.4104,365.6405,469.4217,181.0472,400.4095,181.0668,400.7720,81.0471,400.5599,81.1859,400.7924,395.8969,390.7487,396.2523,390.9193,250.9335,415.8201,250.8164,415.5197,246.0228,440.5855,246.0641,440.8716,211.2920,408.6996,211.0098,408.8715,205.9911,435.5348,206.1825,435.4880,231.1798,360.4014,230.7060,360.4743,396.0343,410.5379,396.2709,410.6734,343.9886,365.4806,344.2496,355.4198
351.2987,430.4696,351.0957,430.4899,366.8844,460.4155,366.6599,471.8265,181.4431,400.1415,181.3603,400.5298,81.1117,400.6662,81.2570,400.4126,396.2907,390.6588,396.0862,390.4162,251.4026,415.5463,251.2068,415.6647,245.9745,440.4737,246.3873,440.7156,211.2404,408.7277,211.0223,408.6222,206.4586,435.5097,206.4083,435.4370,231.4677,360.2829,231.3500,360.5294,396.1810,410.5374,396.3422,410.6535,343.5908,364.9188,343.0257,353.3294
351.2083,430.4088,351.6545,430.4875,367.5166,460.6540,367.3690,473.7813,181.5492,400.6048,181.4746,400.7740,81.1475,400.3672,81.4239,400.5063,396.2882,390.3779,396.4450,390.1555,251.4737,415.4770,251.3620,415.2490,246.2734,440.2095,246.6433,440.4927,211.3874,408.5127,211.2411,408.5513,206.4254,435.5503,206.2364,435.4704,231.4411,360.3769,231.2691,360.4017,396.4618,410.4338,396.3373,410.3819,342.4027,364.3939,342.8544,351.5772
351.4545,430.1601,351.5759,430.4923,367.8647,461.1139,367.9648,474.5129,181.6382,400.1572,181.5433,400.3199,81.6182,400.3394,81.5296,400.0061,396.6404,390.0265,396.7918,390.1671,251.2490,415.3032,251.6916,415.2396,246.6365,440.0628,246.4032,440.3912,211.3773,408.2911,211.2122,408.1126,206.6997,435.2951,206.3578,435.0657,231.5620,360.1673,231.4967,360.1578,396.4032,410.1618,396.2989,410.1719,342.2153,364.1058,342.0375,350.1513
351.5003,430.0096,351.3771,429.9021,367.8273,460.9570,368.0274,474.7401,181.3089,399.9438,181.4506,399.9593,81.6200,400.3236,81.6052,400.1119,396.6886,390.3743,396.3420,389.9446,251.5885,415.1400,251.5590,415.2797,246.4360,439.8668,246.5641,440.2593,211.7733,408.2819,211.4834,407.5976,206.6083,434.9690,206.6228,434.9827,231.5337,359.9643,231.5105,359.9745,396.4379,410.2687,396.5684,409.8779,341.9039,363.9625,342.1409,349.8147
351.4163,429.8935,351.6109,429.5759,367.7149,461.0407,368.0209,474.5005,181.6381,399.7092,181.2895,400.0908,81.4367,399.5995,81.3220,399.8887,396.7254,389.9588,396.7671,389.9910,251.2914,414.5591,251.5737,415.0182,246.4253,439.8278,246.5691,439.8561,211.4736,407.7483,211.3182,407.6957,206.5153,434.8889,206.5211,435.0343,231.4105,359.5369,231.3988,360.2024,396.3910,409.7072,396.8074,409.6550,342.2366,364.2310,342.1375,350.3442
351.4992,429.5052,351.2395,429.5980,367.7629,460.4625,367.3365,473.6662,181.2714,399.4097,181.4301,399.6103,81.2861,399.6393,81.2577,399.4536,396.2119,389.4773,396.4487,389.5968,251.2048,414.5739,251.3685,414.6910,246.3788,439.3880,246.4056,439.6299,211.3828,407.7312,211.4563,407.6634,206.5638,434.9168,206.2954,434.7625,231.7827,359.5481,231.4891,359.5549,396.2519,409.7333,396.2941,409.7190,342.7243,364.4461,342.4543,351.2423
351.2753,429.5422,351.2526,429.5456,366.7462,460.0841,366.5139,471.8316,181.3275,399.4637,181.1988,399.6473,81.2444,399.6930,81.4201,399.2089,396.4483,389.3258,395.9336,389.6388,251.1871,414.5478,251.3269,414.5756,246.3157,439.5344,246.2340,439.4639,211.2783,407.5498,211.4612,407.4677,206.1262,434.2779,206.3859,434.4307,231.0112,359.3615,231.1149,359.5071,396.3619,409.2733,396.0024,409.5507,343.4731,364.8239,343.2811,353.1722
350.9367,429.2638,351.1351,429.2679,365.7504,459.1880,366.0395,469.2342,181.1830,399.3108,180.7344,399.2742,80.7068,399.5136,81.2338,399.0436,396.0274,389.2249,396.3132,389.3043,251.3445,414.4466,250.9269,414.2252,246.2316,439.0186,246.0412,439.2669,211.0359,407.3370,210.9036,407.2909,206.1497,434.4099,206.0563,434.1794,231.1936,359.4103,231.3128,359.3561,395.8192,409.1553,395.9607,409.4067,344.4302,365.7093,344.2767,355.3785
350.7871,429.0332,350.9624,429.3436,364.9855,458.4585,364.6494,466.6055,181.1248,399.2551,181.0175,399.2761,81.0156,399.1121,80.9524,399.1632,395.8772,389.1361,395.8470,388.8577,250.8658,414.3344,250.6842,414.2466,246.1005,438.9885,245.7607,438.9081,210.9274,407.4712,210.9500,407.2415,206.1474,434.2234,205.7337,434.1993,231.0014,359.1763,230.8759,359.2547,395.8467,409.2529,395.9810,409.2775,345.5996,366.3057,345.2590,358.1863
350.5116,428.8847,350.6055,429.3172,363.6149,457.7033,363.5671,463.5911,180.5137,399.1399,180.7203,399.0416,80.4791,398.9104,80.5682,398.7842,395.7458,389.0886,395.5733,388.8833,250.5108,413.9773,250.7641,413.9791,245.6795,439.1565,245.5472,439.1787,210.6862,407.0572,210.5667,407.1556,205.5475,434.0565,205.6346,434.2140,230.5092,358.9853,230.3956,359.0423,395.9192,409.1506,395.6426,408.9966,346.7043,367.6076,346.7513,361.4646
350.2287,429.1482,350.5541,428.9652,362.1215,456.3120,362.1169,459.9878,180.5978,398.9193,180.8110,399.1616,80.1233,399.0358,80.3942,399.3358,395.3429,388.8949,395.3277,388.8873,250.3592,413.7696,250.3205,414.0949,245.2758,439.0322,245.5912,438.8626,210.3362,407.1235,210.2965,407.1827,205.1591,433.9536,205.4406,434.0941,230.3822,359.0111,230.3302,359.1730,395.3499,408.9294,395.1915,409.0152,347.7945,368.4055,348.0162,364.8629
350.3662,429.2333,349.9648,428.7074,360.6905,455.3249,360.6133,456.3176,179.9164,399.2383,180.1290,399.2356,80.1778,399.0840,79.8794,398.9885,395.0380,388.5741,395.1165,388.7237,250.0158,414.0076,250.0184,413.8409,245.3043,439.1604,245.0019,439.0887,210.2391,406.8830,210.2144,406.6627,205.0016,434.0265,205.0860,434.1623,230.1287,358.9078,230.0633,358.9164,395.3180,409.2099,395.2074,408.9513,349.4530,369.5961,349.3834,368.8417
349.9945,429.0229,349.6608,429.0133,359.0237,454.2748,359.1894,452.4920,179.9101,398.9717,179.8457,398.9912,79.6631,398.9285,79.8275,399.1392,394.6221,388.9352,394.8691,389.1257,249.8941,414.0207,250.0271,413.9395,244.9145,439.1647,244.6168,439.2678,209.9381,407.0725,209.5719,407.0212,204.9403,433.9694,204.8411,433.9043,229.5700,359.0954,229.7871,358.9711,394.5977,409.1793,394.6918,408.9877,350.8865,370.6512,351.1392,372.7404
349.4400,429.0397,349.5888,429.2404,357.3892,453.0623,357.1671,448.8746,179.5493,399.0959,179.6091,399.2473,79.4538,399.1277,79.4488,399.2304,394.1959,388.9421,394.4088,389.0609,249.7013,414.2720,249.2247,414.1429,244.4365,439.0258,244.4969,438.9594,209.5535,406.5158,209.7023,406.9061,204.5228,434.0237,204.5356,433.7224,229.7373,359.1706,229.5504,359.2621,394.8899,409.5657,394.4361,409.0269,352.4140,371.8908,352.4281,375.9509
349.3833,429.2551,349.2509,429.2297,356.1926,452.1379,356.3231,445.3822,179.4865,399.3430,179.2049,399.1142,79.3576,399.1785,79.1941,399.1635,394.0149,389.0397,394.3576,388.9725,249.2333,414.0693,248.9789,414.0397,244.4306,439.1142,244.3984,439.2213,209.3634,407.2583,209.2921,407.3573,204.4216,434.3696,204.4040,434.0312,229.0152,359.0813,229.4223,359.2959,394.2176,408.8115,394.0526,409.0298,353.7135,372.8295,353.7073,379.7656
348.9544,429.1823,349.0956,429.2080,355.0450,451.3995,354.8365,441.9166,179.1898,399.2998,178.9718,399.1023,79.1332,399.6109,79.2213,399.2825,394.2490,389.4488,394.1097,389.1290,248.9188,414.0378,249.0562,414.2954,244.1778,439.3732,244.2045,439.2577,209.4420,407.1290,209.0743,407.2908,203.9445,434.1991,204.1061,434.1042,229.0070,359.2372,228.9462,359.0243,394.1118,409.0415,394.2261,409.3790,355.1196,373.9436,355.2528,382.6789
348.9290,429.3256,348.5720,429.3351,353.8149,450.3719,353.9057,439.6011,178.8607,399.3058,178.9637,399.1767,79.0385,399.3103,78.7782,399.4046,394.0301,389.3567,393.7458,389.4168,248.9550,414.3600,248.7290,414.3374,243.8548,439.2737,243.7302,439.5043,209.2544,407.2455,208.8968,407.3526,204.0372,434.5817,203.8058,434.3202,228.6436,359.5199,228.7963,359.4147,393.9502,409.4124,393.4133,409.5300,356.1687,374.5113,356.0781,385.8395
348.4950,429.6073,348.6432,429.7231,352.8686,449.5590,352.7687,437.2308,178.6912,399.5004,178.6873,399.5477,78.4928,399.6928,79.1687,399.6651,393.8697,389.6561,393.3226,389.6408,248.5629,414.6886,248.5973,414.5885,243.4125,439.5984,243.8120,439.3945,208.4993,407.6390,208.9675,407.5125,203.6869,434.3090,203.5917,434.5742,228.9605,359.4893,228.7830,359.7043,393.7689,409.5993,393.6618,409.3845,356.8653,375.2716,356.9419,387.4336
348.7113,429.5426,348.5817,429.6347,352.3951,449.3995,352.4646,435.9963,178.6188,399.9625,178.5252,399.4739,78.0995,399.7906,78.4088,399.8163,393.7396,389.4378,393.5241,389.3420,248.4534,414.5446,248.5914,414.6385,243.7333,439.5418,243.9552,439.6478,208.5666,407.7549,208.4127,407.9842,203.3854,434.8634,203.6135,434.7585,228.4592,359.7277,228.7828,359.7375,393.3144,409.7882,393.5751,409.3678,357.6812,375.8568,357.6343,388.6748
348.6605,429.9372,348.2307,430.3010,352.1352,448.8700,351.9220,435.2370,178.5210,399.7577,178.5332,399.9934,78.2041,399.8113,78.5466,399.8226,393.2019,389.9522,393.4935,389.8617,248.3012,414.8740,248.1186,414.9307,243.8111,439.8993,243.2798,440.1259,208.4255,407.8431,208.7588,408.0815,203.7522,434.9450,203.6054,434.8168,228.4366,360.1574,228.5848,359.8628,393.6047,409.8753,393.6846,409.9607,357.9672,375.9673,358.1916,389.6076
348.6121,430.2106,348.8366,429.9611,351.7774,449.0753,351.8436,434.9193,178.4105,400.0704,178.4058,400.1173,78.1973,399.9310,78.5599,400.3813,393.5221,390.0492,393.5368,389.9776,248.4728,414.9786,248.5152,415.0779,243.4403,440.1152,243.4808,440.2337,208.4425,408.2364,208.6491,408.1040,203.5652,434.8718,203.2580,435.0442,228.5020,360.2926,228.3379,359.9277,393.6990,410.0193,393.5642,409.9928,357.7931,376.1251,357.7390,389.8229
348.6847,429.9596,348.9272,430.3639,352.3624,449.4518,352.4713,435.4923,178.5715,400.0100,178.6271,400.2470,78.2834,400.1610,78.4817,400.1884,393.5341,390.1147,393.4610,390.2037,248.6479,415.1764,248.5651,415.3654,243.6329,440.2925,243.3050,440.1826,208.8833,408.3263,208.6632,408.1745,203.5252,435.3289,203.8115,435.2644,228.4442,360.4311,228.6199,360.2302,393.7279,410.2350,393.5597,410.0643,358.1173,375.6561,357.6329,389.2775
349.0142,430.2780,348.7118,430.3182,352.6495,449.6064,352.6364,436.8553,178.8543,400.6197,178.7484,400.5467,78.6962,400.4033,78.7012,400.5570,393.7023,390.7777,393.6668,390.2027,248.8460,415.5177,248.6934,415.6695,243.8531,440.3905,243.5415,440.3364,208.6588,408.3127,208.6637,408.3060,203.6136,435.3822,203.7568,435.6224,228.7075,360.6328,228.2804,360.4018,393.4856,410.2232,393.6244,410.3139,357.1112,375.2892,357.0928,388.1193
348.6679,430.4006,348.6906,430.5088,353.7925,450.2172,353.7523,438.6585,178.8745,400.5926,178.7456,400.4330,78.3628,400.7085,78.8422,400.3968,393.9231,390.6904,393.7951,390.5853,248.7723,415.6211,248.8388,415.6701,244.0110,440.6171,243.8189,440.8808,208.8383,408.5824,208.8280,408.5900,203.5411,435.4372,203.9349,435.7096,229.1356,360.7025,228.9172,360.3037,394.0747,410.8335,394.0797,410.5945,356.1464,374.7620,356.4020,386.1887
349.0666,430.8108,348.7801,430.7715,354.6001,451.0141,354.7892,441.2690,179.2002,400.4956,179.0277,400.8380,79.0631,400.8369,78.9088,400.6009,394.1282,390.6390,394.1361,390.7812,248.8588,415.6650,248.8424,416.1102,244.0803,440.9392,244.0634,440.6198,208.7829,408.4208,208.9456,408.6250,204.1075,435.7847,203.8042,435.6966,228.8724,360.9742,228.8946,360.7822,394.2635,410.2967,394.1058,410.6597,355.6379,374.1690,355.3307,383.5864
349.3779,431.1072,349.2131,430.8168,355.8111,451.8624,355.7270,444.2167,179.2506,400.8582,179.0671,400.6864,79.1614,400.6015,79.1522,400.8559,394.1920,390.8224,394.1435,391.2062,249.3683,415.7283,249.2300,415.8273,244.1895,440.8207,244.1865,440.9369,209.2218,408.9812,209.1669,408.9820,204.4401,435.7774,204.2722,435.8323,229.2227,361.1211,229.4147,360.7787,394.1492,410.7882,394.3012,410.9054,354.2753,373.1041,354.2686,380.5211
349.3710,431.0787,349.6487,430.8021,356.9926,452.7576,356.8747,447.9004,179.4861,400.8535,179.4164,400.7848,79.3561,401.1994,79.3788,400.9203,394.5808,391.0668,394.2400,391.1064,249.4953,416.0722,249.4340,416.1417,244.3463,440.7618,244.0569,441.0220,209.2828,408.7645,209.2748,408.8431,204.5298,436.0455,204.3653,436.1563,229.4356,360.7948,229.3371,361.1657,394.2757,411.0798,394.5291,410.9791,353.2404,372.2474,353.0411,377.2482
349.8531,430.7177,349.7758,430.9231,358.3528,453.8238,358.6028,451.0899,179.7416,400.8578,179.8225,400.8653,79.8876,401.0234,79.5403,400.9903,394.5603,390.8900,394.4935,391.1801,249.5442,415.9595,249.6909,416.0875,244.8162,440.7981,244.9469,440.8869,209.8658,408.8749,209.5744,409.2012,204.8606,436.1917,204.6701,435.9643,229.5823,360.9175,229.7667,361.0593,394.8511,410.9813,394.4334,410.8756,351.4240,370.8724,351.5443,373.9921
350.0179,430.9481,349.9920,430.9418,359.9511,455.0622,359.9421,455.1686,179.7833,400.6495,180.1051,401.0544,80.0454,400.6397,79.9246,400.9404,395.1359,390.9270,395.1758,391.0946,249.7835,416.0740,250.0030,416.1263,244.8488,441.0472,244.9352,441.0713,210.1927,408.8944,209.9991,408.9882,205.1691,436.1535,205.2416,435.9763,230.3151,360.9421,230.1257,361.0948,394.7322,410.9341,394.7786,411.0215,350.1168,369.9222,349.8793,369.8553
350.3493,430.9509,350.5293,430.9315,361.8596,456.0075,361.6772,458.7952,180.2506,401.0409,180.4418,400.7905,80.2534,400.9756,80.2949,400.9603,395.2274,390.8547,395.2285,390.9895,250.2026,416.1511,250.3327,415.9700,245.2318,440.9319,245.2823,440.9178,210.2907,408.8537,210.5692,409.3037,205.2600,435.9260,205.4260,436.0408,230.1613,361.0873,230.4327,360.9309,395.4161,411.1730,395.1011,411.0140,348.6290,368.9313,348.4554,366.5668
350.3470,431.2688,350.5423,430.7799,362.8546,457.1064,362.7374,462.7751,180.3227,400.7803,180.4308,401.1493,80.5348,401.0989,80.5319,400.9779,395.6953,390.9577,395.4642,390.8262,250.7276,415.7865,250.6475,415.8647,245.5900,440.6778,245.4743,441.0018,210.8377,408.9041,210.6808,408.9349,205.4236,436.1047,205.5821,435.8967,230.5545,360.8288,230.8348,360.9357,395.4179,411.0579,395.5501,410.7015,346.8037,367.7132,347.0629,362.7012
350.7204,430.7897,350.6285,430.8346,363.9677,458.1292,364.2813,465.7717,180.8173,400.7598,180.9884,400.6531,80.7554,400.8495,80.8539,400.9114,395.9475,390.9648,395.7364,390.8050,250.8275,415.6014,250.8122,415.8685,245.8133,440.5284,245.7874,440.8176,210.7514,408.7926,210.7527,408.9744,205.7713,435.9243,205.8066,436.0433,230.7360,360.8186,230.9054,360.9340,395.7793,410.8454,395.8995,410.8333,345.7050,366.9065,345.8959,359.5410
350.8417,430.8696,350.9537,430.8869,365.5702,459.0982,365.5139,468.7579,181.1173,400.7977,181.1463,401.0135,80.8316,400.5908,80.9671,400.8493,395.9545,390.9250,395.9672,391.0453,250.9815,415.5192,250.8760,415.6900,246.1763,440.8457,246.0595,440.8750,210.7764,408.8891,210.8700,408.8482,206.0617,435.7333,205.9988,435.6976,230.8553,360.7201,230.9286,360.6085,396.1472,410.6178,396.1090,410.6565,344.5565,365.9650,344.5657,356.4214
351.3203,430.5617,351.3266,430.6028,366.5499,459.9036,366.6537,471.3816,181.0737,400.7886,181.3631,400.9881,81.1986,400.6542,81.1476,400.5571,396.1467,390.6217,396.2063,390.5273,251.1302,415.5730,251.4492,415.4583,245.9707,440.2875,246.1405,440.6446,211.2179,408.6683,211.0620,408.6940,206.2541,435.6385,206.2737,435.7476,230.7496,360.6644,231.1005,360.5043,396.1995,410.6053,395.9939,410.5698,343.5349,365.1710,343.6079,353.7183
351.2708,430.3671,351.4624,430.3636,366.8941,460.1955,367.3568,472.9003,181.6362,400.5111,180.9910,400.4852,81.3083,400.4588,81.4674,400.5679,396.1502,390.4044,396.6725,390.3924,251.4432,415.4648,251.1838,415.5428,246.1394,440.7134,246.1317,440.2441,211.1779,408.5248,211.3294,408.5042,206.1380,435.6585,206.3748,435.3883,231.3296,360.1175,231.4107,360.3812,396.4653,410.5650,396.3366,410.3224,342.6980,364.4647,343.1071,351.9471
351.4254,430.2378,351.5061,430.4005,368.0599,460.9264,367.8005,474.2575,181.4384,400.5111,181.4815,400.1751,81.4304,400.3827,81.4340,399.9721,396.2922,390.2115,396.2672,390.1754,251.5821,415.2737,251.4967,415.0550,246.5294,440.3870,246.3336,440.4000,211.6247,408.0616,211.8344,408.0837,206.3661,435.2591,206.2973,435.2784,231.2760,360.1292,231.6688,360.1661,396.4194,410.2873,396.4705,410.3643,342.3246,363.9421,342.5205,350.7909
351.2130,430.1205,351.2186,430.2841,368.0641,460.7104,367.7164,475.2825,181.4889,400.0638,181.6541,400.1051,81.4581,400.2266,81.5038,400.2572,396.3641,390.0732,396.5222,390.0849,251.2135,414.9077,251.3031,414.9554,246.6785,440.0496,246.3949,439.7931,211.4068,407.9040,211.4725,408.1125,206.4922,435.2103,206.5032,435.2124,231.7273,360.0054,231.5035,360.1183,396.4511,410.0488,396.3435,409.9752,342.1865,364.0125,341.8380,349.8549
351.0979,429.8277,351.4337,429.8200,367.9028,460.9101,367.8356,474.8490,181.6354,399.7657,181.7111,399.9203,81.7022,400.0070,81.3644,399.8850,396.4925,389.8462,396.2598,389.6081,251.6251,414.8123,251.3850,414.7161,246.4398,440.0419,246.8748,439.7037,211.2535,407.7596,211.7440,407.9716,206.3566,434.7345,206.4397,434.7407,231.3122,359.9386,231.6677,359.7932,396.5286,409.8234,396.4490,409.8366,342.1128,364.0386,341.9312,350.4148
351.2729,429.8194,351.6419,429.8615,367.7704,460.6543,367.7059,473.8204,181.4833,399.8609,181.5566,399.8455,81.3205,399.6744,81.4290,399.8361,396.5801,389.8520,396.4050,389.4138,251.2828,414.5351,251.6708,414.7365,246.4094,439.7221,246.4745,439.7447,211.3822,407.4547,211.5240,407.4836,206.2923,434.7665,206.6634,434.8982,231.6166,359.5159,231.5284,359.6376,396.4972,409.9002,396.5361,409.4743,342.5809,364.3487,342.4668,350.8378
351.0327,429.5405,351.2163,429.4805,367.0446,460.3389,367.1169,472.5383,181.3999,399.4125,181.1861,399.4061,81.0526,399.4037,81.2235,399.6140,396.4071,389.6953,396.3237,389.3649,251.5232,414.7760,251.3750,414.5289,246.2590,439.4567,246.0307,439.7295,211.2502,407.5258,211.2416,407.9564,206.2930,434.5738,206.1345,434.6595,231.4372,359.3394,231.4720,359.5805,396.0031,409.5498,396.1211,409.4288,342.9270,364.9635,342.9427,352.7361
351.4672,429.4759,351.2872,429.4866,366.2471,459.4445,366.2363,470.5503,181.3550,399.2016,181.3573,399.1765,81.1899,399.6121,81.3011,399.3408,396.1536,389.5409,396.0230,389.4407,251.1518,414.3251,251.2815,414.5748,245.9372,439.2377,246.3030,439.2693,211.1893,407.5602,211.2882,407.3224,206.0716,434.4467,206.1040,434.3708,230.9694,359.2288,230.9856,359.3716,395.9127,409.1639,396.1185,409.1093,343.9804,365.5195,343.9125,354.7736
350.8129,429.2026,351.2646,429.0595,364.9312,458.8330,365.3314,467.9283,180.9614,399.0707,181.0473,399.4880,80.9153,399.3487,80.9158,399.0270,396.1183,389.3294,396.1533,389.2187,250.8630,414.4953,250.9300,414.7183,245.9912,438.9126,245.9534,439.2807,210.8519,407.4043,211.0260,407.3491,205.9200,434.3139,206.1062,434.0908,230.9545,359.0180,231.0999,359.2462,396.0048,409.2405,396.1217,409.2191,344.5846,366.1498,345.0424,357.1347
350.6756,428.9462,350.4806,429.2399,364.0871,457.7779,363.8792,464.7097,180.5440,399.1159,180.5429,398.9623,80.6212,398.9195,80.8084,399.1217,396.0932,388.9800,395.9109,389.0868,250.5860,414.0904,250.7829,414.0470,245.5541,439.0076,245.6545,439.1212,210.7135,407.0923,210.7880,407.3794,205.7811,433.8343,205.7828,434.0213,230.8364,359.1745,230.7727,358.8980,395.8166,409.1631,395.4462,409.1013,346.1486,367.0155,345.9877,360.2336
350.3596,428.8323,350.6255,429.0911,362.4521,457.0602,362.4996,461.1112,180.4645,399.0239,180.3199,398.9935,80.5912,398.7707,80.4330,398.8630,395.1725,388.9532,395.6623,389.0038,250.5219,414.0962,250.3371,414.0422,245.3462,439.0612,245.3444,439.0088,210.7207,407.1018,210.6963,407.1971,205.3952,434.3692,205.6848,433.9192,230.5678,359.3828,230.3437,358.9464,395.4176,409.0224,395.4932,409.0187,347.5171,368.1713,347.4553,363.8547
349.7480,429.0310,349.9999,428.9432,360.7421,455.9166,361.1541,457.5661,180.0529,399.0797,180.1002,398.9340,79.9619,398.7879,80.3793,398.8878,395.0718,389.1306,395.0387,389.1641,250.0732,413.9027,250.3260,414.2426,245.0983,438.7900,245.0351,438.8912,210.2055,406.8806,209.9872,407.0736,204.9775,433.9308,205.2254,433.9851,230.1957,359.0558,230.3445,358.9640,395.1572,409.0323,395.3276,408.7403,348.9492,369.3386,349.0820,367.4060
349.6530,429.1039,350.0622,429.0084,359.2836,454.3285,359.5906,453.7119,180.0563,399.0779,179.6477,399.1210,79.9576,398.9343,79.8885,398.9530,394.7959,388.7923,394.6614,388.7631,250.0064,413.8327,249.8628,414.0575,244.9944,439.0192,244.9643,438.9127,209.9375,406.9506,209.9439,407.1198,204.9291,434.0223,204.8630,434.0703,229.8176,359.0231,230.0410,358.7176,394.7446,408.7885,394.6545,409.0720,350.2322,370.4966,350.4040,371.4709
349.6864,428.7121,349.6949,429.0893,357.6869,453.5155,357.7614,449.9252,179.5585,398.9278,179.5367,399.3209,79.8370,399.2941,79.8916,399.0434,394.5547,389.1593,394.8306,388.9460,249.6491,414.1205,249.4902,413.9606,244.7167,439.1014,244.6146,438.7628,209.7425,407.1761,209.4390,406.7240,204.7586,433.6977,204.8289,433.8646,229.8233,359.4269,229.4645,359.0170,394.5512,408.8347,394.5845,409.0246,351.9556,371.3959,352.2092,374.6850
349.4189,428.8339,349.1506,429.0905,356.5513,452.4317,356.5563,446.5393,179.0703,399.1547,179.6314,398.7006,79.3909,399.1559,79.2210,399.1523,394.3461,389.1662,394.2507,389.1731,249.4279,413.9181,249.6062,414.1897,244.3029,439.0869,244.2529,438.8466,209.0878,407.2295,209.1558,406.8785,204.3593,434.0411,204.4050,434.1513,229.4833,359.2366,229.4593,359.0118,394.4367,408.8504,394.3755,409.2613,353.2936,372.8319,353.3635,378.7060
349.0816,429.0897,349.0003,429.0357,355.0642,451.4645,355.5053,443.6053,179.0214,399.1508,178.9888,398.9845,79.0661,399.0055,79.2602,399.2828,394.0888,389.4615,394.3259,389.3542,249.0495,414.3454,248.9859,414.1311,244.1528,439.1505,244.0916,439.4582,209.0156,407.3460,208.9786,407.1294,204.2908,434.3344,204.2351,433.9786,228.8957,359.2108,228.9848,358.9518,394.3310,409.3649,394.0124,409.1393,354.6636,373.6598,354.9444,381.8871
348.9269,429.1614,348.6236,429.3147,354.0906,450.8381,354.2946,440.3508,178.9971,399.0577,178.8652,399.1793,78.9335,399.4571,78.7388,399.3021,393.7931,389.2506,394.1841,389.3208,249.0278,414.3058,249.0540,414.4214,243.8665,439.2653,243.8164,439.5636,208.8368,407.2564,208.7379,407.1620,203.9586,434.4603,203.9875,434.4583,228.6624,359.5868,228.7745,359.2691,393.9723,409.0867,393.7685,409.2249,355.7164,374.4267,355.8208,384.3053
348.8367,429.2693,348.8421,429.4979,353.2909,449.7336,353.0387,437.8217,178.6125,399.3819,178.5537,399.5140,78.8160,399.5904,78.8902,399.5495,393.8309,389.3727,393.7766,389.4709,248.8688,414.6042,248.6305,414.7444,243.7557,439.3934,243.9744,439.3197,208.6828,407.2143,208.9943,407.4924,203.8157,434.6970,203.7659,434.3567,228.6480,359.5359,228.5781,359.3546,393.5335,409.4454,393.5686,409.5468,356.3661,375.1086,356.7256,387.0639
348.7606,429.4650,349.0136,429.3442,352.5981,449.3332,352.6109,436.3666,178.7031,399.6407,178.7924,399.5169,78.3375,399.8246,78.5611,399.6564,393.6140,389.4773,393.7050,389.5524,248.5931,414.5168,248.6072,414.4110,243.4533,439.7733,243.5351,439.8371,208.5999,407.6073,208.4111,407.7045,203.3650,434.3522,203.6821,434.9215,228.6253,359.7846,228.7662,359.4960,393.6495,409.5820,393.7662,409.5877,357.4675,375.5848,357.4969,388.4899
348.2987,429.9234,348.7947,429.7764,352.1678,449.3013,352.0691,435.3147,178.3434,400.2869,178.7569,399.7379,78.5110,399.6056,78.7213,399.7990,393.4165,389.4981,393.4341,389.9612,248.4429,414.7089,248.8657,414.9515,243.5963,439.7935,243.5342,439.9920,208.4574,407.4941,208.3943,407.8616,203.5402,434.6583,203.3951,434.5570,228.6117,359.7897,228.4219,359.9900,393.8526,409.8638,393.8492,409.7166,357.7554,375.5195,357.6243,389.6700
348.4610,430.1732,348.8200,429.8407,352.2590,449.2548,351.7299,435.0961,178.3110,399.9549,178.5635,400.2022,78.7811,399.8731,78.5809,399.9258,393.3656,390.1675,393.5850,389.8420,248.5378,414.7694,248.3947,414.7330,243.5274,440.0173,243.3946,439.9371,208.2393,407.8374,208.5499,408.0235,203.4984,435.0533,203.5224,434.9729,228.6102,360.0999,228.6923,360.1369,393.5275,409.6907,393.4226,410.1349,358.1375,376.0719,358.4111,390.0739
348.6275,430.0818,348.6218,430.1757,352.0861,448.9046,352.2395,435.2149,178.6624,400.2927,178.6108,400.1621,78.3970,400.1550,78.7323,400.1236,393.2321,390.1228,393.6546,390.2384,248.6655,415.3330,248.7808,415.2931,243.4272,439.9363,243.5439,440.1313,208.0949,408.1862,208.3737,408.3471,203.4005,435.2618,203.3662,435.2030,228.5207,360.1781,228.6293,360.1129,393.7777,409.9741,393.3055,410.3028,357.6246,376.1113,357.9792,389.7187
348.5129,430.7424,348.7351,430.3511,352.5707,449.3398,352.9680,436.3039,178.6233,400.2147,178.8536,400.2773,78.3149,400.2311,78.4710,400.4520,393.6675,390.0993,393.7652,390.4210,248.7290,415.6099,248.8094,415.5577,243.6791,440.3736,243.6132,440.5683,208.5652,408.2158,208.5458,408.2592,203.3249,435.2455,203.5028,435.3803,228.6117,360.4348,228.6277,360.6736,393.7317,410.4302,393.6097,410.0693,357.6141,375.6410,357.6662,388.6132
348.6073,430.5580,348.8882,430.4486,353.2461,449.4665,353.0824,438.2724,178.6992,400.4166,178.7437,400.6214,78.8062,400.6035,78.9881,400.6082,393.7551,390.4602,393.5398,390.4446,248.6631,415.4395,248.7370,415.7000,243.7441,440.6350,243.3729,440.3930,208.7324,408.6245,208.6762,408.5479,203.7916,435.3425,203.9332,435.4090,228.6502,360.7336,228.7806,360.3708,393.8809,410.2379,393.5782,410.8552,356.9003,375.0490,356.6796,386.7454
348.4690,430.8338,348.7606,430.7770,354.2302,450.7082,354.1500,440.2689,178.9876,400.5097,178.8961,400.8176,78.7922,400.6091,78.7950,400.4218,393.6717,390.5225,394.1913,390.7294,248.9243,415.8407,248.7225,415.5767,243.7741,440.7745,244.2665,440.5147,208.9531,408.6511,209.0130,408.5093,203.7187,435.4805,203.9431,435.7079,228.8580,360.7648,228.8009,360.6473,393.8362,410.3548,393.9642,410.8064,355.8065,374.2305,355.5373,384.4610
349.0936,430.8631,349.1522,430.7593,355.5610,451.5692,355.2240,443.3515,179.2683,400.9094,179.2021,400.7713,78.9398,400.9142,79.2018,401.0496,394.0103,390.8016,394.0715,391.1115,249.2505,415.7417,249.2002,415.8342,244.4429,440.8778,244.0390,440.7850,209.0585,408.9430,209.0189,408.6051,204.2054,435.8543,203.9732,435.8038,229.0255,360.9293,229.1092,360.8497,394.0641,410.9810,394.3875,410.6526,354.4375,373.4787,354.6514,381.7210
349.3453,430.9082,349.3953,430.5916,356.2937,452.6119,356.5876,446.7183,179.3265,400.4710,179.5121,400.8563,79.5024,400.8257,79.4219,400.9153,394.3898,391.0318,394.3730,390.9204,249.2364,415.9723,249.3058,415.9486,244.1827,441.0264,244.4551,441.1124,209.2682,409.0693,209.2451,409.0525,204.3921,435.9669,204.4462,436.0632,229.5385,360.8542,229.3957,361.0323,394.3607,410.9744,394.3635,410.9717,353.5775,372.4584,353.5411,378.7961
349.5211,430.9949,349.6569,431.0483,358.2273,453.3468,357.9705,450.0782,179.7361,400.9260,179.6574,401.1536,79.5998,401.0712,79.6670,400.9771,394.6065,391.0093,394.5083,391.0082,249.6694,415.8137,249.6884,416.0064,244.6633,441.1585,244.9696,441.1232,210.0351,408.8910,209.7317,408.7627,204.4507,435.9984,204.5645,435.9793,229.4305,361.0295,229.4873,360.8651,394.6423,410.9069,394.7339,410.7606,351.8919,371.4682,351.9965,375.0769
349.7834,431.0619,349.7174,430.7161,359.5745,454.3774,359.6252,453.8037,179.9616,401.0582,179.8779,400.9159,80.1037,401.2062,79.8559,400.9509,394.5384,391.0213,394.9690,391.0091,249.9274,416.0386,249.7710,416.1981,245.0445,440.8147,244.6979,441.0615,209.8811,409.1853,209.8129,408.9337,204.8848,435.9268,204.7257,435.9222,229.7706,360.9534,229.9858,361.0152,394.8381,411.1328,394.8995,411.2448,350.3420,370.5158,350.2452,371.4518
350.4490,430.8294,350.3670,431.0043,360.7227,455.5192,361.0213,457.4530,180.0939,400.9924,180.1989,400.9873,80.2206,400.7607,80.3163,400.9055,395.2950,391.1443,395.3023,391.2216,250.1225,416.1137,250.0565,415.9847,245.2168,441.0656,245.1404,441.1000,210.1571,408.9111,210.2971,409.0361,205.0638,435.9735,205.4224,435.9601,230.3314,361.2075,230.1574,361.2660,395.0053,411.4736,394.8818,410.9930,348.8371,369.2803,349.0275,367.2266
350.7039,430.7819,350.7292,430.8611,362.6553,456.9671,362.9513,461.2829,180.5023,400.6955,180.2789,400.7149,80.4089,400.8599,80.4897,400.9199,395.4348,391.1328,395.2353,391.2945,250.3745,415.9749,250.7892,416.0459,245.6834,440.9430,245.2592,441.3004,210.5874,408.9082,210.3205,409.1110,205.5715,435.9287,205.5174,436.0864,230.9054,361.0900,230.5069,360.7882,395.4266,410.6477,395.3913,410.7200,347.2651,367.8654,347.4903,363.4064
350.7343,431.0001,350.9408,430.9135,363.8564,457.6375,363.6710,464.8887,180.6989,400.8136,180.7369,400.8928,80.7547,400.6998,81.0104,400.5854,395.7689,391.1086,395.8115,390.7759,250.9587,415.9785,250.6440,415.7837,245.5596,440.6514,245.5771,441.0682,210.5263,409.0848,210.9096,409.1253,205.8599,435.7934,205.5979,435.6115,231.1752,360.7650,230.8161,361.1109,395.9122,410.8678,395.6362,410.9072,346.2346,367.1541,346.2154,360.5258
351.0579,431.0119,350.8966,430.9497,365.1330,458.8265,365.0840,467.8522,180.9199,400.9160,181.2077,400.6523,80.7150,400.7705,81.0473,400.4964,395.7812,390.7702,395.8362,390.7825,250.9618,415.8874,250.7407,415.8433,245.9231,441.1061,245.9873,440.6574,210.9743,409.0494,211.2849,408.7597,206.0720,435.9214,206.0885,435.9537,230.8403,360.7149,230.7766,360.7028,395.9492,410.3887,395.8694,410.8909,344.7720,366.3152,344.6182,357.3766
350.9149,430.3764,351.0704,430.4598,366.5370,459.5133,366.1750,470.4057,181.2266,400.4221,181.1829,400.5768,81.0626,400.6872,81.1797,400.4220,396.0740,390.7014,396.2302,390.6975,251.3029,415.4380,251.1950,415.5233,246.1675,440.4896,246.1250,440.7661,211.3550,408.3995,210.9911,408.7856,206.0389,435.8380,206.3768,435.6531,230.9394,360.6455,231.1105,360.8772,396.4403,410.7927,396.1313,410.4409,344.0274,365.5392,343.7319,354.6162
351.2377,430.2070,351.4372,430.2397,367.0249,460.1296,366.9686,472.4844,181.0998,400.4018,181.3810,400.5956,81.2780,400.6922,81.3738,400.8268,396.1066,390.7083,396.1905,390.6492,251.4707,415.5707,251.2435,415.6709,246.3020,440.5012,246.4686,440.6696,211.1968,408.6981,211.2989,408.2613,206.1654,435.4204,206.2694,435.5263,231.2192,360.5711,231.6356,360.4928,396.2417,410.4716,396.0751,410.3179,342.7988,364.8160,343.0964,352.5711
351.3815,430.5566,351.5516,430.3328,367.1985,460.6949,367.9658,473.8727,181.6397,400.3693,181.4841,400.2436,81.5283,400.0892,81.4976,400.3995,396.6926,390.3351,396.4455,390.2002,251.6223,415.5210,251.4023,415.5112,246.5510,440.2916,246.3878,440.3901,211.4623,408.1692,211.5620,408.3806,206.4908,435.2003,206.2432,435.1449,231.5566,360.4655,231.5060,360.0810,396.6892,410.1923,396.4147,410.2711,342.4096,364.3582,342.4684,351.0079
351.3950,430.1810,351.5815,430.0153,367.7302,460.8028,367.6932,474.8735,181.8394,400.0687,181.4155,400.3233,81.6381,400.0279,81.6451,400.0715,396.6287,390.0918,396.3277,389.8786,251.4258,415.2536,251.5031,414.9295,246.4247,440.2017,246.4229,440.0640,211.0905,407.9415,211.2362,408.0726,206.6967,435.0501,206.4569,435.0954,231.4029,360.5662,231.4862,360.3667,396.6611,410.0294,396.7374,410.2646,341.9781,363.9969,341.9215,350.1377
351.5359,429.9086,351.3556,430.0613,367.9807,460.9808,367.8600,475.2322,181.4305,399.9865,181.4832,400.0138,81.6223,400.0558,81.5389,400.2444,396.4679,390.0823,396.4843,389.8210,251.4444,414.7135,251.2356,414.8344,246.4458,440.0703,246.4449,439.9568,211.6166,407.8935,211.5291,407.8342,206.4593,434.6919,206.4211,435.3887,231.4894,359.7929,231.4841,359.8657,396.7634,410.0284,396.5759,409.9347,341.8004,363.9987,342.0580,350.0997
351.4917,429.7806,351.7708,429.9481,367.4040,460.7900,367.9408,474.2469,181.3959,399.9626,181.6680,399.7516,81.3718,399.9442,81.4888,399.7396,396.6009,389.8663,396.4121,389.8311,251.5237,414.7932,251.4666,414.6714,246.6834,439.8108,246.5268,439.7237,211.2171,407.6510,211.1781,407.5990,206.5559,434.7022,206.4827,434.8172,231.6685,359.5087,231.5007,359.4896,396.6330,409.7639,396.8515,409.6231,342.2936,364.1154,342.2885,350.6082
351.6020,429.5875,351.1488,429.8123,367.3088,460.4084,367.1405,472.9331,181.1659,399.3328,181.4161,399.8159,80.9894,399.5910,81.3306,399.6978,396.1568,389.5671,396.2738,389.5990,251.2877,414.3629,251.3069,414.5465,246.1420,439.7200,246.3392,439.4211,211.2827,407.4453,211.1923,407.7055,206.4212,434.7200,206.2348,434.3621,231.2765,359.5677,231.5305,359.5356,396.1940,409.3732,396.1859,409.7308,342.8466,364.6875,342.6464,351.7673
351.1507,429.5486,351.4820,429.1845,366.3491,459.9157,366.4983,471.0573,181.0888,399.4043,181.2309,399.4452,81.1466,399.5092,81.5495,399.6989,396.2462,389.5067,396.2805,389.3464,251.0890,414.1875,250.9989,414.4568,246.2253,439.3756,246.2737,439.5649,211.3343,407.3525,211.1972,407.5020,206.5228,434.3019,206.5024,434.6043,231.2630,359.5068,231.5914,359.3979,396.2010,409.2287,396.1886,409.3854,343.5238,364.9402,343.6439,353.8309
351.2323,429.5531,351.1232,429.1425,365.4276,459.0061,365.3844,468.5655,181.0996,399.4682,180.9476,399.2602,80.8056,399.2171,81.2992,399.6286,396.0390,389.2578,396.0046,389.2076,251.0695,414.3295,251.0222,414.1801,245.8236,439.2933,245.8834,439.2596,210.8885,407.2063,210.9860,407.2268,206.3165,434.4494,206.1599,434.1356,231.1171,359.2807,231.0651,359.3037,396.4077,409.2066,396.0342,409.3012,344.5273,366.0388,344.5481,356.2363
350.5325,429.1567,350.8354,429.2093,364.0382,458.1066,364.1403,465.5676,180.8556,398.9833,180.8064,399.1621,80.9688,399.1762,80.9548,399.3229,395.9896,389.3556,395.5045,388.9787,250.7595,414.1300,250.7970,414.1588,245.7046,439.1487,245.6170,438.9441,210.9260,407.2340,210.8762,407.3428,205.9998,433.7756,205.9869,434.2721,231.0149,359.3480,230.8128,359.0729,395.7377,409.6397,395.7183,409.0886,345.8330,366.8534,345.7518,359.1941
350.8458,429.0415,350.7037,429.2021,362.7947,457.3485,362.8621,462.4776,180.4851,399.2602,180.8600,399.2281,80.2043,398.9569,80.2410,398.9596,395.4422,389.0745,395.7194,389.2351,250.5951,414.1677,250.6481,414.0016,245.4129,438.8845,245.3655,439.1298,210.6005,407.0578,210.5265,407.3060,205.4150,433.7020,205.5114,434.2906,230.3493,358.8913,230.3326,359.1760,395.5050,408.9067,395.7402,408.9025,347.1263,367.6995,347.0107,362.7332
350.4660,429.1240,350.4485,428.9671,361.8534,455.8834,361.7283,458.9105,180.4381,398.8142,180.1071,399.0650,80.1250,398.7879,80.2532,398.8329,394.9268,389.1232,395.2958,388.8817,250.4821,414.0796,250.3620,414.0614,245.3586,439.3109,245.0332,438.9972,210.3001,407.1734,210.1944,407.2068,205.0919,434.0292,205.3019,434.0997,230.3099,359.1484,230.3385,359.0197,395.2092,409.1365,395.4614,409.2871,348.5763,368.5839,348.6926,365.9551
349.8760,429.1998,349.9680,428.9480,360.2262,455.0507,359.5939,454.8836,180.1666,399.0450,180.0354,398.8315,80.1263,399.1263,80.1961,399.1449,394.8315,388.9086,394.9807,388.9994,249.8093,413.9795,250.3191,414.1005,245.0346,439.1856,244.9529,438.9496,209.9962,406.8940,210.0851,406.9321,205.1490,434.0206,205.0632,434.1631,229.8601,358.9412,230.0821,359.0396,394.9922,408.9956,395.1624,409.1780,350.1571,370.0626,350.0007,370.1233
349.6469,429.2835,349.5574,428.8915,358.4537,453.8195,358.5348,451.3031,179.7321,398.8561,179.6940,398.8055,79.6962,398.8414,79.7671,398.9087,394.7250,389.0101,394.5228,389.0253,249.8973,414.1174,249.7175,414.1094,244.6075,439.2193,244.6907,438.9731,209.6162,407.0270,209.5047,406.6424,204.7920,433.7330,204.5475,433.9269,229.6801,359.0104,229.6984,359.0593,394.6239,409.3281,394.7320,409.0847,351.6682,370.9991,351.4669,373.7629
349.4080,429.1287,349.4277,429.0229,356.9147,453.1242,357.1371,447.8775,179.6679,399.0140,179.5035,399.1682,79.3771,399.1453,79.4628,398.9323,394.2470,389.0287,394.5814,389.2046,249.2389,414.2570,249.5266,414.2477,244.4264,439.2497,244.5414,438.9513,209.3227,407.0646,209.2667,407.1928,204.3354,434.0466,204.3487,434.1093,229.3081,358.9416,229.2503,358.9804,394.5845,409.1496,394.8144,409.0026,353.0208,372.1747,352.9784,377.4341
349.1355,429.1498,349.3268,428.9027,355.7888,451.7944,355.4394,444.2284,179.2775,399.1346,179.2169,398.8381,79.2889,399.2341,79.5660,398.9709,394.2060,389.1931,394.4419,389.0692,249.3280,414.2047,249.1726,413.8679,244.1521,439.4315,244.2523,439.0927,208.9749,407.2388,208.9968,407.2172,204.2644,434.1187,204.0765,434.1469,229.2134,359.1474,229.2771,359.1376,394.1192,409.1398,394.2130,409.1858,354.1936,373.1425,354.4600,380.7597
349.0383,429.2281,349.1410,429.2553,354.4624,450.7341,354.4795,441.4569,178.9323,399.0381,179.0723,399.2525,78.7991,399.4904,79.0528,399.3181,393.9123,389.2845,394.1371,389.1110,249.1076,414.2825,249.2451,414.4713,244.0094,439.0252,243.6475,439.3367,209.0060,407.3172,209.1544,407.4493,203.9884,434.0718,204.0829,434.2193,229.0034,359.2145,229.0814,359.1663,393.7722,409.2091,394.0249,409.1897,355.2595,374.1451,355.6261,383.5009
349.0320,429.0800,348.6168,429.4137,353.5069,450.3560,353.5640,438.7049,178.6489,399.1334,179.0368,399.2591,78.9013,399.4757,78.7913,399.3142,393.5897,389.5240,393.2388,389.4573,248.8120,414.3465,248.7554,414.2617,243.7854,439.4823,243.8409,439.3480,208.7782,407.3180,208.8981,407.5701,203.6937,434.4645,203.7355,434.5807,228.9324,359.2530,228.5954,359.4375,394.0768,409.4082,393.9421,409.3859,356.6386,374.8433,356.4428,385.9368
349.0243,429.6304,348.7630,429.5143,352.7426,449.4287,352.9062,436.8949,178.5857,399.5242,178.6368,399.6601,78.7428,399.5318,78.7654,399.7178,393.7925,389.6332,393.1705,389.5660,248.7561,414.5698,248.5931,414.6706,243.6266,439.6672,243.8791,439.7942,208.7495,407.7331,208.7975,407.4927,203.3657,434.4084,203.6690,434.7053,228.8292,359.4714,228.6915,359.5702,393.4343,409.4650,393.6542,409.8337,357.2109,375.5671,357.1139,388.2240
348.4472,429.6725,348.5645,429.9958,352.5505,449.2727,352.3449,435.6959,178.6688,399.7620,178.6947,399.8250,78.6183,399.7617,78.7731,399.8653,393.6297,389.5703,393.3247,389.6528,248.6543,414.7892,248.6809,414.6880,243.6884,439.6777,243.8221,439.7752,208.2639,407.6481,208.5640,407.8726,203.5039,434.6107,203.7069,434.5015,228.4441,359.7028,228.4931,359.8126,393.6810,409.7485,393.4631,409.7598,357.6178,375.7799,357.7216,389.2414
348.4794,430.0569,348.3564,429.8342,352.2145,449.0001,351.9749,434.9428,178.4710,399.5972,178.5877,399.8496,78.4588,399.9655,78.7110,399.6839,393.5595,389.8068,393.6229,390.1366,248.4441,414.9743,248.5763,414.9022,243.4804,440.0065,243.5259,439.9157,208.5828,408.0646,208.4097,407.5761,203.9368,434.8792,203.4585,434.8955,228.5142,359.7734,228.5280,359.9357,393.4045,409.9818,393.4510,410.1087,358.1556,376.1241,358.1587,389.7629
348.5772,430.1653,348.4779,429.8191,352.1745,449.1143,351.9147,435.1254,178.6608,400.0199,178.5377,400.3531,78.5194,400.1200,78.7177,400.1059,393.3810,390.1109,393.5770,390.0362,248.4657,415.1326,248.2893,415.2752,243.4382,440.0820,243.2366,440.1154,208.4943,407.9893,208.6217,408.2532,203.6384,434.9862,203.1702,435.1875,228.5615,360.2323,228.3252,360.2025,393.2760,410.1299,393.5779,409.9638,357.8664,376.0688,358.1807,390.1037
348.8088,430.4591,348.7295,430.0424,352.2897,449.3535,352.2085,435.8363,178.2655,400.1670,178.6627,400.1933,78.8017,400.1837,78.5295,400.1918,393.8476,390.2780,393.6154,390.2954,248.4745,415.0246,248.4010,415.5043,243.8442,440.2637,243.5469,440.5126,208.5395,408.5184,208.5013,408.0652,203.5554,435.2379,203.5909,435.3102,228.4347,360.1860,228.3632,360.3573,393.4117,410.4689,393.4500,410.4764,357.5845,375.7698,357.4078,389.0293
348.8773,430.2776,348.3940,430.7474,352.7238,450.0114,353.1186,437.3131,178.8517,400.5615,178.7100,400.2446,78.7287,400.5921,78.6683,400.2477,393.7005,390.3869,393.7185,390.3518,248.6043,415.9111,248.8192,415.5212,243.6272,440.6844,243.5103,440.4879,209.0251,408.6163,208.5163,408.4461,203.6672,435.3275,203.8475,435.5125,228.6992,360.2836,228.7830,360.3790,393.8490,410.2071,393.4953,410.5104,357.0946,375.1430,356.9830,387.4611
348.9978,430.4925,349.0497,430.9916,354.0091,450.4322,353.6257,439.5143,178.8157,400.3876,178.6071,400.7283,78.8751,400.6095,78.7422,400.8912,394.0198,390.6900,394.2659,390.7280,248.6502,415.5424,248.7564,415.4895,243.8544,440.6636,243.9797,440.8252,208.7238,408.7780,208.5758,408.4737,203.9047,435.5801,203.8904,435.6405,229.0978,360.5772,228.6600,360.5136,393.7725,410.5068,393.6416,410.4950,356.2322,374.4631,356.1140,385.6833
348.9103,430.9669,349.0838,430.8659,354.9131,451.1603,355.1329,442.2411,179.0432,401.0301,178.8574,400.8397,78.8387,400.8719,79.1113,401.1098,394.0962,390.7112,394.0021,390.6349,249.0854,415.7260,249.1100,415.5707,244.2145,440.7052,244.1179,440.5979,208.9974,408.5841,209.1200,408.8608,204.1189,435.5389,204.1670,435.4535,228.9907,360.7369,229.1714,361.0579,393.9183,410.7834,394.0550,410.8081,355.1439,373.9537,355.0564,382.6333
349.4970,430.8822,349.3654,430.8337,355.7997,452.0956,356.1508,445.6140,179.3798,400.7578,179.1921,401.1617,79.4026,400.9076,79.0147,400.9215,394.1446,390.8036,394.3135,391.1034,249.1561,415.6159,249.4709,415.9342,244.2292,440.8821,244.2983,440.8969,208.9690,408.8708,209.1806,408.7260,204.1906,435.8591,204.1944,435.6504,229.2633,360.9114,229.1596,360.9445,394.5071,410.6476,394.3323,410.9036,353.9080,372.9442,353.7708,379.6302
349.8918,430.7972,349.5978,431.0086,357.4873,453.1863,357.7259,449.0194,179.5641,400.7650,179.5519,400.9240,79.5543,400.7488,79.2405,400.7126,394.6992,390.8690,394.4750,390.7926,249.5094,415.9253,249.5811,416.0992,244.6999,440.9813,244.3943,440.9984,209.4958,409.3382,209.6230,408.9854,204.4307,436.0410,204.5685,435.8635,229.6559,360.9547,229.4140,360.9435,394.4977,410.9037,394.5299,410.9005,352.3881,371.8402,352.5081,376.3537
349.8207,430.8942,349.7358,431.0069,359.1400,454.3570,358.8514,452.3340,179.5949,400.9141,179.9923,400.8434,79.7689,401.0948,80.0174,400.9536,394.4604,391.0391,394.7661,390.8855,249.7715,415.8447,249.9100,415.8334,244.7645,440.9774,244.8008,441.0485,210.0099,408.9518,209.8745,408.8732,205.0966,435.9278,204.6273,435.8804,229.8163,361.0465,229.8957,360.9129,394.7380,410.8971,395.0224,410.9745,351.2352,370.4446,350.7642,372.4151
350.1407,430.9567,349.9334,431.1008,360.2472,455.3962,360.4528,456.5560,180.1541,401.0301,180.2644,401.1596,79.9817,400.9326,79.8962,400.8345,394.8107,390.9341,395.1571,391.0488,250.0589,416.1437,249.8902,415.6896,244.9401,440.9418,244.9134,440.9532,209.9687,408.8739,210.1420,408.8300,205.2850,436.0244,205.1012,436.0883,230.1887,360.9966,230.2243,361.1667,395.1742,410.9813,395.1839,410.8915,349.5674,369.7195,349.5560,368.6304
350.5429,431.1324,350.5639,430.9345,362.2007,456.7038,361.7423,460.4160,180.1846,401.0443,180.3289,400.9644,80.3033,401.1576,80.2041,401.0178,395.4446,391.0453,395.5439,390.9822,250.6040,415.8058,250.0346,415.7874,245.1013,441.0496,245.1014,441.0523,210.2575,408.9470,210.3434,409.1360,205.2890,435.5216,205.2331,436.0616,230.5899,360.9066,230.4629,361.0514,395.3076,410.7536,395.2895,410.6199,347.8144,368.3301,348.1053,365.2501
350.4242,430.7777,350.6725,430.7226,363.4257,457.5158,363.2062,463.7822,180.5720,400.9373,180.7460,400.7130,80.6845,401.0840,80.5550,401.0654,395.5022,390.6761,395.8452,390.9515,250.8578,415.7132,250.4273,415.7546,245.6200,441.1290,245.3357,440.6225,210.4390,409.1451,210.5604,408.9087,205.5120,435.9865,205.7838,435.9608,230.5394,360.6758,230.5647,360.9327,395.7944,410.8346,395.5803,410.8727,346.5830,367.5332,346.4877,361.3381
351.1582,430.7633,350.9342,430.7683,364.6387,458.3813,364.6664,466.8999,181.2286,400.5410,180.9513,400.8268,80.9707,401.1095,80.7898,400.8120,395.8185,390.8608,395.9817,390.9412,251.0000,415.8513,250.9094,416.0627,245.9602,440.5947,246.0655,440.6694,211.0604,409.0264,210.9998,408.7260,205.8013,435.6484,206.1022,435.8990,230.6788,360.8621,230.8316,360.6726,395.7063,410.7051,395.7449,410.8293,345.3077,366.2877,345.1869,358.3043
350.9096,430.7266,351.2233,430.6586,365.7870,459.4219,365.6428,469.5382,181.0316,400.5954,181.1473,400.5754,81.1337,400.8169,81.1751,400.9821,396.0880,390.5934,396.0126,390.9762,251.3037,415.7952,251.3175,415.7700,245.9572,440.8800,246.0720,440.4374,211.0755,408.7746,211.2008,408.6498,206.0752,435.7958,206.0399,435.8301,231.2444,360.5889,231.0729,360.4817,396.1242,410.8120,395.9776,410.5821,344.1390,365.4882,344.1811,355.0259
351.2894,430.6867,351.3921,430.6574,366.5686,459.9698,366.7962,471.7776,180.9779,400.5749,181.1001,400.6646,81.1804,400.3911,81.4302,400.5399,396.3830,390.5181,396.2753,390.5419,251.3192,415.6695,251.1201,415.5246,246.2794,440.5712,246.4920,440.6587,211.2332,408.3685,210.8623,408.3671,206.4558,435.7984,206.0527,435.6276,231.5416,360.7625,231.2831,360.6153,396.3233,410.7320,396.5169,410.7088,343.5797,364.9849,343.4647,353.4572
351.5211,430.4284,351.4716,430.7273,367.4702,460.7349,367.6201,473.6422,181.4807,400.3221,181.2402,400.4526,81.4759,400.2165,81.3806,400.4127,396.3919,390.3211,396.4857,390.5569,251.5914,415.2545,251.4219,415.3144,246.1126,440.0108,246.5587,440.3460,211.6740,408.2577,211.2825,408.3411,206.3300,435.3210,206.2851,435.2470,231.1974,360.1618,231.3330,360.1494,396.2794,410.3896,396.2012,410.5620,342.5740,364.3549,342.5177,351.5428
351.4079,430.3562,351.4725,430.1539,367.5133,461.2204,367.9776,474.5999,181.4766,400.2982,181.3490,400.2842,81.4576,400.2590,81.5892,399.8822,396.4336,390.3899,396.2880,390.4320,251.3367,415.2192,251.4798,415.4638,246.2710,440.2916,246.5481,439.9720,211.4673,408.2017,211.3657,408.3553,206.5177,435.2778,206.7178,435.1708,231.4068,360.3290,231.4796,360.1109,396.5032,410.3967,396.6118,410.1161,342.2480,364.0916,342.0995,350.1464
351.2267,429.8159,351.4392,430.0926,368.0395,460.9101,367.9806,475.0361,181.4926,399.7021,181.3626,400.0308,81.3746,400.2702,81.5630,399.7748,396.5250,389.7576,396.6254,390.2746,251.8043,414.8143,251.6681,415.0157,246.5074,439.9443,246.4840,439.7942,211.5538,407.9607,211.5567,408.0467,206.2748,434.9496,206.7583,434.9389,231.3124,359.8529,231.7007,360.0813,396.3254,409.9985,396.4734,410.1409,341.7569,363.7988,341.8238,350.1564
351.0817,429.6886,351.4675,429.5250,367.5881,460.7373,367.7694,474.4790,181.3798,399.7983,181.4825,399.6818,81.3420,400.0435,81.6538,399.7042,396.3732,389.8587,396.8234,389.9127,251.5239,414.7237,251.3077,414.7015,246.3224,440.1156,246.5056,439.7642,211.6370,407.6386,211.6514,408.1716,206.5520,434.6560,206.2801,434.5720,231.4428,359.8901,231.4545,359.7307,396.4690,409.8779,396.5843,409.8581,342.2912,364.2678,342.3229,350.4723
351.6065,429.7622,351.3342,429.7192,367.2787,460.4900,367.6884,473.6618,181.2731,399.8036,181.6039,399.5804,81.3708,399.7304,81.5331,399.8946,396.4256,389.5401,396.3053,389.4797,251.2797,414.9266,251.5159,414.7964,246.5912,439.7551,246.3000,439.8683,211.3489,407.6134,211.2852,407.5849,206.3106,434.6872,206.3363,434.6465,231.3116,359.4956,231.4368,359.0992,396.3366,409.3933,396.2022,409.4813,342.6242,364.5230,342.3954,351.4787
351.1687,429.5726,351.1211,429.5206,366.6247,459.9645,366.6619,472.0898,181.3109,399.3616,181.3368,399.4785,81.2411,399.4134,81.2723,399.5057,396.5058,389.5260,396.0774,389.4003,251.2070,414.4214,251.3372,414.3738,246.2627,439.5699,246.2753,439.2498,211.3767,407.4349,211.2373,407.4162,206.1891,434.5908,206.3161,434.5973,231.2135,359.6021,231.2754,359.4898,396.3269,409.6325,396.1993,409.5756,342.9973,365.0727,343.2841,353.0701
351.1703,429.3664,350.9236,429.1808,365.8283,459.3592,365.8312,469.5215,180.7174,399.3657,181.0683,399.3842,81.3856,399.2401,81.1692,399.1977,396.2042,389.4714,396.0475,389.2270,250.9400,414.2617,250.9719,414.4839,246.2335,439.3092,246.1647,439.4683,210.7218,407.4612,210.9976,407.1510,206.1838,434.3050,205.8983,434.0845,231.0872,359.1508,231.1607,359.5404,396.1714,409.4204,395.9266,409.3915,343.8827,365.7157,344.2892,355.4693
350.9676,428.9460,350.6433,429.4924,364.7546,458.5490,364.8793,466.6944,180.8529,399.0321,180.9343,399.4556,80.9897,399.1075,80.9308,399.3095,395.9470,389.2383,395.7462,389.0690,250.7331,414.0853,250.9355,414.4711,245.9569,439.2784,245.7827,439.1842,210.8159,407.4277,211.0234,407.3679,205.9452,434.1490,206.2491,434.1456,230.8880,359.2785,230.7642,359.3806,396.1286,409.0825,395.7970,409.2075,345.3392,366.3577,344.8404,358.1061
350.6248,429.2102,350.7655,429.1456,363.4973,457.8226,363.5517,463.3610,180.5893,399.0829,180.4986,399.3232,80.5937,399.0870,80.5461,399.1139,395.5974,389.1713,395.3785,388.9641,250.6011,414.1968,250.8609,414.0238,245.5502,439.0846,245.7282,439.3659,210.6608,407.0157,210.7255,407.1486,205.5472,433.9387,205.8144,433.9045,230.6570,359.1794,230.8084,359.1488,395.5378,408.6767,395.6423,408.9498,346.4960,367.5204,346.6439,361.4826
350.2078,429.0163,350.1700,429.1101,362.0904,456.4575,362.0409,459.7902,180.3039,399.2327,180.4195,399.0503,80.4126,398.9496,80.3576,399.2393,395.6644,389.0483,395.6087,389.1129,250.4021,414.2512,250.4302,413.8317,245.6117,439.0165,245.2753,439.1368,210.2940,407.1040,210.2348,407.2284,205.4202,433.8217,205.4058,434.3950,230.5543,358.9709,230.2129,358.9949,395.6512,409.3220,395.4744,409.0339,348.0653,368.6430,348.0398,364.8717
349.9857,429.1620,350.0646,428.9825,360.3436,455.5205,360.6078,456.2653,180.2276,399.1006,179.9444,399.2718,80.2014,399.0788,79.9482,399.2658,394.7445,389.1552,395.2553,389.3312,250.0274,414.0456,250.2402,414.2247,245.2700,438.9485,244.8815,439.1224,209.9971,407.0175,210.1027,407.0645,205.2513,434.1304,205.0225,433.7789,230.1156,358.6229,230.4871,358.6918,395.2165,409.2661,395.3618,408.9927,349.5895,369.6675,349.1490,368.7020
349.6331,428.9866,349.5340,428.9627,358.8283,454.2486,359.0306,452.5099,179.7724,398.9857,179.4953,398.8191,79.6676,398.8013,80.1531,399.0307,394.4792,388.6656,394.6990,389.1374,249.9867,414.1134,249.5336,414.1391,244.6300,438.9439,244.7037,438.7035,209.8688,407.0059,209.7294,406.9846,204.8769,434.0189,204.9022,433.9450,229.9623,358.9545,229.9135,358.6560,394.9935,409.0552,394.9109,408.9636,350.8013,370.7652,351.0294,372.3448
349.4510,428.8524,349.3529,428.8828,357.6529,453.2052,357.3220,448.7929,179.5854,399.1724,179.4972,399.2256,79.3550,399.0344,79.3727,399.0060,394.5496,389.1440,394.2327,389.0949,249.5597,414.2338,249.2404,414.1095,244.6307,439.0245,244.5440,438.7962,209.5995,407.1324,209.7417,407.0231,204.6009,434.0167,204.3955,433.9801,229.5928,358.7570,229.2989,359.0464,394.5650,409.1166,394.6078,408.9644,352.3678,371.9737,352.3076,376.1798
349.3437,429.2537,349.1459,429.0193,356.2412,452.2770,356.2940,445.5753,179.1270,399.1110,179.1913,398.9252,79.1851,398.9487,79.3359,399.1309,394.2607,388.8039,394.3056,389.3044,249.3714,414.1319,249.4638,414.0734,244.4458,438.9947,244.2156,439.3651,209.3061,407.2106,209.0110,407.2180,204.3149,433.9920,204.0699,434.0165,229.3466,358.8841,229.3736,359.1528,394.3045,409.0397,394.3546,409.1614,353.9075,373.0886,353.7198,379.3761
349.2680,429.2904,349.0951,429.0520,355.0676,450.7950,354.9006,442.1858,178.8974,399.3585,178.8596,399.4358,79.1521,399.2139,78.8195,399.0598,394.0724,389.2634,394.1405,389.2187,249.0705,414.0126,249.1455,414.5764,244.1546,439.3810,243.8361,439.1236,209.2268,407.3532,209.1081,407.3356,204.2853,434.4737,204.1770,434.1992,229.0133,359.1104,228.8972,359.1827,393.9109,408.9983,394.0707,408.9796,354.9705,373.9790,355.0759,382.6470
348.9437,429.6380,348.8233,429.4731,353.7246,450.2470,353.8404,439.7583,178.6892,399.3824,178.7870,399.2970,78.8693,399.4457,78.6693,399.2607,393.7564,389.4458,393.8474,389.4154,248.6075,414.4858,249.0620,414.6774,243.8248,439.3682,243.8572,439.1931,208.7218,407.4289,209.0252,407.2991,203.9236,434.6079,203.9492,434.3183,229.0564,359.5324,228.8283,359.4046,393.9264,409.2231,393.9248,409.4944,355.8280,374.5278,356.1360,385.3429
348.6124,429.5595,348.5461,429.3140,352.5047,449.7858,353.1200,437.4676,178.8351,399.5917,178.7505,399.3565,79.0473,399.4692,78.7360,399.5738,393.6655,389.4568,393.5909,389.6684,248.5237,414.5355,248.8225,414.5798,243.8109,439.4022,243.5347,439.2626,208.4121,407.5994,208.7948,407.4193,203.5508,434.2940,203.6520,434.4893,228.6756,359.2226,228.5060,359.3580,393.6049,409.6278,393.6604,409.6285,357.1804,375.1732,357.1055,387.6551
348.5389,429.8214,348.6685,429.3440,352.4526,449.1113,352.4777,435.9550,178.6930,399.6443,178.6730,399.7642,78.4934,399.7800,78.7565,399.4547,393.6347,389.5290,393.4292,389.9083,248.5027,414.7683,248.2800,414.5475,243.8035,440.0148,243.3865,439.7647,208.4727,407.8112,208.5131,407.7462,203.2606,434.4433,203.4766,434.7298,228.7070,359.6938,228.5104,360.0766,393.6021,409.8428,393.5874,409.3027,357.4604,375.6211,357.8718,388.9962
348.4883,429.8770,348.2155,429.7642,352.0484,448.7006,352.2212,435.1410,178.4153,399.8447,178.5226,399.6512,78.4912,399.7573,78.3735,399.7966,393.2657,389.8973,393.2424,389.9863,248.5030,414.5900,248.8882,414.5706,243.5000,439.9094,243.5221,439.6365,208.2801,408.2578,208.4065,407.6256,203.5379,434.7201,203.4534,434.6183,228.3412,359.9091,228.3358,359.8051,393.4211,409.8289,393.5906,409.7349,357.7869,375.9957,357.8475,389.8669
348.4804,430.0390,348.5454,430.3550,352.0997,449.0830,352.0618,435.0529,178.7581,399.9821,178.5885,399.9639,78.7268,400.1817,78.7237,400.3145,393.5773,389.9576,393.5378,390.0598,248.6681,415.0962,248.5944,414.9739,243.5483,440.1354,243.4866,440.1097,208.3416,408.1799,208.7096,407.9878,203.7174,435.0895,203.5800,435.0943,228.5185,360.1125,228.3468,360.1786,393.5857,410.2196,393.3487,410.1860,357.9184,376.1070,357.7768,390.1491
348.5520,430.2549,348.6603,430.1024,352.4001,449.1210,352.1112,435.7757,178.4338,399.8781,178.6672,400.0055,78.5601,400.2445,78.8358,400.3270,393.5158,390.4115,393.5331,390.1230,248.5519,415.2041,248.6708,415.3241,243.4813,440.5690,243.2304,440.2342,208.2415,408.2361,208.6342,408.2889,203.5413,434.9972,203.4954,435.1673,228.4164,360.2760,228.5476,359.9228,393.4725,410.1538,393.3718,410.3315,358.2443,375.9293,357.6533,389.5029
348.6693,430.4923,348.7059,430.5470,352.7224,449.6430,352.5560,436.9488,178.4896,400.4061,178.4314,400.4686,78.7068,400.3588,78.9300,400.3804,393.5893,390.2410,393.4227,390.3508,248.3856,415.3761,248.2943,415.3193,243.7205,440.2785,243.4445,440.4285,208.3165,408.4436,208.4498,408.7175,203.4400,435.2907,203.4337,435.4743,228.5376,360.3993,228.5143,360.3056,393.5991,410.2302,393.7166,410.2476,357.2662,375.3361,357.3343,388.1744
348.9967,430.6505,348.9082,430.3083,353.8238,450.1343,353.6102,438.6116,178.7217,400.4957,178.6118,400.6896,78.7731,400.6143,78.9210,400.7086,393.8090,390.7437,393.8274,390.6290,248.9417,415.3251,248.7766,415.8164,243.9906,440.7849,243.7924,440.7159,208.7613,408.5324,209.0087,408.6013,203.8548,435.4754,203.6491,435.5269,228.5396,360.6760,228.6910,360.6430,393.7254,410.5710,393.7592,410.7167,356.4055,374.5715,356.7914,386.0075
349.1025,430.5899,348.8813,430.4946,354.6402,450.8697,354.5453,441.5727,179.0151,400.7546,178.8921,400.4400,78.9407,400.6962,79.0752,400.7107,394.0303,390.7048,393.9062,390.5790,249.1756,415.7778,248.9032,415.9846,243.8938,440.8207,243.9944,440.9150,209.0244,408.6916,209.0829,408.6351,204.1009,435.7099,203.9864,435.8548,229.2619,360.7226,228.9478,360.5977,393.8999,410.6836,393.9618,410.7979,355.0850,374.0653,355.4028,383.5017
349.5380,430.6892,349.4226,430.6994,355.4329,451.9387,355.6436,444.5850,179.3742,400.8588,179.1111,400.5282,79.3797,401.0579,79.1094,400.8197,394.0718,390.8333,394.2226,390.7507,249.2457,416.1457,249.3924,415.7700,244.1157,440.7422,244.0425,440.6928,209.5174,409.0316,209.1447,409.1575,204.3749,435.8807,204.4827,435.7380,229.1969,360.7951,229.1972,360.8298,394.0751,410.8644,394.1046,410.5770,354.2352,373.1896,354.3261,380.7094
349.4109,430.8683,349.4561,430.6371,356.9588,452.5635,357.1655,447.7825,179.4798,400.8960,179.3056,401.1303,79.3891,401.2297,79.3902,400.7183,394.3060,390.7298,394.2573,390.8219,249.6614,415.8573,249.6953,415.9447,244.2609,440.7668,244.4629,440.8909,209.4227,409.0086,209.6914,409.0938,204.5692,435.8732,204.5291,435.9659,229.2728,360.8082,229.2442,360.8209,394.5706,410.8575,394.4468,411.1536,352.7708,372.2771,352.7308,377.6081
349.4767,430.8239,349.7080,431.0599,358.2704,454.1135,358.4764,451.1803,179.8464,401.1227,179.4992,401.1282,79.6783,400.8568,79.6972,400.9700,394.9206,391.0320,394.7534,391.1216,249.8392,415.9400,249.8087,416.0346,244.7059,441.0571,244.8038,441.0499,209.6672,409.0260,209.6362,408.7570,204.7052,436.0187,204.3765,436.1558,229.7878,361.0498,229.6093,360.8350,394.5234,411.0350,394.8453,411.0773,351.6765,371.4221,351.5088,373.7296
349.9585,430.8980,350.0521,430.8781,359.6328,455.1941,359.6675,455.0864,179.9380,401.0627,179.9667,400.9799,80.0341,400.9263,79.9543,400.9679,394.8714,390.9064,395.1466,390.8875,250.0681,416.0845,249.6443,416.0967,245.0096,440.9854,245.0438,441.1178,210.0071,408.9539,210.0270,408.9622,204.8831,436.0394,205.2970,436.0227,229.8648,360.9460,229.9303,361.0690,394.7494,411.1598,394.9978,411.0987,350.3672,369.8663,350.1926,369.7083
350.1799,431.1290,350.3311,430.8308,361.3273,456.1178,361.5579,459.1367,180.1197,400.9999,180.3573,400.8870,80.3365,401.1050,80.1410,400.8781,395.1238,390.9649,395.2995,390.9049,250.5478,416.0862,250.2073,416.1086,245.3318,441.0436,245.1416,441.0998,210.6558,408.9744,210.3190,409.0783,205.6939,436.2157,205.3940,435.7385,230.4366,360.9691,230.4665,360.8680,395.5014,410.9003,395.3425,410.6659,348.6145,369.0093,348.8143,366.1947
350.5825,430.6620,350.5604,430.8375,362.9160,457.1007,363.0224,462.4220,180.8214,400.9080,180.8081,400.7612,80.3481,400.7585,80.5871,400.9707,395.3894,390.7565,395.6163,390.8537,250.7991,416.1219,250.5076,416.0688,245.5105,441.0729,245.4944,441.0779,210.7136,409.0544,210.4848,408.9492,205.6502,435.8855,205.3882,435.6680,230.3992,361.0882,230.6093,360.8820,395.6343,410.8902,395.5696,410.8002,346.9083,367.7141,347.1150,362.7155
350.9030,430.8858,350.7817,430.7461,364.5870,458.4299,364.2542,465.8436,180.9566,400.7402,180.9496,400.7473,80.7636,400.7913,80.8591,400.9782,395.6974,390.8577,395.9047,390.8534,250.7872,416.2340,250.7103,415.9312,245.8159,440.7544,245.9671,440.8981,210.5715,408.6664,210.9111,408.9002,205.6626,435.8650,206.0813,435.7935,230.6855,360.9253,231.0735,360.9397,395.7674,410.8448,395.7598,410.5514,345.7422,366.6335,345.7690,359.3852
351.0544,430.9138,350.9609,430.6290,365.6042,459.0662,365.6461,468.7936,181.0373,400.4998,180.8003,400.5608,80.9585,400.6876,81.1702,400.7832,396.0978,390.7265,396.1112,390.7733,251.2596,415.4930,251.1146,415.4293,246.1733,440.8470,245.7306,440.9764,211.2189,408.7471,211.2406,408.7982,206.1423,435.6179,206.0851,435.7631,231.0861,360.7808,230.7948,360.5996,395.9158,410.7591,395.8373,410.5079,344.5293,365.9621,344.4651,356.3641
351.2160,430.4904,351.2756,430.4421,366.6186,459.9847,366.3926,471.2439,181.2159,400.5462,181.3686,400.6263,80.9867,400.2581,81.1615,400.5192,396.2477,390.8501,396.4827,390.5987,251.1174,415.6714,251.0266,415.5511,246.3463,440.5392,246.0207,440.4791,211.2716,408.5607,210.9484,408.6988,206.0236,435.5236,206.4253,435.7056,231.0050,360.4894,231.0158,360.5184,396.2861,410.5591,396.2302,410.6188,343.5269,365.1221,343.4638,353.6008
351.4372,430.8154,351.3983,430.3343,367.3747,460.4218,367.0958,473.1225,181.2379,400.3526,181.3555,400.4637,81.4784,400.3696,81.3984,400.3495,396.0588,390.5232,396.5726,390.4359,251.2669,415.8036,251.4470,415.1235,246.2878,440.4484,246.2844,440.4672,211.0924,408.2222,211.5190,408.1571,206.0880,435.4202,206.4004,435.1140,231.2318,360.7788,231.7816,360.6322,396.1744,410.6537,396.5447,410.3542,342.8556,364.4902,342.5498,352.0995
351.3524,430.3438,351.3539,430.3767,367.6738,460.7175,367.5842,474.3004,181.4569,400.2259,181.5517,400.2746,81.3697,400.1671,81.5318,400.0674,396.7271,390.2244,396.7356,390.2635,251.7276,415.1250,251.4494,415.3381,246.7175,440.1907,246.5961,440.6666,211.5447,408.2016,211.4657,408.2434,206.3895,435.6455,206.1689,435.3157,231.4791,360.1556,231.5313,359.9638,396.5034,410.2509,396.3708,410.1024,342.1988,364.3932,342.4851,350.7000
351.3753,430.1883,351.4483,429.9258,367.8979,461.0118,368.0305,474.8420,181.3691,400.1629,181.3886,400.1258,81.5643,400.0185,81.5974,400.1446,396.1192,389.8136,396.4019,390.0728,251.4758,415.0341,251.6577,415.1433,246.4115,440.0820,246.5306,440.2650,211.8218,407.9647,211.4246,407.8969,206.3304,434.9932,206.6572,435.0613,231.4443,360.1289,231.0337,360.0152,396.5350,410.0576,396.4576,410.2485,341.8100,364.1124,342.0466,350.1499
351.7466,429.6594,351.6978,429.8847,367.9703,461.0873,367.8344,474.7079,181.2840,399.8766,181.5613,400.0367,81.5741,399.7542,81.8569,399.8729,396.5344,389.4811,396.3728,389.8438,251.4340,415.0077,251.3959,414.7482,246.7656,439.7003,246.6107,439.7119,211.4526,407.6986,211.0921,407.9248,206.6445,434.7954,206.5877,434.8658,231.2832,360.0834,231.5147,359.7531,396.6446,409.5007,396.5903,410.0727,342.1885,363.9863,341.9708,350.3962
351.4528,429.7301,351.2894,429.7600,367.6694,460.7949,367.5606,473.8093,181.3879,399.7688,181.3842,399.6726,81.4846,399.7105,81.2748,399.6921,396.4753,389.5499,396.6513,389.4955,251.2646,414.5197,251.5357,414.7996,246.2110,439.4607,246.3191,439.5709,211.4123,407.4957,211.3374,407.8286,206.3071,434.5720,206.5549,434.6195,231.1867,359.5947,231.4982,359.4516,396.4541,409.6801,396.1824,409.7730,342.4731,364.2185,342.4928,351.0981
351.2863,429.5681,351.4025,429.6177,366.8539,460.1947,366.7393,472.3804,181.4115,399.4607,181.3593,399.5043,81.3428,399.4619,81.0383,399.3124,396.4288,389.5640,396.4329,389.4131,251.3544,414.3619,251.3074,414.3956,246.4356,439.3343,246.0458,439.5770,211.4524,407.7431,211.3342,407.4779,206.2537,434.6028,206.2281,434.4841,231.4119,359.4095,231.3225,359.2954,396.3726,409.4775,396.3001,409.2893,342.9574,364.5738,342.9787,352.3070
351.1989,429.1849,351.0009,429.4835,366.2717,459.4999,366.1672,470.6001,181.1509,399.2843,181.1827,399.4406,80.8792,399.4269,81.2909,399.4643,396.0332,389.2938,396.2695,389.5872,250.8250,414.5099,251.2548,414.3627,246.0695,439.2661,246.3197,439.4760,211.3898,407.2245,211.1241,407.3006,206.2751,434.2635,206.2193,434.3439,231.3088,359.4406,231.2240,359.3482,396.0274,409.0962,396.1792,409.3850,343.5630,365.4768,343.7832,354.6645
350.8408,429.2344,350.9354,429.1487,365.0932,458.7707,364.9485,467.9086,180.9907,399.4028,180.8305,399.2010,80.8150,399.1058,81.1198,399.1935,395.8361,389.0629,395.9375,389.3667,250.9605,414.0590,250.7318,414.3126,245.7790,439.2098,245.7959,439.1792,211.1193,407.3938,210.8212,407.1593,206.0878,434.4535,206.0894,434.6153,230.9935,359.1847,230.7653,359.2684,396.0780,409.1100,396.1685,409.3070,344.9568,366.2605,344.7873,357.2267
350.8933,429.0458,350.6569,428.9727,363.6909,457.9208,363.6889,464.5552,180.6291,399.1891,180.5367,399.1394,80.7280,398.9324,80.6973,399.3242,395.5237,389.1953,395.4729,389.0698,251.0486,414.2686,250.8713,414.2117,245.6784,439.0296,245.5851,439.3739,210.8030,406.8533,210.8984,407.2295,206.0085,434.1252,205.9368,434.1149,230.7176,359.0414,230.7564,359.0616,395.6881,409.1904,395.5680,409.2570,346.2448,367.0357,346.2223,360.4106
350.2413,428.9831,350.4093,429.0260,362.4839,456.6774,362.6319,461.0556,180.6064,398.8452,180.2598,398.8546,80.5245,399.0936,80.5786,398.9817,395.3805,388.9084,395.6011,388.6905,250.4569,413.9252,250.5111,414.0349,245.4305,438.8986,245.4995,439.0072,210.5319,407.0200,210.4800,407.2310,205.1806,433.8102,205.4094,433.8523,230.6355,359.0102,230.3207,359.1663,395.2594,409.0337,395.5170,408.7904,347.5855,368.3108,347.4493,364.0188
350.1512,428.9112,350.1714,428.6750,361.1729,455.9259,360.8219,457.7062,180.1967,399.1759,180.3997,399.0291,80.3956,398.9162,80.3307,398.9305,395.2280,389.1392,395.1366,389.0373,250.3030,414.3193,250.3230,414.0156,245.1725,439.0659,245.1120,439.0847,210.2325,406.9989,210.1790,406.6963,204.9407,434.0795,205.2212,433.9400,230.0451,359.0383,230.2312,359.1305,395.2719,408.8085,394.8505,409.0359,348.8179,369.2333,348.7518,367.3814
349.9063,428.8778,349.9293,429.1086,359.5269,454.5496,359.4488,453.6385,179.8448,398.9346,180.0634,398.8899,80.1064,398.8007,79.9450,399.2600,394.9696,388.9542,395.4570,388.9136,250.1599,413.8701,249.9304,413.9621,244.9236,439.1122,244.9554,438.9084,210.0806,407.0993,209.7112,407.0664,204.7326,433.7766,204.8136,434.1483,230.2844,358.9403,229.8288,358.8678,394.8353,409.0664,394.9837,408.9666,350.5801,370.5320,350.3685,371.3501
349.5174,429.0015,349.6742,429.3043,357.8549,453.5824,358.0741,450.1050,179.4733,399.0429,179.3445,398.9106,79.6760,398.9438,79.7126,399.2540,394.6143,388.7709,394.6102,389.2530,249.5044,413.8329,249.4705,413.9875,244.5310,438.9266,244.4145,438.9632,209.7498,407.1192,209.5956,407.2101,204.3981,434.0662,204.8696,434.0733,229.6837,358.7276,229.8132,358.8767,394.3016,409.1766,394.6737,409.0942,351.9071,371.3805,352.0996,375.0176
349.5487,429.3482,349.5037,428.9037,356.5349,452.5033,356.6748,446.2673,179.5417,399.3362,179.3207,398.9231,79.1140,399.3735,79.3987,399.1350,394.4389,389.1917,394.4258,389.1765,249.3852,414.1161,249.2150,413.8491,244.3611,439.3910,244.5389,439.1494,209.3716,407.2024,209.5652,407.2591,204.2963,433.9762,204.6125,434.0293,229.3576,359.0829,229.1975,359.2404,394.3560,409.2995,394.2432,409.1644,353.5256,372.4725,353.3642,378.3831
349.0581,429.2024,349.0742,428.9743,355.3879,451.6280,355.0377,443.5876,178.8376,399.0497,178.8804,399.1474,79.0987,399.4531,79.0572,399.0259,394.2775,389.1852,394.2660,389.3308,248.9992,414.1649,249.3102,414.1963,244.1230,439.1638,244.0095,439.0250,209.1885,407.1255,208.9418,406.8440,204.3097,434.2248,204.0541,434.0991,228.9718,359.3345,229.1319,359.1896,394.4410,409.4108,393.9480,409.0649,354.7758,373.6953,354.7508,381.8358
348.7886,429.4673,348.7502,429.5080,354.4200,450.6681,354.2377,440.0715,179.0002,399.3624,179.0939,399.2820,78.9072,399.4969,79.0666,399.5001,393.8086,389.5278,394.3519,389.3099,248.7615,414.2563,248.7310,414.1571,243.8951,439.2278,243.9397,439.5839,208.6108,407.1595,208.8407,407.1796,203.9209,434.3209,203.8784,434.4628,228.7658,359.3012,228.9854,359.4158,393.9573,409.1059,394.0537,409.3682,356.0196,374.6648,355.9244,384.2987
348.7257,429.3335,348.8035,429.4851,353.3509,450.0128,353.0585,438.0348,178.7698,399.4298,178.8033,399.3442,78.8653,399.4190,78.4081,399.5739,393.8050,389.5123,393.7261,389.4649,248.9973,414.6948,248.8747,414.3940,243.7945,438.9909,243.6635,439.5040,208.5334,407.3218,208.6791,407.6300,203.5349,434.4730,203.7637,434.3884,228.6764,359.6424,228.8083,359.4137,393.7207,409.3550,393.8540,409.6089,356.8039,374.7791,356.5675,387.0144
348.5376,429.5910,348.4479,429.6539,352.2578,449.7266,352.5850,436.5504,178.5382,399.6832,178.5822,399.5614,78.7928,399.8497,78.9794,399.4957,393.7658,389.8605,393.7988,389.7547,248.5191,414.6196,248.6203,414.4227,243.6861,439.8646,243.6023,439.4643,208.3626,407.7031,208.6614,407.6865,203.5753,434.7497,203.5108,434.6128,228.9547,359.5053,228.7051,359.4813,393.6143,409.7706,393.5603,409.3580,357.6020,375.6701,357.4664,388.4275
348.6415,429.8189,348.7046,429.6415,352.0237,449.2452,352.0560,435.3181,178.4883,399.9646,178.5719,400.1461,78.5546,399.8648,78.4415,399.7356,393.8242,389.8753,393.7997,389.9427,248.4657,414.7203,248.4298,414.7681,243.4856,439.7644,243.6970,439.6768,208.7114,407.6883,208.4474,407.5956,203.7315,434.8682,203.6267,434.9555,228.3885,359.8076,228.4374,359.8347,393.4034,409.6391,393.6830,409.8935,357.7656,376.1425,357.8643,389.6845
348.7456,429.9460,348.7825,429.9751,351.9246,449.0521,351.6989,435.1251,178.1806,399.8049,178.7060,399.9620,78.1579,399.9712,78.3556,399.9817,393.4437,389.8561,393.6053,390.1052,248.5015,415.1361,248.3167,415.1133,243.5510,439.6972,243.3917,439.9832,208.6561,408.0663,208.6054,407.8802,203.4441,435.1924,203.8790,434.8351,228.5578,360.2264,228.4882,360.1893,393.2636,410.0401,393.6318,409.7427,357.7932,376.0326,357.7956,389.9263
348.6663,430.2300,348.4441,430.0667,352.4176,449.2023,352.0310,435.1989,178.3537,400.4133,178.3785,400.2026,78.6031,400.1186,78.4543,400.2456,393.5908,390.3665,393.7924,390.3251,248.8947,415.2952,248.7217,415.1835,243.3628,440.4191,243.6374,440.1416,208.6399,408.0983,208.5018,408.1445,203.4324,435.4007,203.7004,435.0425,228.6614,360.2087,228.4504,360.3413,393.3635,410.1323,393.4923,410.3361,357.9790,376.0607,357.9483,389.7272
348.4964,430.4373,348.7933,430.2577,352.7283,449.3981,352.7063,436.3569,178.5730,400.3043,179.0407,400.1232,78.6525,400.4749,78.5143,400.2453,393.5894,390.1158,393.6040,390.3029,248.7560,415.2112,248.5824,415.5336,243.4045,440.3294,243.4410,440.5732,208.6236,408.5149,208.6780,408.0682,203.6801,435.6090,203.7846,435.3520,228.8373,360.2137,228.7068,360.2093,393.7360,410.4939,393.3216,410.6598,357.5906,375.6964,357.2991,388.5203
348.7268,430.8483,348.7496,430.5076,353.1783,449.6990,353.3245,437.9484,178.8072,400.6879,178.5054,400.3899,78.6822,400.4620,78.8733,400.4148,393.7420,390.5653,393.7830,390.3039,248.7947,415.5226,248.8203,415.5021,243.8197,440.7235,243.8162,440.4782,208.7580,408.0136,208.5598,408.4330,203.6527,435.1982,204.0241,435.6557,228.5840,360.7365,228.7877,360.4650,393.5654,410.5395,393.8752,410.5656,356.8729,374.7545,357.0526,386.7300
349.0626,430.7852,348.9393,430.4756,354.0996,450.5791,354.3033,440.3177,178.7970,400.7560,178.7914,400.6116,78.9899,400.6287,78.9196,400.4674,393.8073,390.8116,393.8913,390.7425,249.0819,415.8253,248.8031,415.6362,243.8333,440.7721,244.0477,440.6198,208.9701,408.9602,208.8411,408.7034,203.8261,435.4743,203.9765,435.6787,228.7598,360.6665,228.9574,360.8128,393.7562,410.7138,393.5529,410.6884,355.6947,374.2741,355.9791,384.8866
349.5419,430.9620,349.1956,430.8952,355.4754,451.3321,355.0690,443.3441,179.1486,400.8658,179.1988,400.9096,79.1686,401.0109,79.2515,400.9056,394.1878,390.7538,394.3149,390.8735,249.1934,415.8426,248.9107,415.5545,244.0287,441.2451,243.9695,441.0187,209.3256,408.9455,209.0065,408.8286,204.1910,435.8905,204.0176,435.8046,229.0152,360.7217,229.0562,360.9052,393.8961,411.0160,394.1456,410.7131,354.6389,373.3025,354.7458,381.5773
349.3062,431.2760,349.2309,430.7345,356.5120,452.6349,356.6980,446.7953,179.3554,400.7105,179.5824,401.1051,79.7867,401.0848,79.3540,400.9045,394.2465,390.9036,394.2545,390.6556,249.2597,415.8404,249.2295,415.9709,244.4178,440.9959,244.2471,440.9299,209.2672,408.8792,209.2621,408.7312,204.4803,436.1641,204.0919,436.0793,229.4687,360.8964,229.1398,360.9140,394.1714,410.6793,394.3097,410.9394,353.4866,372.8222,353.6457,378.4506
349.5107,431.0910,349.4620,431.0564,358.0905,453.4743,358.2425,450.1087,179.8705,401.1206,179.6010,401.2315,79.9233,400.9451,79.4122,400.8466,394.6573,390.9649,394.6188,391.1582,249.7166,415.7839,249.7209,416.2155,244.8569,441.1093,244.5226,441.0442,209.8088,408.6545,209.7549,409.1852,204.8245,435.5633,204.6613,436.0234,229.6261,361.0916,229.6078,361.1739,394.3511,410.9542,394.3364,411.0000,352.0374,371.5401,352.1144,375.1245
350.0592,431.0668,349.8930,430.6586,359.5547,454.6344,359.5600,453.8171,179.9687,401.0498,180.1081,400.9484,80.1669,401.0220,79.8842,401.2462,394.6915,391.3170,394.5828,391.3582,249.9108,415.8795,250.0146,415.7887,244.9765,440.9659,244.7843,441.0037,210.0605,409.0806,209.9737,408.8029,204.9145,435.8398,204.8902,436.0401,229.7461,360.9989,230.4030,360.8521,394.9125,410.9260,395.1184,411.1483,350.3254,370.5420,350.4277,371.3271
350.2201,431.0100,349.9872,430.9192,360.7376,455.5700,360.7816,457.4439,180.0601,400.8879,180.1639,400.7994,80.2476,401.0787,80.0812,401.0602,395.2748,391.2130,395.1887,390.9858,250.1797,416.1064,250.1440,416.2687,245.2327,440.9056,245.2106,441.1526,210.2726,408.8124,210.2659,408.7673,205.2560,435.9566,205.1039,435.8607,230.0782,361.2361,230.0033,360.8902,395.2375,410.9793,395.0212,411.0678,348.9290,369.3683,348.8707,367.3945
350.3613,430.8953,350.3917,430.9656,362.2584,456.8914,362.4021,460.9300,180.5897,400.6659,180.3779,401.0561,80.5845,401.0632,80.4089,401.0523,395.4249,390.7905,395.6382,390.9594,250.3745,415.9164,250.4189,415.8799,245.5890,441.0589,245.5877,441.0830,210.3611,408.7852,210.2685,408.8313,205.4757,435.9747,205.6308,435.8143,230.7557,361.0334,230.4733,360.7716,395.5626,410.6020,395.2802,411.0189,347.7003,368.5000,347.4494,364.0032
350.5129,430.8582,350.6199,430.6879,363.5849,457.8708,363.7235,464.6168,180.5125,400.8171,180.6761,400.6934,80.5244,400.8538,80.4856,401.0894,395.8174,391.0068,395.3621,390.8397,250.8051,415.6702,250.9200,415.7501,245.6802,440.9817,245.5777,441.0821,210.9948,408.9749,210.6104,409.0053,205.8130,435.9233,205.5029,435.5884,230.5115,360.6158,230.8159,361.0337,395.8554,410.9430,395.7112,410.9784,346.4646,367.1530,346.3421,360.4987
351.1726,430.8418,351.0185,430.9434,365.0635,458.8531,365.1967,467.6362,180.9759,400.6254,180.8293,400.5928,80.9980,400.6404,80.8467,400.7317,395.9925,390.6768,395.9861,390.4878,250.9448,415.8008,250.6971,415.9523,245.9687,441.0213,246.0490,440.8799,211.0801,408.8725,210.9616,408.6920,206.1311,436.0123,205.9078,435.5784,230.8343,360.7016,231.0892,360.8213,395.9480,411.0010,396.0681,410.6863,344.8785,366.0990,344.7312,357.0712
350.8816,430.5013,351.0282,430.7456,366.0686,459.5357,366.2537,470.5206,180.6644,400.6213,181.3693,400.4833,80.8921,400.6883,81.3642,400.4525,396.1799,390.8515,396.0405,390.4444,251.2387,415.6142,251.2262,415.4831,246.3384,440.5727,246.4340,440.8107,211.2437,408.6737,211.3258,408.8698,206.2305,435.6523,206.2383,435.4018,231.2134,360.2665,231.0431,360.8705,396.3173,410.4919,395.7996,410.8075,344.1226,365.3406,343.8170,354.6320
351.3818,430.2935,351.3256,430.7009,366.6690,460.3420,366.9034,472.7078,181.6739,400.8214,181.3251,400.5715,80.8770,400.6436,81.3691,400.5767,396.6025,390.3067,396.3829,390.5961,251.2248,415.4473,251.6436,415.6314,246.2248,440.5664,246.0771,440.8133,211.2744,408.5593,211.3282,408.3838,206.3824,435.6077,206.3453,435.2389,231.3845,360.4705,231.2519,360.2952,396.2971,410.5728,396.4854,410.5166,343.1131,364.9982,342.5546,352.5540
351.3894,430.2732,351.2307,430.4039,367.6885,460.7282,367.8256,473.9873,181.6072,400.5245,181.3329,400.1252,81.1208,400.4192,81.2591,400.5310,396.2973,390.5247,396.2920,390.4647,251.2467,415.0923,251.2519,415.3208,246.4841,440.5126,246.4746,440.3890,211.4280,408.3125,211.3806,408.4904,206.3918,435.3641,206.4872,435.2992,231.6043,360.3418,231.2120,360.2832,396.6322,410.5252,396.2383,410.3919,342.3946,364.2642,342.5035,350.8606
351.3108,430.0997,351.5125,430.2560,367.8660,461.1246,368.0379,474.7475,181.5083,400.1921,181.6053,400.0189,81.6956,400.3515,81.6767,400.2306,396.6723,389.9851,396.1098,390.3684,251.8099,415.3234,251.5419,415.0997,246.4694,440.4145,246.5325,440.0663,211.6886,408.2105,211.4123,408.4471,206.4932,435.0285,206.4406,435.0968,231.3427,360.0302,231.4345,360.1096,396.5526,410.2202,396.1791,409.9147,342.1353,364.2510,342.1186,349.9928
351.6252,430.0910,351.1099,430.3556,367.7311,460.8547,368.0554,475.0284,181.5208,399.9279,181.3941,399.9220,81.5666,399.8432,81.6814,399.9265,396.3806,389.9260,396.5882,390.1277,251.3986,415.0115,251.7012,414.8573,246.4119,439.9929,246.7003,439.9423,211.4462,408.0971,211.6870,407.9662,206.5555,434.9534,206.4259,435.0183,231.4366,359.8685,231.6438,359.9804,396.4537,409.6768,396.5376,410.2998,342.0543,364.0101,341.9578,350.0909
351.3089,429.8404,351.2961,429.9888,367.8682,460.7740,367.6931,474.5027,181.4091,399.8208,181.3979,399.7797,81.4587,399.8715,81.3854,399.9092,396.6469,389.6053,396.7737,389.7653,251.3749,414.7097,251.4922,414.7740,246.3540,439.7435,246.2841,439.6770,211.6791,407.7294,211.6144,407.6475,206.4484,434.8067,206.4624,434.5975,231.3624,359.7951,231.7391,359.7074,396.5227,409.6454,396.3614,409.5943,342.2826,364.2001,342.3121,350.6840
351.3298,429.3696,351.4888,429.5352,367.3321,460.4051,367.2865,473.0422,181.2014,399.7729,181.3878,399.4801,81.1267,399.7088,81.5945,399.5748,396.7141,389.4781,396.3417,389.5129,251.5302,414.3009,251.2519,414.5051,246.3146,439.8449,246.5670,439.8014,211.3567,407.5138,211.3720,407.6844,206.3387,434.5617,206.3954,434.5690,231.3930,359.6431,231.2342,359.6233,396.3258,409.7656,396.3812,409.2957,342.6930,364.4481,342.6353,351.9306
351.3427,429.2329,351.1154,429.2957,366.5574,460.1700,366.5283,471.2999,181.2965,399.4237,181.4463,399.1194,81.0417,399.4651,81.1714,399.2407,396.0773,389.2077,396.1927,389.3373,251.0770,414.5146,251.3372,414.3901,246.1115,439.4022,246.1309,439.6922,211.0482,407.4177,211.1280,407.4039,206.1477,434.5656,205.9530,434.3802,231.2508,359.6685,231.3805,359.4488,396.3357,409.2241,396.4460,409.6112,343.5479,365.1934,343.5285,353.7628
351.0603,429.5234,350.9764,429.2037,365.6715,458.9407,365.2956,468.8608,181.1789,399.0858,180.9467,399.3295,81.0857,398.9758,81.1553,399.3977,396.1400,389.2730,396.0882,389.1776,250.7467,414.0890,251.0782,414.1191,245.8466,439.1727,245.9951,439.0838,211.0255,407.2432,211.2110,407.1124,205.9341,434.4327,205.9486,434.2556,231.2080,359.1667,231.0285,359.2689,395.9427,409.2663,396.3438,409.4369,344.5249,365.9986,344.7100,356.2495
350.8547,429.1829,350.8277,429.1676,364.4857,458.1437,363.9987,466.1157,180.7553,399.2580,181.0094,399.2530,80.9319,399.1629,80.6349,399.2530,395.8796,388.9666,395.9129,388.9733,250.6335,414.0004,250.7539,414.0137,245.7949,439.2955,245.8754,439.1000,210.9717,407.2314,210.8067,407.1355,205.7743,434.0287,205.6937,434.0953,230.7883,359.3150,230.7526,359.3203,395.7093,409.1482,395.6700,409.3906,345.6866,366.8063,345.6435,359.2691
350.5954,429.0519,350.4194,428.9534,363.0698,456.9362,363.1785,462.8281,180.5004,398.9239,180.3667,398.9277,80.2798,398.9978,80.6690,399.0774,395.6890,388.7653,395.5396,389.1896,250.5356,413.7732,250.6353,414.1546,245.7701,438.9701,245.6002,438.8971,210.7425,406.8911,210.6523,406.8312,205.5161,434.2048,205.4299,433.9819,230.4902,359.0665,230.4915,359.1385,395.5127,409.2799,395.5328,409.1749,347.1212,367.7471,347.0857,362.4766
350.3341,429.1696,350.1458,428.9729,361.4865,456.0694,361.4622,458.7250,180.3837,399.0562,180.1988,399.2394,80.0023,398.9307,80.1935,399.0351,395.3732,389.2121,395.1941,389.0232,249.9702,413.8775,249.9305,414.0142,245.0068,438.9957,244.9785,438.9191,210.1181,407.3471,210.1268,407.1985,205.3866,433.8941,205.2643,434.1028,230.4745,358.9479,230.5098,358.9562,395.1552,408.9274,395.1547,408.8562,348.5100,368.8893,348.6650,366.2000
349.9139,428.8580,349.9347,428.9915,359.8155,454.9650,359.9661,454.9167,180.1941,398.9533,180.0413,399.1454,80.1383,398.9712,80.1121,399.0745,394.9573,389.1089,394.9820,388.8478,250.1895,413.9177,249.9429,413.9081,244.8344,438.8674,245.0544,439.0371,210.2751,406.8913,210.0225,406.9380,205.1909,434.0234,205.0625,434.0128,230.1295,358.8167,229.9727,358.9664,394.9833,408.9793,395.0608,409.1646,349.9359,369.8990,349.9897,370.0365
349.9846,428.6782,349.6321,428.9817,358.7419,454.0268,358.4514,451.2701,179.6934,399.1417,179.8684,399.1779,79.8837,398.9758,79.6555,398.9239,394.8743,389.0858,394.7736,389.1119,249.7181,413.8547,249.9854,414.2669,244.6451,438.7964,244.8440,438.7796,209.8954,406.8877,209.5559,406.8228,205.0330,434.0333,204.5198,433.9814,229.5755,358.9032,229.2007,359.0242,394.9268,409.3082,394.7403,408.9504,351.5928,370.9949,351.3479,373.6643
349.6864,429.0505,349.2874,429.0411,356.9173,452.7945,357.3270,447.5495,179.4391,399.0073,179.3746,399.3255,79.2880,399.1921,79.3387,398.9077,394.4459,389.2337,394.3301,388.9722,249.6472,414.2505,249.4481,414.0679,244.3979,438.9170,244.7974,438.9997,209.4547,407.3238,209.4071,407.0444,204.4708,433.7798,204.4771,433.8993,229.4324,358.9458,229.6436,359.3329,394.3627,409.0169,394.3213,408.8639,352.8049,372.5408,352.7917,377.3777
349.0511,429.1646,349.0821,429.4028,355.9039,452.0334,355.5707,444.2518,179.2427,399.0260,179.2663,399.0103,79.1227,399.1581,79.1424,399.1511,394.1537,389.5278,394.2757,389.1941,249.4405,414.1563,249.4049,414.1200,244.0980,439.2306,244.2619,439.0764,209.1308,406.9580,209.1134,407.3181,204.1182,434.1495,204.3775,434.1704,229.0150,359.0904,229.0630,358.9679,394.4346,409.1078,394.1401,409.0326,354.3298,372.9453,354.2845,380.8121
348.8866,429.8832,349.0272,429.2852,354.2620,450.9236,354.6494,441.3570,179.1098,399.1415,178.9988,399.1631,78.6910,399.4106,79.1504,399.1833,394.0036,389.0724,393.9892,389.2484,248.8977,414.2139,249.3244,414.1944,243.9851,439.2549,243.8165,439.1541,208.7317,407.2593,209.0688,407.1653,203.8531,434.2926,204.0872,434.3592,229.2363,359.2453,229.0206,359.3565,393.9670,409.2908,393.6061,409.1737,355.4410,374.0506,355.4075,383.6466
348.7747,429.3414,348.6254,429.4211,353.5329,450.2411,353.4045,438.9856,179.0536,399.5650,178.8170,399.3027,78.6863,399.5068,78.9433,399.3993,393.7435,389.7957,393.8132,389.4828,248.8920,414.1684,248.7029,414.3482,243.7054,439.1920,244.1601,439.5551,208.9008,407.2850,208.6886,407.3952,203.6423,434.5773,203.8994,434.4165,228.8162,359.4331,228.6572,359.4058,394.0193,409.5624,394.0159,409.4015,356.5635,374.8208,356.4602,385.9938
348.7884,429.6337,348.6238,429.5129,352.6838,449.5533,352.9378,436.8520,178.7818,399.6269,178.4091,399.5819,78.5298,399.5213,78.7837,399.4914,393.7157,389.5155,393.6718,389.7234,248.7850,414.2751,248.8006,414.5761,243.6385,439.4743,243.7354,439.5671,208.5380,407.5386,208.4530,407.7353,203.8880,434.4734,203.7204,434.5387,228.6109,359.7189,228.6523,359.4717,393.5346,409.5620,393.6071,409.7303,357.1751,375.4619,357.1908,388.3006
348.4294,429.8916,348.3914,429.8110,351.8549,449.1308,352.0758,435.5101,178.5138,399.8479,178.6240,399.7989,78.5109,399.9731,78.4081,399.8809,393.7533,389.7783,393.4833,389.6149,248.5794,414.8210,248.5967,414.7209,243.4785,439.7342,243.8522,439.8600,208.4782,407.9121,208.4185,407.7222,203.3272,434.8395,203.5655,434.6422,228.8184,359.7595,228.5570,359.7732,393.3053,409.7871,393.6046,409.8338,357.6725,375.7879,357.6810,389.3920
348.3746,430.0121,348.3345,429.9493,351.9607,449.1868,351.8939,434.9986,178.2266,399.8452,178.2770,399.9763,78.3926,399.7970,78.3583,399.7523,393.5188,389.8394,393.5832,389.9717,248.4880,415.0801,248.7404,414.7596,243.5386,439.9198,243.5502,439.8271,208.5677,407.9812,208.4336,408.1182,203.6449,434.9569,203.3678,434.7197,228.6377,360.0197,228.5609,359.9165,393.4816,410.1355,393.7060,409.8236,358.0632,376.0580,357.8399,389.6398
348.2038,430.1561,348.7856,429.9269,352.0914,449.0926,351.8076,435.2854,178.6691,400.0898,178.6228,400.0603,78.6711,399.9600,78.4744,400.0871,393.5354,390.1874,393.2562,390.1076,248.5855,414.9090,248.5102,415.0488,243.7313,440.0189,243.8168,439.7200,208.5868,408.2887,208.6737,407.9508,203.2521,435.2537,203.6349,435.4116,228.8286,359.9191,228.9176,360.0408,393.3273,409.7917,393.8601,410.2342,357.7524,375.9991,357.9073,390.1198
348.4487,430.1517,348.8120,430.4113,352.3711,449.4839,352.1993,435.9518,178.8064,400.3873,178.5873,400.4651,78.2741,400.2828,78.3996,400.4125,393.7128,390.4241,393.4979,390.0919,248.3475,415.2454,248.4298,415.3383,243.6324,440.3783,243.5535,440.6213,208.5152,408.3265,208.5575,408.1133,203.7553,435.5008,203.5154,435.3910,228.4474,360.4101,228.4726,360.3401,393.6669,410.2151,393.5369,410.4756,357.4221,376.0347,357.5275,389.0127
348.5259,430.7812,348.8085,430.6685,352.6542,449.7752,353.1304,437.3422,178.6200,400.5941,178.4827,400.5759,78.7287,400.4817,78.8617,400.5562,393.5501,390.4420,393.6288,390.6842,248.6451,415.4776,248.5758,415.5995,243.6333,440.5087,243.4189,440.6360,208.6143,408.6412,208.6523,408.5646,203.8345,435.7995,203.8348,435.4750,229.0294,360.2539,228.3050,360.4090,393.6945,410.4059,393.7257,410.4540,357.2409,374.7768,357.0039,387.4784
348.7957,430.6724,348.8870,430.8368,353.9605,450.5089,353.7148,439.3526,178.7210,400.4146,178.8854,400.8207,78.7578,400.6431,78.6677,400.4575,393.9035,390.3797,393.8108,390.7439,248.8307,415.9433,249.0985,415.6967,243.7832,440.6061,243.8561,440.5922,209.1287,408.3996,208.8060,408.5900,204.2176,435.5968,204.0687,435.6038,228.7907,360.5709,228.7912,360.9082,393.8603,410.5832,393.7539,410.6676,356.3698,374.8410,356.4600,385.3240
349.0406,430.9561,349.0816,430.8030,354.9785,451.1760,354.9036,442.0015,179.1054,400.5563,179.0387,400.8134,78.9264,400.7663,79.1403,400.9731,394.1509,390.7339,394.1594,390.7104,249.1768,416.0921,248.9125,415.7598,243.8873,440.4314,243.8816,440.5000,209.1905,408.6548,208.8257,408.8454,203.9041,435.6916,204.1032,435.8628,229.1288,360.6370,228.9827,360.9559,393.7476,410.8534,393.7966,410.5073,355.0870,373.8883,355.2195,382.6391
349.0803,431.1470,349.2762,430.5716,355.9267,451.9551,355.9928,445.4437,179.1772,400.9943,179.5640,400.8028,79.2782,400.7934,79.3697,400.8206,394.1523,391.0867,394.5295,390.9769,249.2060,415.8296,249.1341,415.8903,243.9894,440.9179,244.3491,440.5471,209.0601,408.9190,209.5307,408.9351,204.2513,436.2028,204.2690,436.0180,229.2614,360.9126,229.3822,360.9341,394.0304,410.7911,394.3108,410.9919,353.6607,372.9584,353.8838,379.8179
349.7546,430.9094,349.4226,430.9954,357.5713,453.1724,357.2881,448.9336,179.5848,401.0913,179.6293,400.8233,79.6852,400.9669,79.2485,401.0889,394.5218,390.7864,394.3504,390.7839,249.6636,416.0797,249.5389,415.9996,244.6606,441.1807,244.6244,440.8917,209.3267,408.7527,209.6536,408.9648,204.7924,436.0588,204.4018,435.7647,229.5845,360.9533,229.5889,360.8863,394.6134,410.8663,394.6764,410.7817,352.5724,371.7288,352.6895,376.0853
350.1155,431.0314,349.9648,430.9911,359.1373,454.2886,358.8727,452.6059,179.5754,400.9077,179.7223,401.0377,79.9131,400.9991,80.0452,401.1704,394.8192,390.8488,394.7452,390.8275,249.6679,416.0280,249.6820,416.0432,244.8162,441.0644,244.7133,440.8032,209.9190,409.1290,209.7244,409.0958,204.3914,435.7689,204.6070,435.9595,229.8507,361.1776,229.8778,360.7698,395.1275,410.6668,394.8641,410.9399,351.0423,370.8874,350.9859,372.6288
349.9537,431.2747,350.0235,430.8633,360.5981,455.3725,360.9795,456.0827,180.0815,400.9487,180.2103,400.7228,80.3216,401.1080,80.1928,400.8500,394.9543,390.9000,394.9807,390.7733,249.7395,415.9224,250.1109,415.8394,244.9250,441.1925,245.1945,440.9992,210.2342,408.9824,210.4319,408.8663,204.9376,435.8623,205.2126,436.1296,230.4102,361.1059,230.1982,360.8767,395.1316,411.0203,395.0949,410.8024,349.4724,369.4727,349.5172,368.8011
350.1513,431.1194,350.3119,431.0565,361.7326,456.5710,361.9625,460.0336,180.5189,400.8605,180.4400,400.9733,80.2282,400.8672,80.3312,400.8778,395.4400,391.0354,395.3361,391.0838,250.5712,416.1611,250.2912,415.8939,245.2887,440.9510,245.5400,440.9680,210.0815,409.3779,210.3329,408.8434,205.2622,436.1497,205.6722,435.9245,230.3190,361.2171,230.5794,360.9438,395.3112,410.9930,395.1104,410.7142,347.7040,368.7037,348.0242,364.9912
350.7167,430.9756,350.5052,430.9748,363.5841,457.4380,363.1648,463.2019,180.6020,400.6765,180.6513,401.0325,80.4528,400.7215,80.7450,401.0427,395.6012,390.8299,395.4375,390.5086,250.7265,415.9092,250.9200,415.9347,245.4915,440.9068,245.5800,440.8556,210.6937,408.7915,210.6847,409.0685,205.6862,435.9121,205.5111,435.8231,230.3667,360.6533,230.7309,360.6213,395.6456,410.9508,395.8134,411.0317,346.5365,367.7344,346.6968,361.5199
351.0091,430.9187,350.8021,430.8712,364.8990,458.5898,364.4092,466.9522,181.0671,400.9028,180.9406,400.8044,80.7514,400.7560,81.0221,400.6940,395.4611,391.0447,395.7357,390.8410,251.2053,415.9806,250.7592,415.7463,246.0026,440.9881,245.9314,440.9597,211.0863,408.7935,210.9380,408.9524,205.8088,435.4671,205.8608,435.9865,230.8734,361.1871,230.9555,360.8867,395.7485,410.6383,395.9528,410.9647,345.5412,366.4268,345.4163,358.2358
351.2402,430.6585,351.2729,430.9810,365.8724,459.5123,365.5523,469.2917,181.0369,400.5621,181.2937,400.8854,81.1646,400.5348,80.7994,400.7639,396.2026,390.5507,395.8345,390.8837,251.1027,415.6391,251.3264,415.4795,246.1005,440.2147,246.1936,440.5860,211.0545,408.3499,210.9022,408.5898,206.0104,435.6005,205.8755,435.5715,231.6065,360.9234,230.9899,361.0248,396.0945,410.5733,395.9045,410.7080,343.8254,365.5579,344.2219,355.2738
351.3176,430.5379,351.4485,430.4321,366.9018,459.8231,367.0864,471.7796,181.4975,400.4280,181.2319,400.5117,81.0604,400.4641,81.3294,400.5192,396.2007,390.4783,396.4018,390.5084,251.3437,415.4975,251.3248,415.3638,246.5128,440.6111,246.1844,440.4076,211.2419,408.5570,211.2706,408.4569,206.4501,435.4031,206.3265,435.7067,231.1130,360.5507,231.2447,360.3992,396.2671,410.5168,396.2702,410.6402,342.9946,364.7265,343.4431,353.0030
351.7540,430.5757,351.2162,430.4519,367.1654,460.6312,367.3917,473.7454,181.3662,400.5952,181.3504,400.1988,81.4139,400.4104,81.2187,400.4052,396.4779,390.3191,396.6155,390.2984,251.3799,415.1747,251.6442,415.4421,246.5473,440.2624,246.5693,440.3266,211.2995,408.1956,211.4201,408.5322,206.0796,435.4779,206.3704,435.3442,231.5964,360.2017,231.3638,360.4171,396.3500,410.1877,396.3554,410.1994,342.6868,364.2611,342.6485,351.2714
351.6084,430.2416,351.5438,430.1448,368.0205,460.9716,367.7357,474.4799,181.5214,400.0567,181.6416,400.2060,81.3691,400.1608,81.2222,400.0648,396.3496,390.0050,396.7234,390.1632,251.2001,414.9719,251.5225,415.2238,246.2933,440.0328,246.7359,440.0095,211.5624,408.5746,211.5218,408.1099,206.4837,435.1011,206.3052,435.1555,231.5073,360.1657,231.3845,360.3739,396.5166,410.4309,396.6137,410.1035,341.7790,364.2448,342.2842,350.4720
351.3932,429.9650,351.4054,430.0989,368.0490,460.9513,368.0680,475.0040,181.6896,399.9230,181.4327,400.0558,81.7398,399.8762,81.5263,400.0895,396.4257,389.9851,396.4250,390.0887,251.5770,415.0842,251.5723,415.0962,246.5777,439.9579,246.3667,439.8752,211.5649,407.6011,211.3800,408.0605,206.5130,435.1275,206.2546,435.2962,231.1351,360.1205,231.5238,359.6672,396.5046,409.9288,396.3683,410.0301,341.8246,364.0621,342.1856,349.7278
351.5952,429.7349,351.4814,429.8942,367.8897,460.5734,368.0230,474.7694,181.5223,399.8602,181.4332,399.7007,81.6013,399.4620,81.3149,399.7812,396.3778,389.6683,396.3454,389.7927,251.5598,414.6621,251.4493,415.1010,246.6198,439.8213,246.5781,439.8077,211.5542,407.6903,211.2789,407.6013,206.5071,434.8101,206.5279,434.8908,231.5242,359.7613,231.4928,359.7947,396.7297,409.7933,396.5680,409.7302,342.0340,363.9629,342.0122,350.1850
351.3499,429.7792,351.2243,429.8405,367.6988,460.5277,367.5495,473.4636,181.0454,399.5775,181.3397,399.9013,81.4223,399.3907,81.2296,399.6776,396.2876,389.7917,396.1867,389.6894,251.3321,414.7661,251.4117,414.4846,246.4846,439.3639,246.3001,439.9035,211.2017,407.6324,211.3000,407.6645,206.4021,434.5700,206.2663,434.6826,231.1037,359.7293,231.3964,359.9952,396.3301,409.3568,396.4818,409.9008,342.6235,364.3194,342.7464,351.1795
351.1218,429.1956,351.2933,429.5757,366.8079,459.9755,366.5835,471.7944,181.3013,399.4116,181.1691,399.3088,81.3070,399.1417,81.1771,399.3220,396.0700,389.3152,396.2848,389.6251,251.1861,414.5489,251.1459,414.6724,246.3076,439.2540,246.1748,439.7193,211.4765,407.6687,210.9489,407.4738,206.4867,434.5075,206.1191,434.2705,231.6492,359.7365,231.0613,359.3151,396.3015,409.4180,396.1025,409.4115,343.2503,364.8759,343.2252,352.9833
351.1945,429.3766,351.1333,429.1571,365.6893,459.6478,365.6145,469.4732,181.2815,399.2300,181.0997,399.1692,81.2534,399.1267,81.0869,399.2848,395.8817,389.2212,396.2666,389.3031,251.0658,414.6908,250.9432,414.5090,246.0171,439.0154,246.1812,439.4688,211.2183,407.2969,211.0660,407.0747,206.0233,434.2873,206.2717,434.2351,231.3162,359.1992,230.9308,359.5950,396.2671,409.3293,396.2078,409.4270,344.1543,365.6284,343.8996,355.7512
350.7711,429.2868,350.9145,429.4025,364.6629,458.8839,364.9341,466.8998,180.8518,399.1360,180.8481,399.4108,80.7831,399.2149,80.8466,399.0802,396.1752,389.4967,396.1306,389.0020,250.8826,414.0723,250.5313,414.1475,246.1862,439.2257,245.8169,439.0543,210.6639,407.1164,210.5759,407.2425,205.6913,434.2200,205.8307,434.2384,230.5660,359.0298,230.6706,358.9193,395.9653,408.6727,395.7343,409.3631,345.3897,366.2644,345.6573,358.2685
350.6474,428.9615,350.7783,429.1846,363.6012,457.3326,363.2515,463.5756,180.6870,399.0673,180.7204,398.8549,80.5798,399.0219,80.6343,399.0865,395.9120,389.1030,395.6944,388.9082,250.5804,414.0740,250.7280,414.2767,245.6725,439.1799,245.3949,439.2252,210.5490,407.3108,210.6687,407.3554,205.7397,433.9494,205.9107,433.9135,230.6618,359.0833,230.6353,359.0149,395.7734,409.2596,395.6278,409.2100,346.3645,367.5861,346.6209,361.3577
350.3486,428.7742,350.2927,428.9082,361.9235,456.3938,361.8276,459.8995,180.3748,398.9948,180.3569,399.1347,80.3090,398.9923,80.3338,399.1660,395.3464,388.9570,395.5691,389.0021,250.3491,414.2765,250.0394,414.0650,245.3162,438.9944,245.5786,438.8835,210.1177,407.1322,210.3848,407.1803,205.4570,433.9799,205.2953,434.0230,230.1505,359.1277,230.3106,358.7992,395.5649,409.2342,395.6654,408.8675,347.9408,368.8999,347.8983,365.1303
349.7279,429.0605,350.3043,428.9148,360.4803,455.3691,360.4846,456.2633,180.0374,399.0546,180.0411,398.8787,80.1739,399.1887,80.1583,399.0872,394.8673,388.9143,395.0961,389.0869,250.2419,413.8100,250.3777,413.9657,245.3244,438.9234,245.1498,439.1531,210.2198,406.8587,209.8729,406.8580,205.0041,433.8491,205.0682,433.9024,230.2567,358.8986,230.2636,359.1564,394.8946,409.1950,395.0278,408.9798,349.5507,369.5498,349.6107,368.7925
349.7485,429.0835,349.7191,428.8325,359.0826,454.2613,359.0135,452.5631,179.7604,399.2912,179.7450,398.8874,80.1185,398.7980,79.5973,398.8666,394.7972,388.8449,394.5493,388.9806,249.8350,414.1304,249.9737,413.7622,244.6805,439.0923,245.0909,439.1110,209.9109,406.8124,209.9200,406.9759,204.8966,434.1717,204.8318,434.1614,229.6278,358.9650,229.6332,359.1530,394.6780,409.1755,394.9446,409.1017,350.8973,370.8167,351.0921,372.4884
349.4180,428.7309,349.6331,428.9535,357.5081,453.0962,357.5009,449.1266,179.3934,398.9272,179.4416,399.1501,79.8715,399.1578,79.7451,399.0313,394.6396,388.9348,394.4148,389.1867,249.7006,413.9935,249.6420,414.1493,244.3539,438.9816,244.2574,438.9368,209.4358,406.8860,209.7078,407.1386,204.7120,433.9816,204.7004,434.0522,229.7023,359.1814,229.4891,358.9763,394.6404,409.1413,394.5950,408.9306,352.2909,371.7983,352.6568,376.4588
349.3005,429.2919,349.5999,429.3768,356.0153,451.9082,356.0645,445.2385,179.4307,399.2075,178.9784,399.2584,79.2260,399.1674,79.1370,399.1053,394.0077,389.1649,394.2649,389.1999,249.2938,414.1023,249.3976,414.0008,244.4073,439.1837,244.4750,438.8957,209.0662,407.3806,209.2174,407.3995,204.1436,434.4114,204.7031,433.9807,229.2383,359.2095,229.2233,358.9725,394.2758,409.1801,394.5238,408.8695,353.5997,372.9599,353.8067,379.6032
349.4302,429.3593,349.1313,429.0581,354.8614,451.3851,354.5654,442.3329,179.3798,399.1802,178.9874,399.2102,79.0070,399.2235,78.9741,398.9756,393.9173,389.1463,394.1183,389.4874,248.9558,414.1392,249.0340,414.3638,244.0953,439.3006,244.1935,439.3201,208.9827,407.1309,209.0978,407.2633,204.1876,434.1729,204.1852,434.0216,228.6056,359.2617,228.7489,359.0918,394.1035,409.2083,394.1111,409.4654,355.1662,374.0335,355.2884,382.6017
349.0540,429.3206,348.9760,429.2984,354.0292,450.4434,354.0829,439.4836,178.8648,399.5297,179.0074,399.5269,78.8052,399.4020,78.8286,399.2796,393.9203,389.2523,393.7935,389.3827,249.0406,414.3199,248.7296,414.4442,243.9563,439.5114,243.9154,439.5100,208.6019,407.4701,208.8829,407.4061,204.0638,434.4044,204.0004,434.4672,228.6539,359.3262,228.8091,359.5937,393.9056,409.2104,393.7614,409.3292,355.8772,374.6121,356.2354,385.4211
348.6152,429.4327,348.6137,429.5756,352.8518,449.6736,353.1154,437.3797,178.6092,399.3793,178.9406,399.4035,78.9450,399.5243,78.8091,399.3339,394.0395,389.3841,393.7623,389.4021,248.7123,414.2107,248.7546,414.5468,243.8033,439.4330,243.5577,439.6407,208.7216,407.4323,208.5295,407.9273,203.5130,434.5716,203.8714,434.6364,228.6584,359.5792,228.7126,359.5299,393.6530,409.4275,393.5846,409.6033,356.9973,375.1162,356.8039,387.7808
348.5375,429.7098,348.4861,429.6626,352.2851,449.2435,352.3362,435.7038,178.4913,399.4947,178.5356,399.5104,78.5789,399.7133,78.7408,399.4325,393.7397,389.6683,393.5018,389.4214,248.3396,414.7590,248.7593,414.4475,243.4725,439.7620,243.6603,439.7276,208.6694,407.4981,208.3721,407.9220,203.9115,434.8004,203.7706,434.6554,228.6142,359.7406,228.3562,359.8118,393.7543,409.6492,393.6809,409.5653,357.5524,375.6281,357.5086,388.8381
348.4042,429.9810,348.5435,429.8269,352.3637,449.0576,352.2234,435.2358,178.4806,399.7594,178.4455,399.8136,78.3994,399.6959,78.7289,399.5801,393.2813,389.8615,393.7361,389.5852,248.2191,414.8129,248.4578,414.9615,243.1364,439.8905,243.4738,439.7486,208.7899,407.9949,208.5979,407.8688,203.4747,435.0040,203.6414,434.8047,228.4187,359.5984,228.3437,359.8867,393.3484,409.8315,393.1672,409.6579,358.0126,375.8818,357.8860,389.4978
348.3135,430.0318,348.2353,429.9194,352.0838,449.0200,351.8712,435.1997,178.4869,399.9151,178.5816,399.8515,78.4808,400.2610,78.4191,400.0224,393.6989,390.1156,393.6728,389.9541,248.3843,415.1220,248.4604,415.1433,243.4375,440.1276,243.4187,439.7086,208.2824,408.1368,208.5366,408.0146,203.3416,435.4241,203.4403,434.8879,228.3440,359.9878,228.7813,360.1454,393.2034,410.1060,393.5544,410.1203,357.6384,375.9789,357.9035,389.8981
348.6033,430.2302,348.6640,430.1944,352.5240,449.0532,352.1676,435.3955,178.4145,400.1448,178.3772,400.3885,78.5524,400.3311,78.5406,400.1538,393.8515,390.3456,393.5956,389.9709,248.4481,415.1502,248.6752,415.4241,243.4406,440.2298,243.5450,440.2088,208.3047,408.1507,208.6844,408.2498,203.5605,435.3916,203.5477,435.3774,228.4310,360.2086,228.7503,360.1558,393.6241,410.3499,393.7163,410.2161,357.4811,375.8164,357.8288,389.5328
348.3085,430.6355,348.4806,430.6098,352.9023,449.5837,352.8426,436.9939,178.7430,400.3484,178.5818,400.6352,78.6042,400.5398,78.6292,400.5668,393.7018,390.5160,393.6323,390.4684,248.4002,415.7466,248.6663,415.3153,243.4887,440.2104,243.3420,440.7291,208.6886,408.2457,208.7275,408.6222,203.5584,435.3245,203.5677,435.3236,228.4682,360.6913,228.5503,360.2638,393.7537,410.2404,393.5947,410.5091,357.1991,375.5624,357.1551,387.8596
348.6381,430.8426,348.7532,430.5892,353.6789,450.4329,353.5178,438.8669,178.8579,400.5866,178.7934,400.4895,78.7939,400.4569,78.9697,400.5840,393.8932,390.5909,393.4207,390.6408,248.9990,415.7529,248.6268,415.5664,243.7640,440.6435,243.6444,440.7808,208.6588,408.7306,208.7975,408.3968,204.0983,435.4138,204.2193,435.4238,228.6033,360.6162,228.8552,360.4063,393.6042,410.7687,393.7450,410.6593,356.4310,374.7507,356.3543,386.1278
348.9705,430.3708,348.8251,430.5549,354.4992,450.8318,354.6823,441.5537,178.8475,400.5073,178.8368,400.8655,78.8644,400.6590,78.8910,400.8523,394.0170,390.3672,393.8872,391.0386,249.0339,415.7648,249.2751,415.5193,243.9754,440.8603,244.0382,440.6980,208.8133,408.7554,209.2088,408.5815,203.6683,435.7367,204.0674,435.9180,229.0174,360.8109,228.8448,360.9555,393.9349,410.8339,393.8893,410.6584,355.2026,373.7679,355.3009,383.7550
349.2732,430.6950,349.4110,430.8488,355.6072,451.6298,355.8116,444.1746,179.3654,401.0170,179.1295,400.7955,79.1319,400.8695,79.0686,400.7970,394.4871,390.7344,394.3709,391.0836,249.3284,415.8907,249.0488,415.6263,244.1664,440.7605,244.0635,440.9345,209.1553,408.8496,209.3239,408.5457,203.9780,436.0016,204.2948,436.0176,229.0209,361.0429,228.9324,360.7825,394.1515,410.8135,394.2609,410.8956,354.4316,373.2916,354.3992,380.4337
349.3406,430.9817,349.6366,430.7529,357.2492,452.9122,357.0851,447.7483,179.4238,400.9423,179.2551,400.9045,79.6573,401.1324,79.2656,400.9358,394.2650,390.9547,394.4803,391.2009,249.4845,415.8292,249.4289,416.1338,244.6781,441.1114,244.6738,440.9924,209.4440,408.7036,209.4614,408.8575,204.4835,435.8798,204.4328,435.9658,229.6038,360.8640,229.4011,361.2312,394.5849,410.7711,394.3066,410.9081,353.0468,372.1693,353.0132,377.3763
349.6488,430.7673,349.7543,430.7605,358.6286,453.7485,358.5429,451.2094,179.7808,400.8341,179.7848,400.9227,79.8010,400.7979,79.9104,401.1458,394.6841,391.0911,394.8286,390.9639,249.4910,416.1199,249.9502,416.0162,244.9856,440.8995,244.6447,440.9121,209.9064,408.9528,209.9889,408.9978,204.9204,436.0649,204.4410,436.1733,229.4287,361.1111,229.5370,360.7587,394.5128,411.2126,394.7141,411.3589,351.4053,371.2792,351.5202,373.6870
350.0387,431.0129,350.2293,431.3301,359.9151,455.0992,359.7974,455.2441,180.3079,400.7265,180.1121,400.8687,80.0707,401.1124,79.9973,401.1404,395.0601,390.8936,395.4301,391.0170,250.1545,416.4104,249.9876,415.8773,244.8439,440.8732,245.0670,440.9441,209.9621,409.2661,209.8757,408.7892,205.0333,436.0620,205.0504,435.8372,229.9426,361.1281,230.0151,360.7118,395.1776,411.0064,394.8042,410.9322,349.9006,370.0303,349.9321,369.9466
350.2507,431.0072,350.2145,430.9758,361.4627,456.3165,361.3931,458.5953,180.2922,400.9425,180.2486,401.2416,80.5504,400.9559,80.0581,400.8266,395.3596,390.8446,395.4357,391.0844,250.0696,415.9494,250.0492,415.7475,245.1294,440.8779,245.4968,440.9651,210.3315,409.1114,209.9509,408.7770,205.4743,436.0063,204.9551,435.9700,230.1693,361.1772,230.2106,361.1036,395.4640,411.1064,395.0813,410.8754,348.5815,368.9951,348.4316,366.3704
350.2300,430.9060,350.8664,431.2092,362.7702,457.1643,362.7104,462.2546,180.2298,400.8735,180.5507,400.8142,80.5412,400.8585,80.5572,400.8838,395.3348,390.9785,395.5061,390.8505,250.6007,416.0717,250.6561,416.0914,245.8561,440.6933,245.5461,440.9022,210.5663,408.8298,210.5537,409.0913,205.8297,435.8842,205.4104,436.0578,230.5229,360.7535,230.2113,360.8521,395.5752,410.7453,395.3768,411.1195,347.0049,367.6667,346.9450,362.6985
350.5586,430.7969,351.0185,430.9287,364.2283,458.1276,364.3121,465.5721,180.6613,400.7320,181.0181,400.8606,80.8000,401.0650,80.8761,400.7092,395.9142,390.6898,395.7872,390.7930,250.4512,416.0507,250.7606,415.7837,245.5305,440.9656,245.8992,440.8175,210.8030,408.7437,210.7001,408.8005,205.8020,435.7972,205.6835,435.6587,230.6339,360.9644,230.6790,360.7218,395.7590,410.7258,395.8955,411.0634,345.7792,366.7462,345.6344,359.2347
351.0601,430.7405,351.2366,430.4793,365.3657,459.1672,365.3577,468.8194,181.1742,400.4103,180.8655,401.1187,80.9233,400.7097,80.8397,400.9438,396.1447,390.5931,396.1291,390.4161,250.9753,415.9208,251.3491,415.7561,246.1023,440.6454,246.0885,440.6688,211.0999,408.8677,211.1276,409.0236,206.0487,435.7761,205.8675,435.6746,231.0523,360.8349,230.9649,360.6835,395.7890,410.8190,396.1120,410.5855,344.4617,366.0639,344.6407,356.1598
351.0423,430.3526,351.0539,430.5290,366.4585,459.9564,366.5067,471.0289,181.0230,400.6518,181.2624,400.5722,81.2737,400.7340,81.4573,400.6204,396.1929,390.6830,396.2282,390.7747,251.1905,415.2839,251.2018,415.3801,246.1672,440.5975,246.2517,440.3488,211.4166,408.7292,211.3997,408.5268,205.9244,435.4924,206.0432,435.5873,231.2056,360.6658,231.0824,360.5593,396.2136,410.6916,396.3341,410.4571,343.5219,364.9137,343.7422,353.8827
351.5440,430.5769,351.5896,430.3421,367.3518,460.3848,367.1278,473.1951,181.4157,400.2123,181.3631,400.6673,81.5266,400.3869,81.2575,400.4741,396.4236,390.4578,396.3983,390.1654,251.5384,415.7561,251.4398,415.5031,246.4771,440.2276,246.5382,440.4693,211.2723,408.6852,211.2541,408.5763,206.3292,435.2375,206.1950,435.5072,231.4719,360.3810,231.1307,360.4910,396.3791,410.2007,396.2255,410.4665,342.8883,364.6070,342.6603,352.0523
351.4210,430.2185,351.4011,430.3328,367.6752,460.9709,367.6159,474.2630,181.3816,400.4233,181.3595,400.0855,81.5347,400.0626,81.5522,400.1676,396.4714,390.2873,396.3665,390.4967,251.3456,415.0723,251.5031,415.3419,246.6952,440.1586,246.4319,440.1723,211.4843,408.2287,211.8545,408.1450,206.7457,435.2026,206.2674,435.2686,231.2529,360.2423,231.6199,359.9705,396.2233,410.2134,396.5786,410.1683,342.3848,364.0754,342.2054,350.5230
351.2191,429.9223,351.3327,429.9647,367.9758,460.9632,367.8417,475.1237,181.3720,400.0165,181.5544,400.0639,81.8780,400.3471,81.4671,400.2852,396.4359,390.1366,396.4740,390.1912,251.6828,415.1544,251.4167,415.0536,246.3341,439.9275,246.4027,440.1679,211.6034,408.0031,211.2827,408.2363,206.2745,434.8837,206.7451,435.0097,231.7090,360.2211,231.3367,360.1212,396.5769,409.9281,396.5325,410.0410,341.9805,364.0247,342.2425,349.9808
351.6391,430.0899,351.6149,429.6090,367.7435,461.1580,368.0057,474.7893,181.3115,399.8387,181.3896,399.7324,81.5743,399.9800,81.3463,399.8466,396.3695,389.7344,396.3697,389.8371,251.3653,414.7645,251.4889,414.7378,246.3915,439.7965,246.4393,439.7350,211.4068,407.8306,211.1530,407.9698,206.2935,434.9349,206.1522,434.8944,231.3198,360.1860,231.5204,359.8532,396.4228,409.7428,396.3727,409.7419,341.8896,363.8203,342.0137,350.2929
351.5552,429.5109,351.5125,429.5421,367.7074,460.6693,367.6795,474.2523,181.3203,399.6841,181.5338,399.4376,81.5464,399.7530,81.4458,399.5917,396.4082,389.6195,396.5205,389.6295,251.5968,414.6761,251.3143,415.1879,246.5439,439.6675,246.2491,439.5878,211.4447,407.7730,211.3907,407.5721,206.1696,434.5295,206.4598,434.6950,231.5980,359.6043,231.5544,359.6991,396.3770,409.6815,396.1747,409.4786,342.2466,364.3702,342.3446,350.8079
351.4031,429.6866,351.2936,429.4333,366.9232,460.4522,366.7951,472.3039,181.5713,399.4488,181.4722,399.7018,81.4412,399.4990,81.4313,399.7741,396.0520,389.3672,396.4880,389.4193,251.4844,414.1862,251.3982,414.5668,246.5745,439.5007,246.3099,439.5556,211.3839,407.6868,210.9940,407.4229,206.1841,434.3300,206.4917,434.5013,231.2673,359.6414,231.2163,359.6688,396.1268,409.8169,396.3387,409.5382,343.0019,364.4846,342.9732,352.5900
351.2963,429.0116,351.1761,429.3397,366.2596,459.6183,365.8401,470.2878,181.4644,399.3567,181.0322,399.3863,81.0082,399.3282,81.1154,399.3230,396.2957,389.4316,396.3070,389.2576,251.1970,414.5252,251.1660,414.6653,246.4583,439.1352,246.1843,439.4753,211.2392,407.5573,211.3560,407.4306,206.1107,434.5273,206.1944,434.5214,231.4521,359.5909,231.0465,359.5681,396.2800,409.5226,396.0323,409.5490,343.7346,365.3358,343.9343,354.5799
350.8779,429.4855,350.9500,429.0019,365.0881,458.5881,365.0298,467.8401,181.0931,399.1771,180.8440,399.2717,80.7622,399.3850,80.7678,399.4098,395.9996,389.2623,395.9421,389.1849,250.9876,414.4702,250.8665,414.2976,245.9873,439.5729,246.1895,439.0471,210.9088,407.2191,211.2528,407.1207,206.0035,434.3312,205.7816,434.4118,230.8389,359.0552,230.9325,359.1927,395.7845,409.3906,396.1562,409.2740,344.9866,366.4178,344.8660,357.3501
350.5147,429.2212,350.9693,429.0742,363.8865,458.0633,364.0676,464.4766,180.6338,399.0262,180.6655,398.9964,80.9149,399.2255,80.8761,399.0456,395.9563,389.2049,395.6860,389.1824,250.9185,414.2726,250.7552,414.3049,245.7187,439.2297,245.9338,439.0191,210.6733,407.1555,210.7657,407.0349,205.6139,433.8422,205.7325,433.9122,230.5887,359.0788,230.9142,359.0155,395.5648,409.4580,395.6095,409.0037,345.9920,367.3176,346.0053,360.2398
350.4735,429.0337,350.5174,429.0225,362.5346,456.8852,362.4537,461.2117,180.5281,399.1682,180.2775,398.9767,80.4556,399.0048,80.4763,399.0680,395.2612,388.9443,395.2925,389.0425,250.6190,413.9237,250.4216,414.0344,245.5895,439.0456,245.3631,439.1150,210.2672,406.8353,210.2324,407.1321,205.4131,434.0322,205.2383,433.9375,230.3688,359.1018,230.3143,359.1981,395.3851,409.0864,395.6216,409.2568,347.4110,367.9448,347.6900,363.9197
350.2826,428.9970,349.8414,429.0780,361.1405,455.5393,360.9057,457.2367,180.3826,399.1139,180.2026,398.9178,80.1704,398.9449,80.3963,399.1247,394.8070,388.8951,395.0811,389.0027,250.2679,413.9409,250.1692,414.0894,245.0921,439.0697,245.1829,439.2826,210.1912,406.9371,209.9161,407.0362,205.1434,434.0602,205.0427,433.6338,230.1950,359.1080,230.2397,359.3027,394.9322,409.1942,395.1039,409.0377,349.1750,369.2126,348.8922,367.2622
349.7420,428.8915,349.9139,428.9737,359.6788,454.8333,359.6243,453.7156,179.7896,398.9547,179.9829,398.8591,79.9165,398.9308,80.0641,399.0394,394.8899,388.8110,394.7548,388.9671,249.6879,413.9455,249.4366,413.8652,244.9944,439.0857,245.2629,439.1169,209.8065,407.2762,209.9685,407.1698,204.6294,433.8752,204.7991,434.1895,230.0441,358.9038,230.2084,358.9494,394.9411,409.1612,394.8688,408.8415,350.2473,370.4329,350.6149,371.0751
349.9261,429.2679,349.7764,428.8633,357.7913,453.3064,358.0949,450.2771,179.6274,399.1779,179.8080,399.1027,79.6970,398.8726,80.0644,398.9240,394.9068,388.7557,394.8432,389.3678,249.7054,414.1208,249.4354,414.2222,244.7168,438.8434,244.6958,438.9603,209.9533,406.9472,209.5781,406.8933,204.4405,433.9504,204.4794,434.1582,229.6594,359.1251,229.6782,359.1439,394.8396,409.1703,394.5427,408.9516,351.9693,371.6505,351.9467,374.8662
349.2217,428.8708,349.0595,429.1884,356.6955,452.3019,356.5908,446.2889,179.3202,399.2696,179.2785,398.9973,79.4741,399.0805,79.3908,399.0910,394.4072,388.9237,394.3638,388.9056,249.3387,414.1387,249.2705,414.1811,244.4032,438.9995,244.3364,438.9570,209.2946,407.1551,209.6091,407.0252,204.3410,434.0530,204.1679,434.3522,229.1129,359.4869,229.5728,359.2304,394.2280,408.9976,394.5887,409.0754,353.2707,372.4996,353.8476,378.6132
349.0048,429.0833,349.0518,429.3229,355.4344,451.5479,355.1134,443.2907,179.1357,399.1362,178.9530,399.1941,79.2971,399.0137,79.2549,399.3220,394.2660,389.4110,394.3717,389.0703,248.9238,414.3905,249.3348,414.2471,244.2047,439.2007,244.4470,439.2894,209.2702,407.2546,209.1400,407.2170,204.1161,434.4160,204.2701,433.9927,229.1371,359.0529,229.0036,359.3020,393.9941,409.1090,393.8910,409.1047,354.5877,373.4423,354.7231,381.8399
348.7774,429.3936,348.8403,429.6464,353.8777,450.4496,354.4170,440.5088,178.9436,399.3453,179.0834,399.2619,78.9563,399.3655,79.0403,399.4218,393.8742,389.5342,394.0009,389.1393,248.7687,414.3763,248.8333,414.4073,243.8555,439.1829,243.6907,439.3418,208.9810,407.4605,208.9752,407.1931,203.8931,434.1454,203.9168,434.5329,229.0281,359.5498,228.7942,359.3340,394.0122,409.4621,393.8783,409.2999,355.7309,374.4517,356.0463,384.2741
348.6573,429.3632,348.7692,429.5929,353.2120,450.1180,353.0904,438.0453,178.8238,399.6924,178.9181,399.5173,78.6950,399.2418,78.5669,399.4816,393.6842,389.4667,393.8408,389.5388,248.7319,414.5442,248.3750,414.2787,243.8180,439.5772,243.6901,439.2638,208.5460,407.5685,208.7914,407.5398,203.6851,434.4692,203.8556,434.3426,228.7152,359.2567,228.7442,359.6274,393.9027,409.4982,393.7069,409.5941,356.7675,374.9104,356.6914,386.9985
348.7829,429.5537,348.6564,429.6330,352.4801,449.2712,352.4730,436.3473,178.4543,399.8526,178.7786,399.8897,78.5717,399.4907,78.6270,399.6873,393.3763,389.8117,393.9089,389.7443,248.8904,414.5906,248.4582,414.5947,243.5615,439.3360,243.6602,439.6777,208.4484,407.6884,208.5132,407.6925,203.6548,434.7432,203.9270,434.5832,228.4463,359.5537,228.8655,359.4944,393.6769,409.9250,393.8343,409.6971,357.5838,375.7711,357.4070,388.4268
348.6044,429.9451,348.5845,429.9300,352.0679,449.0916,352.4361,435.0968,178.4847,399.6225,178.9289,399.9090,78.6938,399.9276,78.3880,399.7810,393.6118,389.7027,393.8061,389.9236,248.3957,414.9763,248.8310,414.9746,243.4798,439.9957,243.2360,439.9427,208.4991,407.7459,208.6185,407.7518,203.5084,434.9786,203.5960,434.8206,228.6198,360.2438,228.5405,359.8341,393.4857,409.9312,393.5807,409.9904,358.0408,376.0829,357.8998,389.6720
348.1875,430.0113,348.4213,429.7142,352.1611,449.0579,351.8968,435.1398,178.8150,399.7806,178.6688,399.9978,78.5375,400.0974,78.4009,399.8788,393.2267,390.0865,393.3730,389.9217,248.5617,415.0591,248.7814,414.9884,243.2342,439.9403,243.2978,440.3103,208.3034,407.8748,208.6378,407.8377,203.5306,435.2046,203.4055,435.0008,228.2387,360.1297,228.3315,360.0224,393.5435,409.9155,393.6789,409.8909,357.8931,375.9683,357.8676,389.8032
348.4653,430.1739,348.4051,430.3074,352.0396,449.2340,352.1655,435.5328,178.3132,400.3079,178.6908,400.0875,78.4730,400.1362,78.5638,400.3158,393.4043,390.2784,393.4794,390.2578,248.3613,415.1669,248.4683,415.2769,243.5306,440.4591,243.5630,439.9983,208.4770,408.2129,208.8423,408.1305,203.4068,435.3775,203.6478,435.0499,228.3484,360.0181,228.4369,359.9546,393.2643,410.0611,393.5453,410.0664,357.6634,375.8731,357.6300,389.4566
348.7032,430.3515,348.7205,430.4907,352.4997,449.5232,352.6949,436.4181,178.5783,400.4014,178.6747,400.1672,78.6130,400.0262,78.5890,400.4692,393.6651,390.1872,393.5082,390.2779,248.5620,415.4762,248.5342,415.3370,243.5780,440.1984,243.2135,440.1608,208.5950,408.1861,208.9291,408.2115,203.6460,435.4192,203.5758,435.2405,228.6948,360.2670,228.6891,360.1825,393.9010,410.2061,393.6618,410.0848,357.2818,375.7456,357.5783,388.5470
348.6605,430.2646,348.8212,430.3526,353.2029,449.8669,353.5026,437.9251,178.9046,400.6037,178.7719,400.5481,78.7476,400.7240,78.9321,400.6996,393.4233,390.6313,393.8339,390.7294,248.9979,415.6179,248.8238,415.5927,243.7633,440.5713,243.6924,440.4636,208.6792,408.3372,208.7547,408.2643,203.7005,435.2873,203.7223,435.9030,228.7830,360.6154,228.9424,360.5337,393.6956,410.7079,393.7425,410.7239,356.7655,375.1292,356.6673,386.9498
348.8337,430.8073,348.9379,430.4247,354.4876,450.6506,354.0489,440.2904,178.8969,400.6953,178.9758,400.7438,79.0904,400.5867,78.9257,400.5123,393.9680,390.6879,393.8868,390.6034,249.2108,415.4636,248.7976,415.6750,243.8700,440.9057,243.8481,440.5927,208.9079,408.8289,208.9414,408.8230,203.8504,435.5643,203.9115,435.5998,228.6948,360.6098,228.9762,360.8461,394.0161,410.4657,393.8191,410.6155,356.0108,374.4700,356.0642,384.5007
349.1279,430.7420,349.2684,430.9081,355.3020,451.2126,355.3662,443.0827,179.1906,400.7177,179.0751,400.6655,78.9065,400.8107,79.0372,400.5628,394.0651,390.7368,393.8920,390.9788,249.4510,415.6806,249.2780,415.7159,244.3599,440.4028,243.8330,441.0068,209.3507,408.9472,209.1093,408.9191,204.1444,435.8643,203.8285,435.9766,228.8964,360.7399,228.9151,360.7007,394.2889,410.8907,394.2863,410.7697,354.8002,373.3327,354.9594,381.9872
349.0870,430.6918,349.3327,430.7439,356.6170,452.3212,356.5452,446.8490,179.3039,400.8037,179.1205,400.9459,79.4330,400.8627,79.5078,400.5935,394.3138,390.8115,394.3805,390.8331,249.3477,415.9207,249.1617,416.0299,244.2176,440.7281,244.3421,440.8855,209.3322,409.0590,209.4370,408.8622,204.3586,435.7675,204.3992,435.8302,229.1728,361.2020,229.3194,360.8181,394.4087,410.5004,394.2715,410.6575,353.4263,372.5440,353.5282,378.6908
349.3953,430.9212,349.6027,431.0588,357.9577,453.4696,357.9372,449.6225,179.6543,400.9373,179.5398,400.9718,79.6259,401.3043,79.5990,401.1173,394.6440,391.0625,394.4412,391.0113,249.5575,415.7329,249.5716,416.2304,244.6527,441.0996,244.4234,441.0539,209.4901,408.9199,209.6093,408.8848,204.4060,436.2788,204.5983,436.1682,229.6545,360.7770,229.4710,360.9646,394.8784,410.9370,394.8518,411.0312,351.8860,371.4410,351.9339,374.9255
349.9373,430.8768,349.7844,430.7920,359.5933,454.4891,359.7815,453.8987,179.8714,401.1298,179.9513,400.9665,80.0392,401.0359,80.3309,400.8592,394.7723,391.0085,395.0733,390.9308,249.7500,416.1491,249.9171,416.1424,245.0854,440.8581,245.0636,440.9511,209.7947,409.0989,210.0949,409.0595,205.0845,436.1021,204.6735,436.1050,229.9327,361.2545,229.9585,361.0794,394.8033,410.9822,394.9437,410.9608,350.4312,370.3020,350.3861,371.0463
350.0693,430.7614,350.0388,431.1122,361.1594,455.7070,361.1094,457.5419,180.0557,400.7773,180.2069,401.1485,80.0657,400.9331,79.9259,401.1787,394.9399,390.8674,395.2096,390.9573,250.1631,415.9842,250.2253,415.9579,245.2516,440.7603,245.2989,440.8823,210.3467,409.1273,210.0903,409.1311,205.1822,436.0459,205.2400,436.0241,230.1974,361.1875,230.1836,360.9701,395.3838,410.8131,395.2120,410.9370,349.2691,369.3603,349.0304,367.3491
350.2086,430.8955,350.4489,430.7929,362.2729,456.7383,362.5948,461.2871,180.4308,400.8073,180.4930,401.3139,80.5480,400.9428,80.5014,400.8913,395.5050,391.0483,395.2570,390.9004,250.4577,416.0715,250.5961,416.2706,245.7811,441.1979,245.4712,441.0768,210.7340,409.0237,210.3866,409.1393,205.2821,436.3830,205.2822,436.0917,230.3416,361.0275,230.4240,361.2741,395.5126,410.9990,395.2987,410.7532,347.2846,367.9097,347.4110,363.8649
350.7483,430.6673,351.0563,430.6738,363.7625,457.8169,364.0244,464.5814,180.7507,400.9065,180.7466,400.7695,80.7387,400.8771,80.8053,400.8053,395.7573,390.8633,395.7030,391.0365,250.8308,416.0061,250.8046,416.1089,245.3597,440.9617,245.7874,441.0789,210.6065,408.9365,210.6956,408.7067,205.6481,435.7701,205.5754,435.7713,230.8398,360.8067,230.7025,360.6681,395.8374,410.9908,395.7281,411.1598,346.0144,367.1982,346.0769,360.4394
350.8706,430.7934,350.8410,431.0209,365.0926,458.8992,365.1313,467.6506,180.8492,400.8767,181.2118,400.8245,81.0795,400.8056,80.8621,400.7046,395.8308,390.6250,396.2256,390.9368,250.9025,415.9603,251.0944,415.6778,246.1360,440.7168,246.1852,440.7245,210.9137,408.9114,210.7344,408.7477,206.1526,435.6191,205.9762,435.9780,230.9775,360.8330,230.8311,360.8847,395.9395,410.8038,396.0226,411.0182,345.2405,366.1254,344.7602,357.1323
351.0642,430.6109,351.0917,430.7113,366.0386,459.5088,366.1616,470.2589,181.3388,400.6153,180.9397,400.2586,81.1938,400.2912,81.0234,400.5583,396.2081,390.7240,396.1207,391.0506,251.5448,415.9312,251.2068,415.5587,245.9085,441.0843,246.2450,440.5572,211.1411,408.8491,211.3218,408.6379,206.2001,435.6845,206.4045,435.7602,231.2223,360.7027,230.8848,360.4735,395.8792,410.8455,395.9686,410.6954,343.7934,365.2286,343.9826,354.7344
351.2900,430.3734,351.4092,430.5267,366.7138,460.4668,367.0407,472.6578,181.0650,400.5019,181.1389,400.5082,81.3147,400.2201,81.0095,400.4955,396.4436,390.5778,396.4335,390.3803,251.5103,415.6498,251.2832,415.3989,246.2786,440.2091,246.3556,440.5150,211.1328,408.3885,211.4331,408.4964,206.2584,435.4775,206.2098,435.3677,231.3420,360.4526,231.1953,360.5858,396.4057,410.4858,396.3783,410.4979,342.8531,364.7856,342.8747,352.2531
351.1443,429.9426,351.4279,430.1965,367.5082,460.7412,367.6654,474.0427,181.4743,400.3184,181.4561,400.5569,81.2316,400.2704,81.4339,400.3533,396.6415,390.4986,396.3610,390.4326,251.1350,415.1501,251.4724,415.5685,246.4222,440.2199,246.5335,440.4276,211.4514,408.2723,211.4534,408.2875,206.1460,435.3472,206.3787,435.0378,231.3684,360.1643,231.5377,360.2507,396.4200,410.2683,396.3017,410.5509,342.4081,364.1746,342.5471,351.1224
351.4318,430.1994,351.7727,430.2113,367.7817,461.1833,367.8994,474.9278,181.3867,400.0943,181.3636,400.2258,81.3441,400.1192,80.9598,399.9594,396.2847,389.9357,396.4771,390.3844,251.6497,415.1555,251.4376,415.0802,246.1797,440.2058,246.4086,440.2650,211.3937,408.0292,211.5624,408.2500,206.6619,435.1670,206.5107,434.9879,231.4617,359.9697,231.6599,360.0527,396.5933,410.0365,396.7234,410.2314,342.2719,363.9381,342.1228,350.2647
351.1707,430.0955,351.2103,429.9818,368.1551,461.0766,367.9740,474.8599,181.4114,399.8725,181.6671,399.7122,81.3210,400.0058,81.6057,399.8169,396.5039,389.9296,396.4541,390.0764,251.4865,415.0549,251.4649,414.9903,246.6483,439.8460,246.3393,440.0276,211.5264,408.0264,211.3122,407.5276,206.4240,434.8427,206.5798,434.9189,231.5469,360.1002,231.4599,360.0618,396.6947,410.0633,396.6422,410.0075,341.7992,364.0376,342.0249,350.1234
351.4783,429.8191,351.3251,429.7346,368.0084,460.8377,367.8658,474.4980,181.6710,399.6826,181.3908,399.4036,81.3082,399.8452,81.4084,399.8262,396.4085,389.8161,396.5171,389.6438,251.3842,414.7031,251.2264,414.8109,246.5416,439.4733,246.5290,439.7766,211.4379,407.7207,211.2855,407.9879,206.6580,434.6113,206.2472,434.8240,231.5137,359.7825,231.5130,359.7611,396.5197,409.6473,396.4777,409.7458,342.2699,364.2351,342.0877,350.7186
351.2857,429.5877,351.4026,429.4181,367.1236,460.5711,367.0913,473.0109,181.3038,399.3146,181.3901,399.4921,81.5036,399.3482,81.2273,399.3768,396.4088,389.7749,396.2571,389.4250,251.2410,414.6567,251.3832,414.6354,246.3793,439.9666,246.2017,439.5576,211.1293,407.7354,211.6419,407.6082,206.2373,434.7999,206.6886,434.2967,231.4605,359.2979,231.3224,359.6065,396.5035,409.6194,396.4151,409.7756,342.8910,364.5720,342.7684,351.8334
351.0544,429.3161,351.4074,429.3955,366.5966,459.7733,366.4650,471.0063,181.2485,399.5009,180.9996,399.5313,81.3193,399.4636,81.2988,399.5329,396.4087,389.5790,396.3246,389.5744,251.0700,414.1741,250.9481,414.2918,246.0810,439.2258,246.3516,439.5204,211.3424,407.2345,211.1767,407.4899,206.3468,434.5425,206.2713,434.3013,231.2573,359.2760,231.4752,359.2915,395.7657,409.5281,396.0733,409.5889,343.6283,364.8904,343.6621,353.7746
351.0371,428.9935,351.1132,429.2462,365.5527,459.0168,365.5120,468.5545,180.9606,399.4043,180.9656,399.4586,80.7263,399.0686,80.8694,399.1175,395.8626,389.2487,396.1229,389.4379,251.0958,414.2065,251.0574,414.3010,246.0942,439.2282,245.9712,439.4007,211.1008,407.3722,210.9970,407.2173,206.0825,434.2143,205.7979,434.1982,230.8465,359.2528,230.8793,358.9025,396.0527,409.2870,395.7670,409.4405,344.3415,366.0138,344.4975,356.3641
350.7520,429.4128,350.6651,429.2369,364.3290,458.1459,364.5136,465.5327,180.6924,399.3450,180.4621,398.9698,80.7291,399.2337,80.8373,399.2656,395.6629,389.0790,395.9588,389.2901,250.6743,414.3439,250.8191,414.0815,245.5729,439.3924,245.7718,439.0639,210.9222,407.1203,210.6047,407.2467,205.6742,434.3363,205.6378,434.1323,230.8830,359.5538,230.7204,359.1169,395.7893,408.9971,396.1119,409.2859,345.7849,367.0131,345.4807,359.4856
350.6817,428.8600,350.4279,428.9444,362.7323,457.3298,363.0646,462.3643,180.8586,398.9297,180.8491,399.1818,80.7148,399.0556,80.6478,399.2257,395.4522,389.5125,395.7124,389.0821,250.5332,413.9218,250.7000,413.9039,245.5312,439.0373,245.2408,439.2274,210.5788,407.1149,210.4812,406.7425,205.4513,434.0552,205.7696,433.8973,230.5489,358.9368,230.5019,359.0512,395.7601,408.9494,395.7957,409.1589,346.9302,367.6617,346.9936,362.7243
350.2495,429.0351,350.2928,428.9176,361.4903,456.1561,361.5611,458.6666,180.2599,399.0211,180.3097,399.2062,80.3256,398.8889,80.2490,399.2298,395.3132,389.3186,395.1141,388.8266,250.1965,413.9566,250.0697,414.0562,244.8421,439.2860,245.1472,439.0164,210.1240,407.1070,210.3156,406.5846,205.2139,433.9479,205.2013,433.8896,230.2356,359.1854,230.2802,359.2663,395.3359,409.0487,395.3968,409.0419,348.6146,369.1570,348.5460,366.2313
350.2204,429.1296,349.9205,428.9192,359.8611,454.9841,359.9988,455.0302,180.0776,399.0277,180.0070,399.0228,80.0048,398.8580,79.9525,398.8258,394.9769,389.1090,394.9757,388.8741,249.8238,413.8358,249.9784,413.8588,245.0967,438.7073,245.3292,439.0067,209.6387,407.0905,209.9384,407.0760,204.9537,434.1052,205.0775,433.9957,230.0892,358.9415,230.2491,359.0861,394.9739,408.7034,394.9727,408.9064,349.7751,370.2445,350.1067,369.8874
349.7096,429.0025,349.4969,428.9288,358.1105,453.7328,358.3766,451.4212,179.7754,398.8144,179.5685,399.1296,79.9292,399.1022,79.6117,399.0727,394.8799,389.0486,394.5895,389.0043,249.8904,414.2497,249.5131,413.9563,244.7713,439.1572,244.7244,438.9509,209.7026,407.0729,209.4333,407.0945,204.5782,434.2633,204.6701,434.2035,229.8610,358.8772,229.8462,359.0900,394.5028,409.0400,394.6660,408.8511,351.6175,371.3688,351.4489,373.7200
349.4943,429.2037,349.6409,428.9556,356.7166,452.9259,356.8431,447.6623,179.6534,399.1297,179.4671,398.8556,79.4900,399.2709,79.3122,399.2257,394.4261,389.0118,394.7244,389.0130,249.4694,414.2481,249.2854,414.1672,244.1758,438.9623,244.2250,438.9799,209.3615,407.0039,209.3367,407.0384,204.4964,434.0836,204.1662,434.1368,229.2573,359.1837,229.1410,358.8275,394.4085,408.9874,394.5134,408.9746,353.1035,372.3310,353.1199,377.4855
349.1568,429.0707,349.3178,428.9973,355.8010,451.8464,355.9291,443.9834,179.0679,399.3691,179.1319,399.3604,79.3392,399.1728,79.0638,398.7739,394.2349,389.1131,394.1212,389.1403,249.4446,413.9763,249.2314,414.4022,244.0336,439.3604,244.3097,439.1703,209.1735,406.9715,209.1581,407.4094,204.1694,434.0562,204.1459,433.9873,229.3354,359.1368,229.5043,358.9322,394.2200,409.0229,394.0233,408.9715,354.1444,373.0432,354.2261,380.8489
348.9293,429.3943,348.8518,429.3584,354.6125,450.9064,354.5058,441.2460,178.8233,399.0040,179.0263,399.3138,78.5883,399.4371,78.8536,399.2599,394.0288,389.5635,393.8378,389.2805,248.8105,413.8032,248.7060,414.1779,244.0370,439.0994,244.0573,439.2988,208.8841,407.3347,208.9081,407.1920,203.8601,434.1670,204.1871,434.3935,228.9904,359.2607,229.1725,359.3257,393.8779,409.3520,394.0274,409.4679,355.3996,374.2745,355.6624,383.7185
348.8366,429.3656,348.9498,429.3641,353.4451,450.3750,353.2774,438.8734,178.8481,399.5051,179.1363,399.4645,79.0576,399.3821,78.6612,399.3256,393.5940,389.4928,394.0412,389.5374,248.6104,414.4560,248.6650,414.5889,243.7681,439.5312,243.9274,439.5053,208.7904,407.3586,208.7047,407.4507,203.8780,434.4627,203.7423,434.4743,228.5877,359.4558,229.0918,359.5746,393.8115,409.2335,394.1118,409.4112,356.5315,374.5928,356.2487,386.3277
348.5491,429.8398,348.4955,429.5164,352.8420,449.6620,352.8029,436.9193,178.6981,399.5188,178.6342,399.4908,78.5046,399.7202,78.7277,399.6251,393.7718,389.7769,393.6079,389.5138,248.6084,414.7355,248.5989,414.3830,243.6662,439.5217,243.2248,439.4591,208.7021,407.5299,208.8256,407.5677,203.2873,434.5415,203.6888,434.6068,228.7402,359.5070,228.7176,359.5815,393.4277,409.7331,393.5927,409.6313,357.2541,375.6414,357.1591,388.0891
348.5049,429.6569,348.4568,429.8024,352.4346,449.3124,352.0008,435.2912,178.4515,399.7078,178.7112,399.8897,78.8203,399.9347,78.7002,399.4008,393.4520,389.5735,393.5311,389.7434,248.4652,414.9000,248.8198,414.5605,243.7173,439.7002,243.3021,439.9046,208.4083,407.6429,208.4034,407.8697,203.5520,434.7024,203.5740,434.8144,228.7463,359.8816,228.5915,359.9677,393.6557,409.8566,393.5614,409.8173,357.6626,375.7500,357.5985,389.3958
348.3065,429.9430,348.4460,430.1438,351.7146,448.8438,352.0704,434.9056,178.6093,399.8646,178.4870,400.0730,78.5625,399.9936,78.5188,399.7619,393.4783,389.7300,393.5853,389.6810,248.4512,414.8238,248.5222,414.6766,243.6365,439.7694,243.2407,439.7206,208.4708,407.9448,208.2668,408.0440,203.4530,434.5610,203.7450,435.0223,228.4403,360.3230,228.6030,359.9911,393.7057,410.0033,393.1947,410.0043,358.0602,376.1182,358.0986,390.0553
348.5236,430.2611,348.3595,430.1626,351.9890,449.1464,352.1340,435.0784,178.4783,400.1887,178.5302,400.2396,78.3404,400.0027,78.8874,400.0034,393.3557,390.2645,393.4827,390.2670,248.6672,415.3139,248.3997,415.0091,243.6226,440.3070,243.4689,440.2941,208.5533,408.0795,208.3868,408.0192,203.5510,435.1534,203.6921,434.9562,228.2866,359.9222,228.5975,359.8285,393.6156,409.9802,393.5849,409.9952,357.9756,375.9523,357.6960,389.9916
348.4798,430.3504,348.5617,430.5513,352.6285,449.2000,352.1207,435.7595,178.3271,400.0677,178.3061,400.3835,78.8229,400.4763,78.5307,400.3256,393.3537,390.3252,393.8173,390.3361,248.9034,415.5202,248.5434,415.2993,243.5560,440.3630,243.7414,440.0904,208.5978,408.2994,208.4846,408.3055,203.4277,435.1286,203.6769,435.2988,228.5992,360.4430,228.7149,360.1584,393.5681,410.3319,393.3744,410.2270,357.6526,375.8066,357.5131,389.1905
348.6017,430.6262,348.4789,430.2767,353.2068,449.8334,353.1627,437.2772,178.6988,400.3024,178.8256,400.4460,78.6628,400.6772,78.6574,400.5669,393.4372,390.4109,393.8215,390.6920,248.8655,415.5371,248.7705,415.4184,243.7926,440.8374,243.6563,440.3165,208.8730,408.5322,208.8519,408.7267,203.7894,435.3843,203.4933,435.4340,228.3523,360.5975,228.4787,360.4619,393.5575,410.5289,393.4020,410.3192,357.0939,375.4649,356.8566,387.5448
348.7844,430.5421,348.9814,430.4463,353.8289,450.4170,353.7663,439.7483,178.6609,400.6331,178.6419,400.5449,78.9537,400.5711,79.0762,400.6384,393.8856,390.6182,393.7357,390.4512,248.7111,415.6707,248.9002,415.6548,243.8156,440.5988,243.5020,440.9459,208.8044,408.6097,209.1526,408.4350,203.8376,435.6364,203.9050,435.8145,229.0885,360.4590,228.8890,360.6527,393.7167,410.6432,394.3155,410.5696,356.2470,374.5976,356.0893,385.4594
348.8637,430.5917,349.1447,431.0461,354.8143,451.0236,354.8877,441.9220,179.1594,400.6842,178.9084,400.7362,78.8541,400.5237,79.1270,400.9251,394.0081,390.7817,394.2203,390.6878,249.0187,415.9023,249.2500,415.7913,243.9092,440.9143,243.8999,440.8887,208.8784,408.7456,209.1282,408.8431,204.0226,435.7997,203.9454,435.5673,229.1623,360.7682,229.0938,360.9119,394.2037,410.6857,394.0067,410.7260,355.0785,373.7350,355.2782,382.6497
348.9904,431.0058,349.3064,430.9385,356.2547,452.3078,356.4810,445.2628,179.1019,400.9371,179.3178,401.0372,79.2604,400.8696,79.4247,400.7750,394.2394,390.8945,394.2367,390.8005,249.2017,415.7664,249.3444,415.8254,244.5277,440.7007,244.2679,441.1116,209.2089,409.0104,209.2160,409.0626,204.2682,435.7366,204.4204,435.8785,229.3978,360.7414,229.1244,361.0223,394.3716,410.8147,394.4616,410.6935,353.7934,372.8229,353.6887,379.9219
349.6124,430.7046,349.3133,430.8003,357.4826,452.9454,357.6308,448.8150,179.5997,401.0005,179.3602,400.7177,79.7279,401.1325,79.4673,401.0396,394.5371,390.9310,394.8626,390.9956,249.3993,416.0214,249.3682,416.1706,244.7825,440.8340,244.6461,441.0008,209.3465,409.2518,209.4818,409.1529,204.6237,435.7925,204.4276,436.0114,229.2559,360.9367,229.7054,360.6502,394.4990,411.2621,394.5142,410.8790,352.5705,371.7621,352.5860,376.1905
349.9207,431.0431,349.9389,431.2697,358.7256,454.1132,358.9373,452.5987,179.9171,401.1344,179.7192,400.8107,79.8402,400.8969,79.6778,401.2041,394.9075,391.3879,394.6935,390.8295,249.7073,416.0567,249.9316,416.0041,244.9237,441.0613,245.0853,440.9705,209.8356,409.1243,210.0092,409.0771,204.7924,436.1494,204.4044,436.2303,229.8380,360.9697,229.7479,360.9749,394.7977,411.3360,394.7559,410.9098,351.2424,370.7571,351.1614,372.7369
349.9272,430.8972,349.7639,431.3833,360.6504,455.4450,360.6137,456.4637,180.2500,401.1096,179.9523,400.9193,79.9053,401.3075,79.9906,401.1138,395.0892,391.0729,394.8693,390.9186,250.2685,415.9409,249.9668,415.9514,245.2853,440.8621,244.8437,440.7903,210.0685,408.6676,210.1285,408.7649,204.8494,435.8145,205.3533,436.2654,229.8848,360.9548,230.1217,361.0735,394.9484,410.9909,394.9638,410.7737,349.3805,369.7318,349.5121,368.8119
350.2453,430.8309,350.3533,431.1355,362.1405,456.2705,361.8788,459.8772,180.3154,400.9469,180.5508,400.8126,80.5239,400.9760,80.2798,401.0800,395.4001,390.9477,395.3959,390.8367,250.4789,415.9656,250.2518,416.0635,245.0460,441.1119,245.2457,440.9465,210.3740,408.8518,210.4524,409.0456,205.2338,435.7509,205.1886,435.7724,230.5561,361.2901,230.3566,360.9703,395.2496,410.8086,395.3855,410.9060,348.0395,368.5511,348.1286,364.9922
350.7831,430.9328,350.5992,431.0522,363.3853,457.8096,363.2493,463.4140,180.7585,400.7455,180.6983,400.8718,80.7398,400.7657,80.6399,400.9537,395.7921,390.9884,395.7232,390.9397,250.5476,415.9588,250.5966,416.2823,245.7011,441.0167,245.7812,440.8378,210.6327,408.9683,210.6901,408.5899,205.7928,436.0187,205.4507,436.0063,230.7724,360.9954,230.7349,360.9885,395.5141,411.0716,395.6512,410.8506,346.7075,367.4434,346.6507,361.3115
350.7877,430.9211,350.6107,430.9363,364.9610,458.3925,364.6306,467.2233,180.9664,400.5051,180.6730,400.7962,80.9037,400.9158,81.1110,400.8700,395.9256,390.6942,395.8794,390.7529,250.8424,415.5805,250.9785,415.5410,246.0997,440.9955,245.9302,441.0169,210.7618,408.5601,210.7996,408.8754,205.7128,435.6966,206.0625,435.8400,230.8431,360.5935,230.7589,360.7902,395.8463,410.7890,395.9450,411.0457,345.1415,366.1288,345.2464,358.2916
351.1571,430.4709,350.9865,430.8724,366.0092,459.5084,365.6771,469.6106,180.8743,400.6413,181.2376,400.5162,81.1930,400.6356,81.2825,400.7071,395.9513,390.8555,395.9786,390.6697,251.0811,415.7593,251.2001,415.8269,246.0299,440.6918,246.0764,440.7464,211.2162,408.8169,210.9438,408.7161,206.2994,435.5191,206.2399,435.9995,231.0786,360.9246,231.3226,360.9996,395.9699,410.6629,396.3253,410.8944,344.0389,365.7600,344.0350,355.2353
351.4950,430.6054,351.4019,430.5257,366.9202,460.0031,366.8361,471.8944,181.3397,400.4507,181.3439,400.5324,80.9811,400.6223,81.1858,400.5639,396.0902,390.5041,396.3343,390.6844,251.1666,415.6191,251.3571,415.3419,246.1092,440.5113,246.4486,440.3394,211.3977,408.3263,211.1773,408.5287,206.2224,435.7039,206.4125,435.8486,231.4012,360.4475,231.2518,360.4564,396.2423,410.4995,395.8600,410.5282,343.2640,364.6523,342.8996,353.0617
351.3416,430.5698,351.6226,430.1334,367.6489,460.5958,367.5912,473.7915,181.3360,400.3485,181.2842,400.3159,81.5301,400.4349,81.3424,400.1817,396.2149,390.4770,396.2927,390.3016,251.1799,415.3049,251.1754,415.4115,246.2011,440.2282,246.2771,440.3074,211.3598,408.4037,211.5162,408.1876,206.4170,435.3441,206.3969,435.4136,231.5779,360.4879,231.4308,360.5484,396.5618,410.5695,396.5838,410.3363,342.7463,364.3662,342.4544,351.4070
351.2971,430.0791,351.3278,430.1053,367.7840,460.9174,368.0975,474.6836,181.1952,400.1611,181.6811,400.3698,81.5693,400.0460,81.5470,400.1943,396.6826,390.0163,396.5815,390.0440,251.5389,415.3482,251.5812,414.9359,246.3023,440.4267,246.7636,440.0173,211.2634,408.1912,211.3988,408.4454,206.4009,435.3026,206.4152,435.1686,231.4693,360.0328,231.6509,360.2477,396.4994,410.1646,396.0383,410.0635,342.1787,364.2438,342.0098,350.2918
351.5439,430.1230,351.4445,430.1532,368.1131,460.8271,368.0827,474.7564,181.5505,400.1687,181.6327,400.1417,81.4596,400.0068,81.4071,400.1751,396.6275,389.9248,396.5141,389.9942,251.6126,415.1499,251.4443,415.0611,246.5230,439.7049,246.4572,439.9970,211.7107,407.8228,211.5191,407.9485,206.5698,435.0359,206.3974,435.1624,231.4933,360.2221,231.7273,359.8269,396.4532,410.0569,396.6428,410.0026,341.8635,364.1068,341.9975,349.9197
351.2891,429.7905,351.6361,429.8990,367.9995,460.8467,367.9122,474.3942,181.2339,399.7909,181.5062,399.8761,81.5717,399.9857,81.2841,399.9159,396.3777,389.8184,396.5548,389.7322,251.5490,414.7249,251.4918,414.8588,246.3586,439.8539,246.5261,439.9262,211.3286,408.0661,211.5969,407.8483,206.3628,434.8480,206.6961,434.6636,231.7721,359.6948,231.3995,359.6777,396.4491,409.8764,396.5831,409.6082,341.9181,364.1274,342.3061,350.2765
351.4481,429.7832,351.7348,429.3013,367.3842,460.6536,367.5510,473.4412,181.3621,399.4765,181.3512,399.5244,81.3862,399.8490,81.3855,399.8229,396.2556,389.5619,396.4092,389.8039,251.3824,414.6850,251.3994,414.5321,246.3756,439.9351,246.3705,439.5379,211.4885,407.3845,211.6372,407.5746,206.2293,434.5060,206.2972,434.5816,231.4654,359.8716,231.3633,359.4639,396.5975,409.6656,396.3195,409.6767,342.6719,364.1472,342.4186,351.4064
351.3399,429.5549,351.1515,429.4795,367.0555,460.4147,366.9660,471.9513,181.1332,399.5312,181.1210,399.5335,81.0002,399.6688,81.0143,399.5145,396.4987,389.4885,396.2522,389.5159,251.4312,414.6466,251.3329,414.2570,246.1619,439.6185,246.2139,439.5211,211.2892,407.6539,211.4348,407.6299,206.1157,434.4007,206.1447,434.4232,231.2426,359.4372,231.1053,359.4028,396.1932,409.4546,396.2964,409.6927,343.5720,365.0848,343.2731,353.0076
351.0450,429.3562,350.8940,429.1720,365.6966,459.1927,365.8250,469.9042,181.0155,399.2572,181.0322,399.3608,81.1450,399.1662,80.9776,399.3260,396.2420,389.2362,396.2871,389.4071,251.0561,414.6487,251.3058,414.4765,246.3575,439.3937,246.2529,439.4948,211.0939,407.5587,210.9924,407.2676,206.1230,434.1396,205.8618,434.4900,231.2942,359.4017,231.0735,359.3629,396.1366,409.2051,396.1627,409.5031,344.3461,365.8451,344.0602,355.2227
350.7727,429.3642,350.7983,429.1424,364.7954,458.4823,364.6846,466.5885,180.8236,399.2659,180.8220,398.8448,80.9728,399.0863,80.6852,399.4367,395.7418,389.3909,395.9509,389.1577,251.0170,414.3586,250.9049,414.0714,245.9446,439.0472,245.7949,439.3012,211.0543,407.1256,210.9010,407.3365,206.0998,434.1163,205.9513,434.2142,230.8876,359.1334,230.9976,359.2893,395.8880,409.1866,395.8918,409.1169,345.2314,366.5967,345.3207,358.2864
350.5503,429.0042,350.7868,429.2621,363.5795,457.5798,363.3580,463.2672,180.7606,398.9449,180.6830,399.1044,80.7122,398.9911,80.5012,399.1343,395.5541,389.3722,395.7801,389.1450,250.5389,414.1633,250.6530,414.0105,245.7819,439.0325,246.0236,439.0808,210.8558,407.3403,210.6861,407.1715,205.7302,433.9832,205.7573,434.3584,230.5552,359.0761,230.4430,359.0203,395.4103,409.2058,395.9520,409.0289,346.6307,367.3151,346.1660,361.5523
350.1654,428.8364,350.1304,428.8808,361.8324,456.5754,361.6822,459.7363,180.3420,399.2111,180.3898,398.8740,80.3441,399.1883,80.2742,399.2696,395.1462,389.2926,395.2026,389.0072,250.4455,414.0839,250.0724,413.6324,245.2187,438.7634,245.4240,439.0779,210.5112,407.1947,210.3759,406.8687,205.1363,434.0533,205.4388,433.8402,230.4917,358.9491,230.3481,358.9781,395.4174,408.9503,395.0105,409.0885,348.1518,368.4355,348.0058,364.7396
349.8904,428.7341,350.0979,429.0254,360.5580,455.1435,360.6382,456.3800,180.2745,398.9652,180.2234,399.0189,80.1717,398.9195,80.1517,399.1575,395.0159,388.8456,395.1108,389.0875,250.0679,414.1631,250.0008,413.9390,245.3108,439.1256,245.1900,439.1209,210.0889,407.1166,210.0637,407.1348,205.2618,434.0139,205.0806,434.3048,229.9197,359.0272,230.0888,358.9670,394.9994,409.1424,395.1585,409.1213,349.3442,369.7915,349.6240,369.0716
349.6005,428.8432,349.6197,428.9383,358.8758,454.3398,358.9986,452.3017,179.9716,399.0160,179.8157,399.0357,79.4295,399.0541,79.8781,398.9931,394.9646,388.8059,394.7701,388.9029,249.9504,413.7485,249.8245,414.0960,244.8743,438.9723,244.2821,438.8589,209.5718,407.1638,210.0185,406.9834,204.7736,434.2768,204.9400,434.2567,229.6196,359.0509,229.9443,358.9898,394.7453,408.9746,394.6231,408.8486,350.8347,370.7348,351.1625,372.4393
349.7245,428.8891,349.3526,429.1287,357.7236,453.1409,357.5972,448.6403,179.6981,398.9213,179.4626,398.9795,79.5262,399.1374,79.8002,398.8700,394.4863,389.0115,394.7235,388.9479,249.6956,414.0854,249.7798,414.3082,244.4176,438.8604,244.3242,438.8461,209.3577,407.1336,209.8346,407.2874,204.6077,434.0658,204.5839,433.9881,229.5929,358.9676,229.4313,359.3047,394.7376,409.0884,394.5585,409.0682,352.3796,371.9619,352.6050,376.2031
349.3011,428.8441,349.3294,429.2953,356.0454,452.1820,356.1482,445.3357,179.4726,399.2819,179.4208,399.2894,79.1701,399.0919,79.3629,398.9530,394.2596,389.1044,394.1623,389.2024,249.2398,414.2376,249.3142,413.8194,244.4270,439.1928,244.4095,438.9826,209.3449,407.1740,209.4073,407.3489,204.2207,434.0499,204.4069,434.2193,229.2870,359.3795,229.3723,359.1504,394.2992,408.9260,394.2748,409.2141,354.0568,372.8490,353.9858,379.6491
348.9758,429.4793,349.1249,429.2661,354.7667,451.2193,354.7026,442.4682,178.9543,399.1682,178.9634,399.0002,78.8229,399.5923,78.9820,399.1821,393.8750,389.0604,393.9226,388.8871,249.1448,413.9887,249.2108,414.1999,244.1908,439.2230,244.0009,439.2776,209.0561,407.3811,208.9248,407.4184,204.0632,434.5221,203.9750,434.2757,229.2547,359.2436,229.1450,359.0612,394.2706,409.3951,394.1010,409.1725,355.0071,373.9237,355.1173,382.4839
348.8908,429.3718,348.9605,429.4078,353.7424,450.5220,353.9872,439.5424,178.8278,399.4677,178.8278,399.6166,78.9406,399.4806,78.9005,399.4254,393.6708,389.2822,394.1694,389.1930,248.6783,414.2995,249.0120,414.3038,243.8102,439.0545,243.9273,439.6047,208.8551,407.3051,208.9006,407.2116,203.8274,434.4591,203.7708,434.2733,228.9219,359.3464,228.8897,359.3851,393.6367,409.2445,393.9095,409.1374,356.2315,374.7193,356.2085,385.3561
348.6332,429.3215,348.7497,429.2635,352.9704,449.8300,353.0582,437.5717,178.6343,399.5037,178.6854,399.5404,78.9103,399.2250,78.5358,399.4676,393.7093,389.6069,393.5807,389.3037,248.5892,414.5603,248.6362,414.5303,243.3123,439.6120,243.5958,439.4791,208.6743,407.5012,208.9806,407.4047,203.7404,434.4853,203.9658,434.4926,228.6929,359.3789,229.0129,359.6020,393.7583,409.4114,393.7508,409.3868,356.9802,375.1983,356.8908,387.4265
348.7241,429.7731,348.3693,429.8481,352.4388,448.9963,352.5124,435.8664,178.5196,399.8951,178.3304,399.8067,78.5217,399.5866,78.4753,399.7611,393.6157,389.4582,393.3303,389.6398,248.6874,414.6553,248.5780,414.6527,243.6390,439.7125,243.6272,439.6737,208.5043,407.9661,208.9167,407.7062,203.8659,434.5971,203.5743,434.3621,228.4794,359.6984,228.5933,359.6286,393.4020,409.7695,393.4026,409.5429,357.7024,375.7850,357.4372,389.0851
348.4831,430.0245,348.6892,429.8133,352.0873,449.2343,352.2598,435.0614,178.6650,399.7061,178.8173,400.0228,78.4732,400.0039,78.3556,399.4795,393.6814,389.7179,393.4541,389.9395,248.5035,414.9475,248.5436,414.6837,243.5012,439.9500,243.6097,439.6511,208.6467,407.8213,208.5655,407.5186,203.4776,434.9603,203.6080,434.7034,228.8112,359.8931,228.6076,359.8707,393.5989,409.8620,393.3822,410.1312,357.9993,375.6437,358.0701,390.1360
348.5301,430.4757,348.5566,430.0973,352.1382,449.3063,352.0362,435.1191,178.6556,400.0141,178.6492,399.9857,78.3461,399.9952,78.7590,399.7786,393.6375,389.9045,393.3919,390.0222,248.6789,415.3629,248.6953,415.0993,243.3016,440.0877,243.6819,440.0167,208.4610,408.3044,208.4172,408.1574,203.4319,434.8330,203.6840,435.0671,228.4104,360.1207,228.3169,359.8659,393.4436,410.0606,393.3958,410.0489,358.0439,375.9426,357.8349,389.8876
348.3023,430.3608,348.3912,429.9825,351.9774,449.2230,352.0916,435.5773,178.6784,400.2094,178.6152,400.2924,78.2857,400.3307,78.6619,400.1143,393.7116,390.4591,393.6365,390.1175,248.3223,415.5710,248.4013,415.4627,243.5585,440.3054,243.4502,440.1554,208.4687,408.3554,208.3600,408.2716,203.6855,435.3715,203.7361,435.1760,228.7042,360.2438,228.9243,360.1065,393.5038,410.0457,393.4522,410.3520,357.6134,375.6647,357.6692,389.5119
348.6461,430.3659,348.5984,430.3679,352.6774,449.5886,352.7674,436.8292,178.6066,400.3138,178.5754,400.5476,78.6937,400.3795,78.5497,400.4437,393.9360,390.2381,394.0373,390.3313,248.4518,415.3183,248.9079,415.5243,243.7784,440.4089,243.7461,440.6044,208.7517,408.3030,208.7319,408.3412,203.7077,435.4540,203.9208,435.2958,228.5077,360.2046,228.6233,360.3844,393.5885,410.4340,393.5606,410.6769,357.2405,375.3788,357.2062,387.9439
348.7286,430.6045,348.5298,430.5006,353.6679,450.3343,353.4287,438.7979,178.7039,400.7345,178.8203,400.3048,78.8524,400.5147,78.7332,400.6365,393.6092,390.6857,393.7735,390.5877,248.8657,415.3869,248.8427,415.4745,243.8935,440.5772,243.6338,440.2886,208.6430,408.7331,208.6625,408.7998,203.8482,435.7159,204.0103,435.6052,228.6704,360.5717,228.9598,360.7974,393.9125,410.7422,393.7248,410.6402,356.4117,375.0457,356.4285,386.4503
348.8326,430.7680,349.0569,430.9190,354.4557,450.9321,354.4100,441.3784,179.0181,400.7023,178.9732,400.6458,79.1769,400.9764,78.9951,400.7371,393.8609,390.6922,393.9274,390.7373,249.0106,415.6740,249.0086,415.6269,244.0167,440.7567,244.0291,440.6267,208.9686,408.6845,209.0239,408.8846,203.9978,435.8627,203.7453,435.8624,229.4078,360.3983,229.0184,360.6864,394.0284,410.8165,394.0539,410.6508,355.2924,374.1612,355.4850,383.8808
349.2116,431.0231,349.1149,430.9205,356.0002,451.9001,355.9557,444.4743,178.9859,400.8482,179.3984,400.8678,79.4347,400.9433,79.2697,400.7850,394.0875,390.8201,394.1148,391.0561,248.6352,415.7281,249.4718,415.6639,244.5189,440.7940,244.1929,440.8738,209.3329,408.7147,209.0841,408.6708,204.3621,435.7766,204.1850,435.8215,229.0180,360.9525,229.2148,360.9574,393.9118,410.9004,394.1426,410.7063,354.1493,373.4771,354.2490,380.6857
349.4708,431.0345,349.5940,431.0225,357.3479,452.8146,357.1747,447.6129,179.5580,401.0528,179.5107,400.9862,79.7156,401.2080,79.1464,401.1422,394.5360,390.7498,394.4046,391.0385,249.2677,415.8587,249.2551,416.0114,244.4501,440.9447,244.0767,440.8505,209.4011,408.9814,209.2583,409.0106,204.3508,435.9696,204.4928,436.0788,229.7680,360.7190,229.4942,360.7791,394.2492,411.1160,394.4235,410.7763,352.9050,372.2236,353.3343,377.2092
349.4108,431.0458,349.7162,430.9222,358.6414,453.9611,358.6333,451.4813,179.7450,400.8815,179.9047,401.1290,79.7037,400.8119,79.7534,400.9834,394.6465,390.8300,394.8481,390.9191,249.7197,415.7595,249.6711,415.7881,244.7902,440.8857,244.4439,441.0177,209.9695,408.8543,209.5820,408.8050,204.7553,436.0674,204.5806,435.9069,229.8104,360.7495,229.8432,360.7166,394.5200,411.0235,395.0335,410.9594,351.5642,370.9851,351.3792,373.9524
