pt1_X,pt1_Y,pt2_X,pt2_Y,pt3_X,pt3_Y,pt4_X,pt4_Y,pt5_X,pt5_Y
1237.230459,710.998841,1311.879790,672.332709,1311.879790,672.332709,1404.800994,688.074928,1432.863022,699.040296
1238.545326,710.249930,1275.020000,704.040000,1354.402229,693.046983,1405.942282,685.951447,1433.300911,697.119845
1236.990000,710.930000,1275.040000,704.060000,1354.944497,693.046983,1405.942282,684.940266,1433.081967,693.628117
1236.980000,710.810000,1275.040000,704.010000,1354.944497,694.127993,1405.942282,684.940266,1431.330410,699.738641
1236.960000,710.630000,1275.030000,703.970000,1354.944497,694.127993,1405.942282,684.940266,1433.957745,694.675635
1237.060000,710.130000,1275.100000,703.910000,1356.040748,695.067694,1405.688663,683.019021,1433.957745,694.675635
1237.120000,709.650000,1275.100000,703.690000,1356.150000,695.590000,1405.688663,683.019021,1433.957745,690.310975
1237.090000,708.470000,1275.140000,703.570000,1357.000000,696.720000,1405.435043,683.019021,1436.147191,686.644660
1237.010000,707.210000,1275.230000,703.220000,1353.960000,699.510000,1405.688663,684.030203,1436.147191,683.502104
1236.930000,706.360000,1275.330000,703.150000,1351.270000,701.770000,1405.688663,685.445857,1432.425133,678.962857
1237.070000,705.410000,1275.410000,702.920000,1351.270000,702.960000,1405.435043,686.457038,1429.797798,673.550678
1237.140000,705.230000,1275.250000,703.360000,1352.160000,703.730000,1405.435043,688.580519,1435.709302,676.169475
1237.160000,704.880000,1275.020000,703.900000,1352.898564,703.880085,1405.688663,690.400646,1427.389407,675.296543
1237.140000,704.850000,1275.030000,703.860000,1353.150000,704.120000,1405.942282,692.423009,1429.797798,680.534135
1237.030000,705.010000,1274.980000,703.850000,1353.100000,704.130000,1406.956761,698.186743,1429.797798,684.200450
1237.070000,705.050000,1275.010000,703.690000,1353.030000,704.060000,1407.210380,699.703515,1431.768299,686.993833
1237.000000,705.380000,1275.050000,703.390000,1353.050000,703.990000,1407.717620,701.725878,1433.957745,691.358493
1236.840000,706.010000,1275.310000,702.630000,1358.902678,702.356107,1407.717620,702.737059,1435.709302,696.421499
1236.680000,706.660000,1275.420000,702.650000,1358.902678,702.356107,1407.971239,704.152713,1439.650304,701.484506
1236.630000,707.210000,1275.260000,702.800000,1358.902678,702.356107,1408.224859,705.366131,1438.774526,703.055783
1236.720000,708.030000,1275.010000,702.630000,1358.902678,701.749991,1408.351669,706.073958,1439.650304,704.976234
1236.710000,708.850000,1274.900000,702.830000,1358.902678,701.345914,1408.224859,706.276194,1439.650304,704.976234
1236.690000,709.710000,1274.780000,702.970000,1359.536106,700.133684,1407.844429,705.770604,1438.993471,707.769617
1236.680000,710.380000,1274.690000,703.000000,1359.789478,699.729607,1406.956761,704.759422,1438.774526,711.435932
1236.660000,710.590000,1274.520000,703.120000,1360.169535,698.820433,1406.703141,703.343768,1432.863022,714.054728
1236.550000,710.630000,1273.990000,703.020000,1360.422907,698.113299,1406.703141,703.141532,1432.863022,714.054728
1234.900000,709.020000,1273.900000,703.030000,1360.422907,697.709222,1406.956761,700.714696,1431.768299,712.134277
1233.800000,708.260000,1273.880000,703.050000,1360.296221,697.204126,1406.449522,697.681152,1433.081967,711.261345
1233.160000,707.420000,1273.860000,703.110000,1360.169535,696.699029,1405.688663,696.164380,1434.395634,709.515481
1232.650000,707.280000,1273.950000,703.170000,1360.169535,696.193933,1405.054614,694.748726,1435.052468,708.817135
1232.510000,707.230000,1274.150000,703.320000,1360.169535,695.183741,1404.800994,692.726363,1436.147191,707.595030
1232.300000,707.090000,1274.270000,703.340000,1360.169535,695.082722,1404.800994,691.614063,1438.336637,705.150820
1232.190000,706.970000,1274.430000,703.490000,1359.789478,694.678645,1405.054614,690.097291,1439.431360,703.928716
1232.010000,706.800000,1274.740000,703.680000,1359.156049,693.264375,1404.800994,687.468219,1439.431360,701.833679
1231.830000,706.500000,1274.451101,705.414324,1359.156049,693.163356,1404.547374,686.558156,1440.526083,698.341950
1231.620000,705.750000,1273.970000,704.920000,1359.156049,693.163356,1404.547374,687.063747,1440.745027,697.294432
1230.860000,704.830000,1273.890000,704.630000,1359.156049,692.961318,1404.547374,687.468219,1442.058695,695.199395
1230.020000,703.740000,1273.880000,704.600000,1359.156049,692.961318,1404.547374,687.468219,1441.620806,687.692178
1229.210000,703.000000,1273.840000,704.660000,1359.156049,693.567433,1404.420565,687.670456,1442.058695,684.200450
1228.920000,702.480000,1273.890000,704.820000,1358.902678,695.587818,1403.913325,688.883873,1442.058695,680.708722
1229.160000,702.360000,1273.890000,704.910000,1358.902678,695.991895,1403.913325,688.984992,1440.963972,677.915339
1229.020000,702.200000,1273.840000,704.860000,1358.902678,696.598010,1403.532896,689.490582,1440.088194,676.169475
1228.920000,702.070000,1273.780000,704.840000,1359.029363,697.204126,1403.152466,690.198409,1439.869249,675.994888
1228.840000,701.990000,1273.810000,704.870000,1359.156049,697.608203,1402.772037,691.108473,1437.241914,674.598197
1228.760000,701.940000,1271.000000,701.900000,1359.029363,697.709222,1402.518417,692.119654,1436.804025,674.598197
1228.630000,701.970000,1270.630000,701.250000,1358.902678,698.214318,1402.264798,692.726363,1436.804025,676.344061
1228.550000,702.020000,1270.360000,701.040000,1358.522620,698.618395,1402.137988,693.535308,1436.147191,679.661203
1228.030000,702.190000,1270.290000,701.060000,1358.522620,699.224510,1402.011178,694.243135,1436.585080,682.105413
1228.000000,702.240000,1270.210000,701.000000,1358.522620,699.527568,1402.011178,694.647608,1437.241914,684.025864
1227.970000,702.270000,1270.120000,700.950000,1358.522620,699.527568,1402.011178,694.748726,1437.898748,685.946314
1227.960000,702.270000,1270.130000,700.910000,1358.522620,699.224510,1402.011178,694.445371,1438.555581,687.692178
1227.960000,702.300000,1270.130000,700.910000,1359.916164,692.961318,1402.264798,692.625245,1438.555581,687.692178
1227.970000,702.290000,1270.040000,700.950000,1360.169535,691.648067,1402.645227,691.209591,1438.774526,688.739697
1227.960000,702.280000,1275.054491,700.042456,1360.169535,690.738894,1402.898847,690.198409,1438.774526,688.739697
1228.030000,702.140000,1276.144485,698.443961,1360.169535,690.536856,1403.152466,689.389464,1437.241914,689.438043
1229.200709,702.122428,1276.144485,698.443961,1360.549593,689.425644,1403.532896,688.580519,1435.271413,691.009320
1229.120000,701.980000,1276.144485,698.443961,1360.549593,688.718509,1404.166945,687.063747,1432.863022,690.136388
1229.030000,701.960000,1276.144485,698.443961,1360.549593,688.213413,1404.420565,685.546975,1432.206188,689.438043
1229.070000,701.850000,1276.144485,698.443961,1360.802964,688.011375,1404.420565,684.636911,1431.330410,688.215938
1229.120000,701.670000,1277.390192,697.214348,1360.802964,687.203221,1404.420565,683.524612,1431.768299,685.771728
1229.140000,701.610000,1277.390192,696.845465,1360.549593,686.395067,1404.420565,683.120139,1431.987244,683.502104
1229.140000,701.550000,1277.234479,696.230659,1360.549593,685.687932,1404.166945,679.479886,1432.425133,682.279999
1229.150000,701.410000,1277.390192,695.369930,1360.422907,685.081817,1404.166945,677.356405,1432.863022,681.232481
1229.870000,696.670000,1277.545906,694.386241,1371.064512,684.879778,1404.166945,676.951932,1433.519856,679.137444
1230.150000,695.750000,1277.701619,693.771435,1369.924340,685.081817,1403.406086,674.929570,1435.052468,674.598197
1230.730000,694.950000,1278.013046,693.156629,1369.797654,685.182836,1402.645227,673.918388,1435.271413,672.852333
1230.840000,694.250000,1278.013046,693.033668,1369.670969,686.496086,1402.645227,673.918388,1433.300911,667.265567
1230.940000,693.720000,1278.791613,692.541823,1369.797654,687.607298,1402.898847,675.839633,1428.922019,664.297598
1231.000000,692.920000,1278.947326,692.418861,1369.797654,687.607298,1403.279276,676.951932,1428.046241,663.250080
1231.070000,692.460000,1281.438741,691.927017,1369.797654,688.011375,1403.532896,677.760878,1423.448404,662.377147
1231.100000,692.010000,1281.438741,691.927017,1372.204684,690.536856,1403.786516,678.468705,1423.448404,662.377147
1231.210000,691.840000,1281.438741,691.927017,1372.584742,691.041952,1404.420565,681.603367,1423.010515,662.377147
1231.320000,691.580000,1281.905882,690.820366,1373.598228,692.557241,1404.800994,683.524612,1423.667349,665.170530
1231.400000,691.580000,1281.905882,690.820366,1373.724914,692.961318,1405.054614,684.535793,1425.199961,667.265567
1231.590000,691.600000,1282.217308,690.697405,1373.724914,693.062337,1406.449522,689.086110,1428.484130,671.281055
1232.170000,692.030000,1282.995876,690.697405,1374.104971,693.567433,1407.083571,691.209591,1431.768299,675.471129
1232.800000,692.280000,1282.995876,690.697405,1375.371829,695.082722,1407.971239,694.040899,1432.863022,679.661203
1232.830000,692.690000,1284.397296,691.435172,1376.005258,695.688837,1408.858908,696.467734,1433.957745,684.375036
1232.840000,693.200000,1284.708723,691.927017,1376.385315,694.678645,1408.858908,696.771089,1436.585080,690.310975
1233.010000,693.640000,1285.020150,692.541823,1376.385315,694.476606,1409.492957,698.085625,1437.241914,692.056839
1233.140000,694.090000,1285.020150,692.541823,1376.765372,693.163356,1409.619767,698.287861,1437.679803,694.675635
1233.260000,694.490000,1285.331577,693.525512,1376.765372,692.961318,1410.127006,697.478916,1437.898748,695.548567
1233.540000,695.320000,1285.487290,693.771435,1376.892058,692.759279,1409.746577,693.434190,1438.336637,696.421499
1234.220000,696.390000,1286.110144,694.263280,1377.398801,691.648067,1409.746577,692.119654,1438.336637,697.294432
1234.990000,697.180000,1286.577284,694.755124,1378.032230,689.122586,1409.746577,691.614063,1438.555581,698.341950
1235.680000,697.770000,1286.888711,695.369930,1378.032230,689.122586,1410.127006,689.591700,1438.336637,699.040296
1235.890000,697.970000,1287.044425,695.369930,1378.158916,688.112394,1410.253816,687.164865,1437.241914,699.040296
1236.190000,698.200000,1287.044425,695.492892,1378.158916,686.092009,1410.253816,686.558156,1436.804025,697.469018
1236.490000,698.320000,1288.912986,695.738814,1378.538973,685.586913,1410.887865,684.434675,1438.336637,694.501049
1237.080000,698.120000,1289.691553,695.984736,1378.919031,685.182836,1411.395104,683.524612,1439.431360,693.802703
1237.930000,697.750000,1289.847266,696.107698,1379.172402,685.182836,1411.775534,681.097776,1440.745027,692.231425
1238.480000,697.140000,1290.470120,696.845465,1380.185888,686.092009,1410.887865,678.974295,1443.372363,691.009320
1238.760000,696.790000,1290.937260,697.460271,1380.439260,686.496086,1410.127006,678.468705,1446.218642,688.565111
1238.960000,696.310000,1291.404401,697.583232,1380.692631,687.102202,1409.873386,678.468705,1448.189144,684.724209
1239.190000,695.850000,1291.560114,697.583232,1381.959489,689.021567,1409.746577,680.592186,1448.845977,680.708722
1239.490000,695.040000,1292.027254,697.460271,1381.959489,689.627683,1410.761055,683.322376,1448.627033,677.216993
1240.110000,694.200000,1292.027254,696.968426,1382.339547,690.536856,1411.648724,686.153684,1448.189144,675.121956
1240.910000,693.680000,1292.027254,696.722504,1382.972975,691.648067,1412.409583,688.479401,1448.189144,673.550678
1241.510000,693.390000,1292.805822,696.230659,1383.099661,692.961318,1412.663202,689.591700,1443.153418,671.281055
1241.900000,693.290000,1292.961535,696.230659,1383.353033,693.567433,1413.297251,693.636426,1443.153418,671.281055
1242.310000,693.220000,1293.740102,695.984736,1383.606404,694.779664,1413.931300,696.669971,1445.342864,674.598197
1242.990000,693.590000,1294.051529,695.984736,1384.366519,697.608203,1414.565350,698.186743,1446.656532,677.042407
1244.100000,694.470000,1294.362956,695.738814,1384.873262,698.719414,1415.579828,701.624760,1450.597534,687.343006
1244.790000,695.370000,1294.674383,695.615853,1385.760063,700.032664,1416.467497,704.051595,1452.130146,691.183907
1245.550000,696.070000,1295.920090,694.878086,1386.520177,700.739799,1416.467497,705.062777,1454.757482,695.548567
1245.780000,696.880000,1296.387230,694.878086,1387.406978,701.749991,1416.467497,706.073958,1456.946928,699.738641
1246.080000,698.070000,1300.591493,694.878086,1388.040407,703.265280,1416.467497,708.197439,1457.384817,704.452475
1246.360000,699.110000,1300.591493,694.878086,1388.800521,701.749991,1416.467497,708.298557,1456.071149,710.213827
1247.140000,700.170000,1300.747206,694.755124,1388.800521,701.143876,1416.467497,708.298557,1454.319592,713.530969
1247.910000,701.120000,1302.148627,694.509202,1388.800521,700.335722,1416.467497,708.197439,1453.005925,715.276833
1248.600000,701.920000,1302.927194,694.386241,1388.800521,699.123491,1417.101546,703.141532,1450.378590,717.371870
1248.790000,702.290000,1303.082908,694.386241,1388.927207,698.517376,1417.228356,701.725878,1447.313365,718.070216
1248.900000,702.590000,1304.484329,694.386241,1389.053893,697.103106,1417.228356,700.310224,1446.437587,718.244802
1249.010000,702.340000,1304.951469,694.386241,1389.053893,695.587818,1417.101546,698.490097,1444.904975,718.244802
1249.120000,701.980000,1306.041463,694.878086,1389.053893,694.678645,1417.101546,696.568852,1444.467086,717.546456
1249.150000,701.650000,1306.352890,695.001047,1389.053893,694.173548,1417.101546,694.748726,1444.904975,714.753074
1249.400000,700.790000,1306.820030,695.001047,1389.053893,693.264375,1416.594307,691.007354,1447.532310,708.817135
1250.050000,699.850000,1309.155731,695.615853,1389.053893,692.456221,1416.467497,689.591700,1454.100648,704.277888
1250.720000,698.300000,1309.311445,695.738814,1387.533663,692.254183,1416.087067,688.176046,1456.071149,697.818191
1250.670000,696.750000,1309.311445,695.738814,1387.533663,692.153164,1416.087067,687.973810,1458.041650,692.929771
1250.650000,694.800000,1309.622872,696.353620,1388.040407,691.142971,1416.087067,689.591700,1459.136373,690.485561
1250.770000,693.790000,1309.622872,696.599542,1388.673835,693.971510,1416.467497,693.939781,1460.231096,688.390524
1250.950000,692.630000,1309.934299,696.722504,1389.307264,696.092914,1416.467497,695.153198,1460.887930,685.073382
1251.590000,690.950000,1310.090012,696.845465,1389.940693,697.507183,1417.101546,698.692333,1461.544764,682.105413
1251.880000,689.860000,1310.090012,696.845465,1390.320751,699.123491,1417.101546,701.220287,1461.544764,682.105413
1251.910000,689.290000,1310.090012,696.845465,1390.574122,700.133684,1417.355165,703.647122,1458.698484,680.708722
1251.860000,689.010000,1310.090012,696.845465,1390.700808,701.244895,1417.735595,704.860540,1458.698484,680.708722
1251.750000,689.030000,1310.090012,696.845465,1390.700808,702.861203,1417.862405,705.265013,1461.325819,690.834734
1251.800000,689.170000,1309.934299,696.845465,1390.700808,703.871395,1418.116024,705.770604,1461.325819,694.675635
1251.850000,689.630000,1307.598597,694.140318,1390.700808,704.881588,1418.116024,705.770604,1461.544764,696.421499
1251.700000,690.090000,1307.287170,693.525512,1391.334237,701.547953,1418.116024,705.770604,1462.420542,700.786160
1251.650000,690.790000,1306.975743,692.541823,1391.334237,701.547953,1418.116024,704.557186,1461.544764,710.213827
1251.670000,691.070000,1306.820030,692.049978,1391.967666,700.638780,1418.369644,703.748241,1460.668986,715.276833
1251.590000,691.520000,1306.820030,691.804055,1392.221037,698.820433,1419.003693,701.725878,1459.355318,717.197284
1251.400000,692.070000,1306.820030,691.804055,1391.967666,697.204126,1419.384122,700.815814,1456.290094,719.816080
1251.040000,692.570000,1306.820030,691.804055,1391.967666,696.800049,1419.764552,699.804633,1452.786980,720.863598
1251.030000,692.680000,1306.820030,691.804055,1391.967666,695.789856,1420.271791,697.074443,1450.378590,721.038185
1251.050000,692.690000,1306.508603,689.467793,1391.840980,694.981702,1420.905840,695.153198,1448.627033,720.863598
1251.060000,692.430000,1306.041463,688.361142,1391.840980,693.264375,1421.920319,692.220772,1449.283867,715.800592
1251.190000,691.780000,1306.041463,688.361142,1391.207551,691.446029,1422.934797,688.176046,1453.881703,710.388413
1251.200000,691.130000,1304.017188,686.393762,1390.827494,682.556336,1425.597803,677.861996,1457.384817,704.801648
1251.210000,690.240000,1303.861475,686.393762,1390.827494,678.313528,1423.822466,672.907207,1459.136373,700.786160
1251.140000,688.950000,1303.705761,686.147840,1390.574122,677.505374,1425.978233,670.884844,1460.231096,698.167364
1250.940000,687.760000,1303.705761,686.147840,1389.560636,676.798239,1425.231573,668.577189,1462.858432,692.929771
1250.790000,686.860000,1303.705761,686.147840,1389.433950,676.596201,1424.123239,667.482978,1465.923656,683.502104
1250.730000,685.850000,1303.705761,686.147840,1389.433950,677.000278,1423.595461,665.841662,1448.189144,666.043462
1250.240000,684.660000,1303.705761,686.147840,1390.194065,678.515566,1422.592682,663.737410,1442.058695,664.123012
1249.560000,683.550000,1303.705761,686.147840,1391.207551,680.636970,1422.539904,663.611155,1433.957745,662.900907
1248.920000,682.600000,1303.705761,686.147840,1391.207551,681.546143,1421.748237,665.631237,1429.797798,664.123012
1248.300000,682.260000,1303.705761,686.147840,1391.207551,681.950220,1421.748237,665.631237,1429.578853,666.916394
1248.290000,681.850000,1303.705761,685.041189,1391.334237,682.657355,1422.803793,667.482978,1429.578853,670.408123
1248.620000,681.000000,1303.394335,684.057500,1391.334237,682.657355,1423.859350,669.208465,1429.578853,673.550678
1249.310000,680.140000,1303.238621,683.934538,1391.334237,682.657355,1424.387128,670.891867,1430.016742,677.042407
1249.580000,679.890000,1303.238621,683.934538,1391.460923,683.061432,1425.706574,672.701523,1430.673576,678.962857
1249.300000,680.010000,1303.238621,683.934538,1391.967666,684.475701,1427.395464,674.805775,1430.892521,681.581654
1248.850000,680.230000,1303.238621,677.786478,1392.474409,685.687932,1429.453799,676.741687,1431.111465,684.200450
1248.210000,680.560000,1303.082908,677.540556,1393.107838,687.607298,1430.509356,677.709643,1431.330410,685.597141
1247.920000,680.960000,1303.082908,677.540556,1393.107838,686.193028,1433.095470,681.371041,1431.330410,689.088870
1247.630000,681.190000,1301.681487,677.663517,1393.107838,687.506279,1426.918581,687.697354,1430.892521,691.707666
1246.940000,681.630000,1301.681487,677.663517,1392.601095,685.990990,1423.888160,688.474073,1430.235687,693.628117
1246.360000,681.780000,1300.902920,677.663517,1392.601095,685.182836,1423.347014,688.991885,1429.578853,695.199395
1246.090000,681.900000,1298.722932,677.909439,1392.601095,684.374682,1423.347014,688.991885,1428.484130,696.246913
1245.840000,681.940000,1298.411505,677.786478,1392.601095,683.566528,1422.264720,688.215167,1428.484130,694.675635
1245.620000,681.920000,1297.010084,677.909439,1391.967666,681.950220,1421.398886,688.128865,1428.484130,693.453530
1244.700000,681.340000,1296.387230,677.909439,1390.574122,678.818624,1421.290656,685.453501,1428.046241,692.755185
1243.770000,680.840000,1295.452950,677.786478,1390.320751,678.111489,1421.723574,684.245272,1428.046241,689.088870
1242.960000,680.060000,1295.141523,677.786478,1388.673835,675.990085,1422.048262,682.087721,1428.484130,686.644660
1242.370000,679.180000,1294.674383,677.663517,1388.293778,675.586008,1422.048262,682.087721,1428.484130,685.073382
1242.290000,678.990000,1294.362956,677.540556,1387.533663,674.878874,1422.589408,680.620586,1428.484130,683.327518
1242.130000,678.820000,1293.272962,677.171672,1386.140120,674.373777,1422.481179,678.204128,1428.046241,680.534135
1242.040000,678.510000,1294.051529,675.942060,1385.506691,673.969700,1422.481179,677.341107,1428.046241,679.137444
1241.880000,677.920000,1294.051529,675.942060,1384.614670,672.090335,1423.130555,672.939703,1428.046241,677.391580
1241.690000,677.330000,1294.051529,675.819099,1384.614670,672.090335,1423.563472,670.350641,1428.046241,675.296543
1241.760000,676.650000,1293.895815,675.081332,1384.614670,672.090335,1423.671701,666.984861,1428.484130,668.313086
1241.140000,673.070000,1293.117248,674.835409,1384.739651,673.585229,1423.671701,666.984861,1428.046241,666.392635
1240.760000,672.200000,1292.338681,674.589487,1384.739651,675.080122,1423.671701,666.984861,1427.608352,665.170530
1240.420000,671.340000,1292.338681,674.589487,1384.614670,675.578420,1423.671701,665.690330,1427.389407,664.123012
1239.820000,669.020000,1292.182968,674.097642,1384.614670,676.076718,1423.671701,665.604028,1425.418906,662.900907
1239.510000,666.040000,1292.027254,673.359875,1384.614670,676.575015,1422.589408,667.847881,1425.418906,663.250080
1239.410000,664.900000,1292.027254,673.359875,1384.614670,676.575015,1422.481179,669.487620,1426.294684,666.916394
1239.370000,664.230000,1291.560114,672.622108,1384.114748,678.069909,1422.481179,670.264339,1426.732573,670.058950
1239.270000,663.680000,1291.248687,671.638418,1383.989767,678.169568,1422.481179,675.183556,1426.732573,673.550678
1239.300000,662.990000,1289.691553,669.056233,1383.989767,679.465143,1422.481179,675.615066,1426.951518,676.867820
1239.310000,662.760000,1289.691553,668.687349,1383.864787,680.461738,1425.186912,681.483606,1426.951518,679.835790
1239.320000,662.040000,1289.847266,666.719970,1383.739806,681.657653,1425.728058,685.021991,1427.389407,683.327518
1239.490000,661.520000,1290.002980,665.490358,1383.489845,682.056291,1425.836288,686.834334,1427.827296,690.136388
1239.810000,661.470000,1290.158693,664.014823,1383.114903,683.351865,1426.269205,688.215167,1428.046241,693.628117
1239.800000,661.330000,1290.470120,662.785211,1382.739961,683.949823,1426.918581,690.545322,1428.046241,698.691123
1239.840000,661.820000,1290.470120,662.785211,1382.739961,683.949823,1419.342529,693.824800,1428.046241,700.786160
1239.850000,662.210000,1290.470120,662.785211,1382.739961,683.650844,1418.476694,695.378238,1427.827296,704.103302
1239.910000,662.480000,1290.470120,662.293366,1382.614980,681.657653,1413.084475,698.251477,1427.389407,704.976234
1239.970000,662.500000,1290.937260,661.678560,1382.614980,680.860376,1413.961280,696.899758,1426.294684,706.198339
1240.050000,662.570000,1291.248687,661.555599,1382.614980,680.162760,1414.487363,694.988708,1425.199961,706.722098
1240.130000,662.210000,1291.248687,661.186715,1383.114903,678.867185,1415.013447,694.242932,1424.105238,706.722098
1240.240000,661.900000,1291.248687,660.571909,1385.864477,672.588633,1416.299428,692.658159,1425.418906,704.277888
1240.380000,661.260000,1291.248687,660.448948,1386.239419,671.492378,1417.234687,691.259829,1430.235687,699.738641
1240.860000,659.760000,1291.560114,658.727491,1386.614361,670.196804,1418.053039,689.628445,1431.768299,699.040296
1241.000000,658.700000,1293.117248,658.112685,1388.239109,667.705315,1419.572836,685.852955,1431.768299,699.040296
1242.535901,656.403180,1294.051529,657.866763,1388.364090,667.505996,1417.938736,673.253528,1436.147191,697.294432
1242.655150,654.802343,1294.362956,657.497879,1388.739031,666.708719,1419.236243,664.976477,1437.679803,694.675635
1243.012898,653.107340,1297.996734,655.804283,1389.113973,665.612464,1418.371238,660.768976,1439.869249,688.390524
1243.012898,653.107340,1297.996734,655.804283,1389.738876,663.718933,1417.938736,659.527419,1440.745027,682.454586
1243.847643,652.448172,1298.209611,655.468081,1391.613586,660.629486,1417.938736,659.527419,1439.431360,664.123012
1243.489895,650.847336,1299.486871,653.955173,1392.238489,659.632891,1416.727731,658.009959,1435.052468,656.790382
1244.205391,647.928164,1299.699748,653.787072,1392.488450,658.735955,1416.208728,655.250942,1433.957745,653.822413
1244.801638,646.421494,1299.061118,652.610365,1391.599130,656.267427,1410.127194,655.957906,1430.892521,652.600308
1245.636384,644.632324,1299.061118,652.442264,1391.599130,655.824996,1414.442464,650.581350,1429.649196,650.461562
1245.874882,643.784823,1299.061118,650.761254,1391.807196,654.884828,1414.442464,650.581350,1427.786216,648.846844
1245.874882,643.784823,1299.061118,650.088850,1391.807196,654.774220,1414.442464,650.581350,1425.194244,646.521651
1246.471129,640.865650,1299.061118,649.584547,1391.529775,656.156819,1416.869803,648.215665,1424.951246,646.457062
1246.232630,639.735648,1299.273994,648.744042,1391.876551,654.940132,1414.442464,657.893466,1425.032245,652.011691
1246.232630,639.358981,1299.273994,648.239739,1391.876551,654.331788,1414.172759,657.893466,1425.761238,655.887013
1246.828877,638.417312,1299.061118,647.399234,1391.876551,654.331788,1413.093942,657.893466,1425.761238,659.051860
1247.663622,638.040645,1299.061118,647.063032,1391.854085,653.010918,1412.824238,657.893466,1424.951246,662.410473
1249.213864,638.040645,1299.061118,646.558729,1391.854085,653.010918,1410.127194,653.807283,1423.736259,657.372554
1249.452362,638.040645,1299.061118,645.886325,1392.008034,650.862633,1410.127194,653.807283,1423.817258,655.564070
1249.452362,638.040645,1299.061118,645.382022,1392.008034,650.003320,1413.363646,651.656661,1423.898258,654.853594
1250.048609,637.569811,1299.061118,644.877719,1392.008034,649.144006,1413.633351,647.355416,1423.088266,652.915933
1250.644856,637.004810,1299.061118,644.037214,1391.931059,647.916415,1413.363646,647.355416,1422.683271,652.011691
1251.598850,636.533976,1299.061118,642.524306,1391.623161,646.197787,1413.363646,647.355416,1422.602271,650.138618
1251.956598,635.968974,1299.486871,641.179498,1391.623161,645.092955,1414.172759,642.624046,1423.007267,648.782256
1253.179346,633.452997,1301.206449,635.635539,1392.315932,643.435707,1413.633351,642.193922,1423.574261,646.198707
1252.591788,632.937471,1300.833095,634.161420,1393.085679,642.330875,1412.824238,636.172179,1424.384252,641.871264
1253.832188,631.700209,1301.206449,632.097653,1394.425884,630.891148,1412.284829,634.236618,1424.951246,639.029361
1254.550315,631.081579,1301.393126,631.802829,1395.849732,628.756641,1412.015125,627.784751,1426.004235,632.958022
1254.942020,630.411395,1302.513187,630.623534,1396.533179,626.077152,1411.745420,627.784751,1428.172881,627.905650
1255.203157,629.638107,1303.446572,629.591651,1396.704041,625.123436,1412.284829,624.773879,1425.246192,622.601692
1255.790715,628.710161,1308.113494,626.348588,1396.988811,624.533040,1412.824238,620.687697,1423.915879,618.995000
1255.944473,621.300146,1308.113494,625.316705,1397.615304,622.671023,1412.824238,620.687697,1422.585566,617.722050
1258.930789,618.590742,1308.860201,621.778819,1397.558350,621.399402,1411.745420,619.397323,1421.787378,616.236942
1260.582794,616.282731,1310.540293,620.157288,1396.704041,619.537384,1411.745420,618.106950,1421.521315,613.478883
1261.853567,614.225591,1312.033709,616.766814,1396.134502,618.220348,1411.745420,618.106950,1421.255253,610.508667
1263.060801,612.519670,1312.967093,615.734930,1397.220314,616.935981,1411.745420,618.106950,1421.255253,610.508667
1264.268035,610.763575,1314.647185,614.113399,1396.714628,617.540833,1411.745420,618.106950,1421.255253,610.508667
1265.030499,609.760092,1316.140600,611.312573,1396.630347,617.070393,1411.745420,618.106950,1422.585566,609.235717
1266.555426,608.756609,1317.260661,609.985865,1396.630347,616.868776,1418.488029,617.031638,1424.448004,613.478883
1268.525124,610.412356,1317.634015,609.838453,1396.883190,616.599953,1418.488029,617.031638,1425.246192,617.722050
1269.922975,609.208176,1320.060815,607.479863,1398.315967,615.054222,1418.488029,616.171389,1425.246192,618.782842
1270.240668,607.903649,1320.247492,607.037627,1399.748744,613.374080,1418.488029,615.311140,1429.237131,617.297733
1270.876054,607.702952,1322.674291,606.005744,1400.422992,612.029967,1419.566846,614.020767,1431.365632,616.449100
1272.591598,608.254868,1323.607676,605.563508,1401.012959,609.879385,1420.375960,612.945456,1435.888697,613.054567
1272.909291,608.054171,1324.541060,604.826448,1402.108612,604.032491,1424.151820,608.644211,1441.742074,611.569458
1273.862371,607.953823,1325.101091,603.794565,1403.263728,597.345098,1431.703542,604.127903,1456.375518,613.266725
1277.102841,607.151036,1325.474445,603.352329,1405.157912,593.932662,1436.018812,598.966409,1462.494958,612.418092
1279.835003,605.043722,1330.141367,601.878210,1408.287170,590.141425,1447.885804,591.009106,1466.485898,609.872192
1280.190032,604.009528,1332.381490,601.141150,1408.549955,589.617564,1444.109943,586.922923,1468.082273,602.870967
1283.103658,603.107259,1334.808289,600.551503,1409.601092,588.360299,1444.109943,586.922923,1471.008962,596.081900
1282.132449,602.836579,1337.608442,599.667031,1408.846580,585.344732,1443.840238,584.127114,1469.678649,584.837509
1283.560697,602.114764,1339.475211,598.045500,1410.815240,584.385404,1444.649351,579.395744,1470.476837,577.199809
1284.988946,600.851588,1343.208749,596.129145,1413.440120,582.205113,1444.649351,577.245122,1468.552939,567.031285
1285.960155,599.994433,1344.142134,595.244673,1413.549490,581.943478,1444.649351,576.599935,1467.371773,565.147560
1289.559340,594.490596,1346.008902,593.770554,1413.877600,584.036557,1444.649351,576.599935,1464.123564,561.380110
1291.958797,592.460492,1348.809056,592.296435,1413.986970,584.123769,1444.649351,576.599935,1464.123564,561.380110
1287.609588,592.479991,1351.235855,591.411964,1414.533820,585.780790,1444.649351,577.030060,1463.828272,561.615576
1291.219667,590.944973,1351.795886,591.264552,1414.424450,588.222716,1444.649351,578.535495,1463.532981,564.205698
1291.775064,589.629244,1353.102624,589.937844,1414.971300,589.792525,1444.649351,579.395744,1464.418856,567.737682
1291.775064,590.725685,1353.849332,589.053373,1414.971300,590.141372,1445.728169,579.610807,1465.009439,569.621407
1293.163555,590.287108,1353.849332,589.053373,1415.080670,590.490218,1449.234325,581.976491,1467.076481,572.446994
1294.552047,589.848532,1353.849332,589.053373,1415.190040,591.885605,1450.582847,583.912052,1468.552939,576.920840
1295.940539,589.190667,1356.276131,587.874078,1417.268070,591.885605,1451.931369,585.847612,1469.438815,577.862703
1296.495936,588.971379,1356.276131,587.874078,1419.236730,589.792525,1455.167821,588.428359,1470.029398,577.627237
1298.162126,589.848532,1356.276131,587.874078,1419.564840,588.920409,1455.976934,589.073546,1475.935232,577.862703
1298.717523,590.067820,1356.276131,587.874078,1420.330430,586.216848,1456.595404,583.964612,1481.250483,575.743512
1298.995221,591.164261,1356.276131,587.874078,1420.330430,585.344732,1458.291627,582.373355,1493.948026,576.449909
1299.550618,591.383550,1356.462808,587.874078,1420.549170,583.949346,1458.092072,581.020787,1496.015068,576.449909
1301.494506,593.137856,1358.516254,587.874078,1420.549170,581.681843,1457.792738,579.906907,1498.967985,578.098168
1304.826886,597.304332,1360.943054,589.200785,1420.549170,580.460880,1456.794960,578.156524,1499.558568,577.862703
1305.104585,600.155079,1366.543360,594.949850,1420.330430,579.065494,1455.996737,577.122207,1499.558568,577.862703
1305.659982,601.690097,1367.103391,595.244673,1418.361770,577.146838,1453.502291,573.780568,1491.585692,570.563269
1305.659982,601.690097,1367.476745,595.981733,1418.252400,577.059627,1448.413622,572.427999,1493.062151,568.915010
1309.270060,600.155079,1368.036775,596.571381,1420.439800,578.193378,1448.313844,571.552808,1493.948026,567.266751
1308.992362,598.839350,1368.410129,597.161028,1421.096020,578.891071,1448.413622,571.950622,1496.605651,557.612661
1308.992362,598.839350,1368.410129,597.455852,1421.424130,579.327129,1448.613177,571.950622,1496.310359,553.374280
1310.380854,598.620062,1368.596806,598.635148,1422.189720,580.112034,1450.808290,574.337508,1488.632775,548.429502
1311.769345,596.207891,1368.596806,598.782560,1423.064680,581.071362,1451.506734,576.167453,1488.632775,548.429502
1311.491647,594.453585,1372.330344,598.635148,1423.830269,582.379536,1452.803846,578.793027,1488.928067,550.784158
1311.769345,593.357144,1374.383790,598.045500,1425.252079,585.170309,1454.300514,582.214229,1490.699817,554.787074
1315.379424,592.260703,1374.570467,597.898088,1427.439479,590.926277,1455.098737,584.123738,1491.880984,558.319058
1313.157837,593.576432,1374.943820,597.603264,1428.095699,592.234451,1457.992294,587.863192,1491.880984,559.496386
1313.990932,592.479991,1377.370620,596.866205,1429.080029,594.327530,1459.987851,590.727454,1493.652734,563.028370
1313.990932,592.260703,1378.677358,596.571381,1429.736249,595.897340,1460.786073,592.159585,1494.538609,565.147560
1315.379424,596.646468,1379.610743,595.981733,1430.720579,597.554361,1461.783852,594.705596,1495.129193,567.737682
1315.379424,596.646468,1381.850865,595.981733,1431.595539,598.339266,1462.282741,596.455979,1498.082110,573.388856
1316.767916,598.620062,1382.597573,598.045500,1433.017349,598.077631,1462.282741,597.808547,1506.350277,579.040031
1316.767916,599.058638,1381.566725,598.730439,1433.673569,598.077631,1462.382519,598.206362,1512.256111,583.984808
1317.045614,599.935791,1383.502692,598.203787,1435.314119,598.513689,1462.382519,598.524613,1515.504320,588.694120
1318.711804,601.251521,1383.838388,597.574206,1435.642229,597.554361,1462.083185,594.546471,1519.638404,593.167967
1314.546329,605.198709,1383.838388,597.574206,1435.970339,594.850800,1461.883630,593.830405,1517.276070,596.464485
1316.767916,610.023051,1384.006236,597.408526,1435.642229,593.891472,1461.783852,591.363957,1510.189069,599.290072
1316.767916,613.970239,1384.006236,597.905564,1435.642229,592.844933,1461.783852,590.170514,1509.598486,599.290072
1316.757436,614.280709,1386.849103,603.613694,1435.642229,592.670509,1461.783852,589.136197,1509.303194,597.641813
1317.013985,617.116926,1386.359022,604.129692,1432.689239,591.798393,1461.584296,588.738383,1509.893778,595.522623
1317.013985,617.116926,1386.359022,605.677686,1432.033019,594.065895,1461.584296,587.465377,1510.779653,591.990639
1317.783630,618.535034,1386.359022,606.967681,1432.579869,596.595033,1461.284963,587.067563,1510.779653,587.281327
1320.868005,613.669811,1386.522383,608.773674,1433.564199,597.379938,1461.983407,589.454448,1508.712611,580.452824
1322.551875,614.645654,1386.522383,609.418672,1441.987934,597.729040,1463.280519,593.750842,1505.169110,578.098168
1323.070000,614.970000,1386.522383,610.708667,1441.502394,597.470926,1463.978964,595.660351,1503.397360,576.920840
1323.060000,614.950000,1386.359022,611.611663,1441.340547,599.406777,1464.777187,597.808547,1501.330318,575.508047
1322.980000,614.950000,1386.195662,612.127662,1441.987934,599.923004,1466.273854,601.309313,1502.216193,581.394687
1322.990000,615.010000,1386.032302,613.288657,1443.930097,601.858854,1467.271633,603.855324,1503.397360,586.339464
1323.020000,615.070000,1386.032302,614.707652,1446.681494,604.956215,1468.269411,607.276526,1503.987944,588.694120
1320.279099,615.922581,1386.032302,615.997647,1450.727666,608.182632,1470.405481,610.746607,1504.873819,591.048776
1319.910000,616.050000,1385.705582,617.674641,1454.773838,610.892823,1470.895327,611.158429,1505.464402,595.758088
1321.187345,617.885468,1385.542222,618.577637,1459.629244,615.280751,1471.198131,612.148397,1506.645569,600.231935
1319.705470,618.564929,1385.448722,621.122666,1461.409559,617.216601,1474.575394,617.996496,1507.826736,606.589506
1319.705470,618.602677,1385.448722,621.122666,1463.837263,619.668678,1474.078637,619.933054,1506.645569,611.063353
1319.801075,619.017903,1385.071851,621.941068,1464.484650,621.217359,1473.692270,622.177701,1505.464402,616.949993
1319.772488,622.741305,1384.977634,622.685070,1464.484650,621.217359,1474.299418,623.189993,1505.169110,621.894770
1319.641786,623.463779,1384.977634,623.577872,1464.808344,621.604529,1474.354613,623.498082,1503.692652,624.013961
1320.295296,625.011938,1384.977634,623.726672,1465.617578,621.862642,1474.409809,623.498082,1501.330318,626.368617
1320.425998,628.521098,1385.071851,624.098673,1465.779425,621.862642,1475.237737,622.617828,1497.491526,627.075013
1318.465469,633.371995,1385.651889,624.897214,1465.779425,621.862642,1475.458518,620.417194,1495.129193,626.368617
1319.641786,628.005045,1387.363593,622.580066,1465.293885,619.281508,1475.458518,620.021079,1494.538609,623.072098
1318.334767,631.204573,1387.363593,622.580066,1464.646497,618.636225,1475.403323,617.776432,1493.948026,620.717442
1318.334767,631.204573,1386.140947,625.476501,1464.484650,617.474715,1475.900080,615.751848,1493.948026,619.540114
1321.812028,630.727921,1387.363593,626.635075,1466.628993,616.686617,1475.900080,615.751848,1493.357442,616.714527
1320.473413,631.784976,1387.852651,626.828171,1466.628993,616.686617,1475.900080,615.751848,1491.585692,611.769749
1320.138760,632.313503,1387.852651,627.600553,1466.628993,617.615982,1475.900080,615.751848,1490.109234,608.708697
1319.971433,632.842031,1372.456186,633.898027,1466.628993,617.615982,1475.900080,615.751848,1487.451608,606.118575
1319.636779,633.634822,1371.880000,634.020000,1467.328289,618.359474,1476.176057,616.720128,1487.451608,606.354040
1319.302126,634.163349,1371.790000,634.030000,1467.095190,618.731220,1476.452033,618.172546,1489.223358,612.240681
1319.302126,634.163349,1371.770000,634.070000,1466.628993,620.589950,1477.611133,620.109105,1491.585692,619.069183
1317.796185,631.520712,1371.920000,634.060000,1466.162795,624.121538,1478.659843,622.133689,1492.176276,622.836633
1317.796185,631.520712,1371.920000,634.080000,1465.929696,627.095507,1479.046210,624.554387,1493.357442,627.075013
1316.290243,634.427613,1371.900000,634.090000,1465.929696,628.954237,1479.763748,631.112278,1493.062151,628.723273
1316.290243,634.427613,1371.900000,634.110000,1465.929696,630.627094,1480.289859,633.579772,1491.585692,631.077929
1316.290243,634.427613,1371.890000,634.140000,1467.794487,635.088047,1479.724565,635.457964,1490.109234,635.787241
1316.624897,635.352536,1371.900000,634.170000,1467.514480,636.139795,1479.724565,635.457964,1488.042192,638.141897
1316.792224,635.748931,1373.259405,631.360936,1467.514480,636.139795,1479.724565,636.960518,1485.679858,640.496553
1316.792224,636.145327,1371.452163,633.105186,1467.787027,635.632694,1480.195644,637.110773,1482.136358,641.438415
1316.792224,636.805986,1370.849748,632.946618,1467.514480,634.835822,1480.101428,636.359497,1481.545774,638.848294
1316.624897,638.259437,1370.849748,632.946618,1467.781542,635.680296,1480.101428,636.209241,1483.317524,636.022706
1316.624897,639.448623,1370.849748,633.263754,1468.737555,631.106350,1480.289859,635.608220,1488.042192,633.197119
1316.122917,640.902074,1371.251358,634.690867,1469.693567,629.772283,1480.478291,635.157454,1493.062151,632.255257
1315.453609,642.884052,1371.251358,634.690867,1468.976558,628.247634,1479.724565,632.152346,1493.062151,632.255257
1314.951629,644.866029,1371.251358,635.483708,1468.020545,627.104147,1478.876622,629.522878,1494.833901,632.019791
1314.951629,644.866029,1371.251358,636.910822,1468.020545,626.151242,1478.122896,627.269047,1498.967985,630.136066
1314.449649,645.526689,1371.251358,637.069390,1468.020545,624.817174,1477.180738,620.432428,1501.035027,628.723273
1314.449649,645.658821,1371.251358,637.069390,1467.542539,624.245431,1476.238580,618.328853,1503.397360,621.659305
1314.114995,641.430601,1371.251358,637.545094,1466.108520,621.005552,1476.238580,618.328853,1507.826736,614.124405
1314.114995,641.430601,1371.251358,637.545094,1466.108520,619.480904,1476.238580,617.051683,1515.799612,614.830802
1313.780342,640.109283,1371.251358,637.862231,1467.781542,619.480904,1476.238580,617.051683,1515.799612,613.418009
1313.780342,639.712887,1371.251358,637.862231,1468.498551,620.052647,1476.238580,617.051683,1515.504320,611.769749
1314.114995,638.655832,1371.452163,637.703662,1469.215561,622.149039,1477.746033,621.258833,1513.732570,608.237765
1314.114995,638.127305,1371.452163,637.703662,1469.693567,623.864269,1477.463385,622.611131,1512.551403,604.705781
1314.114995,637.730909,1371.452163,637.703662,1469.693567,624.436012,1477.180738,623.362408,1512.256111,603.999384
1314.282322,637.995173,1371.452163,637.703662,1469.693567,625.770080,1477.274954,624.639578,1509.598486,602.822056
1314.951629,639.052228,1371.452163,637.703662,1469.215561,628.057053,1476.898091,626.217260,1510.779653,603.999384
1314.951629,639.580755,1371.452163,637.703662,1469.693567,631.106350,1476.803875,626.592898,1509.598486,601.644728
1315.286283,640.637810,1371.452163,637.227958,1469.693567,631.868675,1476.709659,627.644686,1510.779653,612.476146
1315.955590,642.091261,1371.452163,637.227958,1469.693567,632.059256,1476.238580,632.077219,1511.665528,615.772665
1316.624897,643.544711,1371.452163,637.227958,1469.693567,633.012161,1476.238580,633.504645,1513.732570,620.717442
1316.624897,644.733898,1371.452163,638.655071,1469.693567,633.965067,1476.238580,634.105666,1515.799612,626.133151
1317.461531,647.905062,1372.255382,639.606480,1469.693567,634.346229,1476.238580,634.105666,1516.094903,628.487807
1317.796185,650.151304,1372.255382,640.399321,1469.693567,632.440418,1476.238580,629.447750,1516.685487,632.255257
1317.796185,650.811963,1372.255382,640.399321,1468.737555,630.153445,1476.238580,627.344175,1516.685487,632.255257
1317.796185,651.340490,1372.255382,640.875026,1468.020545,628.057053,1475.955933,626.592898,1518.457237,634.374447
1316.624897,657.286424,1367.017233,642.999581,1467.303536,626.722985,1475.579069,626.367515,1518.457237,634.845378
1316.122917,658.739874,1367.981258,646.653608,1466.108520,625.198336,1475.013775,626.067004,1518.457237,636.729103
1315.453609,658.739874,1368.174063,646.653608,1465.152508,624.245431,1473.883185,623.137025,1518.457237,636.729103
1315.453609,659.400534,1368.366869,647.414864,1464.435498,623.483107,1473.035243,621.709599,1515.799612,627.781410
1315.788263,659.400534,1368.366869,648.176120,1464.435498,623.292526,1472.187300,620.357300,1511.074944,617.656389
1315.788263,659.400534,1367.981258,649.394129,1463.957492,622.339620,1471.998869,619.681151,1504.283235,608.944162
1315.453609,659.929061,1367.981258,650.155384,1463.957492,622.339620,1470.679848,619.681151,1503.987944,608.944162
1315.118956,662.835962,1367.981258,650.916640,1465.630514,625.198336,1471.245142,620.732939,1502.216193,607.531369
1315.118956,663.232357,1367.981258,651.373393,1465.630514,627.104147,1471.622006,622.010109,1500.444443,605.412178
1314.951629,662.835962,1367.402843,652.895905,1465.630514,627.104147,1471.716221,622.761386,1500.444443,605.176712
1314.449649,662.439566,1367.210038,655.027421,1465.630514,627.104147,1472.281516,624.188812,1498.377401,602.822056
1314.449649,662.439566,1367.210038,655.027421,1466.347523,629.009958,1472.752595,625.390855,1498.377401,602.351125
1314.449649,662.835962,1367.210038,655.484174,1466.825530,630.534607,1473.412106,626.818281,1501.920902,606.589506
1314.114995,664.157280,1367.402843,661.574220,1469.693567,634.917972,1474.825343,629.222367,1502.806777,608.237765
1314.114995,664.553676,1367.402843,661.878722,1470.888583,637.395526,1477.369170,635.157454,1507.236152,615.301733
1313.613015,665.214335,1367.981258,662.792229,1472.322601,641.969472,1478.876622,642.219456,1509.303194,618.833717
1313.445688,665.874995,1367.981258,662.792229,1472.322601,641.969472,1479.630349,644.623541,1509.303194,619.304649
1313.445688,666.535654,1367.981258,663.401234,1473.517617,648.258648,1479.724565,645.149435,1509.893778,621.659305
1313.445688,667.856972,1367.981258,664.619243,1473.517617,650.926784,1480.195644,647.778904,1512.256111,631.077929
1314.114995,669.046159,1367.981258,665.532750,1473.756620,652.832595,1481.106230,650.646063,1513.141986,634.374447
1314.449649,670.631741,1367.981258,665.685001,1474.473630,655.881892,1483.719545,653.995245,1515.209028,637.906431
1314.114995,672.613719,1367.595648,666.446257,1474.473630,656.453635,1482.030728,660.728558,1520.524279,641.909346
1313.780342,674.067170,1367.595648,666.903010,1474.473630,656.834797,1482.030728,660.728558,1522.886612,644.028537
1314.497136,676.478639,1367.595648,667.359763,1474.473630,657.215960,1482.030728,660.055226,1524.363071,647.560521
1314.680345,678.287061,1367.981258,668.577773,1473.278614,657.406541,1482.030728,660.055226,1525.839529,651.092505
1315.046764,680.167820,1368.366869,669.643531,1472.083598,656.834797,1482.030728,657.361901,1520.791611,657.763848
1315.046764,680.457167,1368.945284,671.013791,1472.083598,656.834797,1482.030728,657.361901,1520.403188,660.551404
1314.955159,681.108199,1369.138089,671.775046,1471.127586,656.263054,1482.030728,657.361901,1520.403188,661.325725
1314.955159,682.193253,1369.138089,672.231800,1470.410576,655.500730,1482.030728,656.688570,1520.403188,661.325725
1314.955159,682.627274,1369.138089,672.536302,1469.215561,654.547824,1480.341912,654.668576,1517.684228,657.454119
1314.955159,682.988958,1369.523699,673.449809,1468.498551,653.785500,1480.341912,654.668576,1517.684228,656.989527
1314.863555,681.903905,1369.523699,674.515567,1465.630514,653.785500,1479.497503,654.668576,1516.518959,654.666563
1314.863555,681.831568,1369.523699,674.820069,1464.435498,653.785500,1478.653095,653.995245,1516.324748,653.582514
1315.413183,680.674178,1369.523699,675.581325,1463.718489,654.547824,1478.653095,653.995245,1515.936325,651.879008
1315.596392,679.950809,1369.909309,676.951585,1463.001480,655.310149,1477.808687,656.688570,1515.936325,650.485230
1315.596392,679.950809,1369.909309,677.103836,1462.762476,656.644216,1477.808687,657.361901,1516.324748,645.684439
1316.054416,678.504072,1366.246012,674.972320,1462.762476,658.168865,1477.808687,660.055226,1516.324748,645.374711
1316.237625,678.142387,1366.246012,674.972320,1463.718489,660.455838,1477.808687,661.401889,1516.324748,645.219846
1316.237625,678.142387,1366.246012,673.754311,1464.435498,662.552230,1477.808687,661.401889,1514.576845,649.556044
1316.237625,677.057334,1366.246012,673.754311,1464.913505,664.267460,1477.808687,664.095214,1514.576845,651.879008
1316.237625,677.057334,1366.246012,673.754311,1464.913505,665.410946,1477.808687,664.095214,1514.771056,653.427650
1316.420835,677.202008,1366.053207,673.297558,1464.196495,665.982690,1477.808687,666.115207,1514.771056,654.511699
1316.237625,679.299777,1365.474792,672.993056,1463.718489,667.126176,1478.653095,668.135201,1514.771056,656.215206
1316.237625,679.589125,1365.474792,672.993056,1462.523473,668.841406,1478.653095,670.155195,1516.324748,662.254910
1315.779602,679.733799,1365.474792,672.993056,1461.567461,669.984893,1479.497503,672.848520,1519.820554,667.520293
1315.779602,680.457167,1365.474792,672.536302,1461.328458,670.747217,1479.497503,674.195182,1522.733726,673.714862
1315.779602,681.180536,1365.474792,672.536302,1461.328458,671.700122,1479.497503,674.195182,1520.208977,676.192689
1315.871206,681.976242,1365.474792,672.536302,1460.133442,672.843609,1479.497503,674.195182,1511.396462,680.456300
1316.237625,682.699611,1365.474792,672.536302,1460.133442,672.843609,1478.653095,670.828526,1510.757804,681.372979
1316.237625,683.350643,1365.474792,672.536302,1455.831386,672.081285,1478.653095,670.155195,1510.246878,681.780392
1316.054416,683.712327,1365.474792,672.536302,1455.592383,671.890704,1478.653095,670.155195,1509.480488,681.474832
1316.054416,684.291022,1365.474792,672.536302,1455.592383,670.747217,1478.653095,670.155195,1508.586366,679.947034
1314.542937,682.605233,1365.474792,672.536302,1456.070389,667.316757,1477.808687,666.788539,1508.075440,677.808117
1315.024920,682.605233,1366.053207,673.145307,1456.548395,665.220365,1477.808687,660.728558,1507.692245,674.243255
1315.024920,682.605233,1366.053207,673.297558,1456.787398,664.267460,1477.808687,658.035233,1508.586366,671.187659
1313.337981,680.131307,1366.053207,673.754311,1456.787398,663.314554,1478.653095,653.995245,1509.480488,668.132063
1313.337981,680.131307,1365.089182,673.297558,1456.787398,663.123973,1478.653095,653.321914,1513.312437,662.428284
1313.337981,680.131307,1364.125156,671.775046,1456.548395,662.361649,1477.808687,650.628589,1513.440168,660.085660
1312.855998,678.228287,1364.125156,671.775046,1456.070389,660.646419,1473.586645,650.628589,1513.184705,650.817019
1312.855998,678.228287,1364.125156,671.775046,1455.592383,659.693514,1473.586645,653.321914,1515.228411,646.233625
1311.410051,677.086475,1363.161131,671.470544,1455.592383,658.359446,1473.586645,654.668576,1515.228411,644.196561
1310.928068,676.325267,1362.775521,671.013791,1455.353380,656.644216,1473.586645,656.015239,1514.972948,640.224286
1310.928068,675.564059,1360.269054,670.252535,1455.353380,655.500730,1473.586645,656.015239,1513.695632,636.150158
1309.241129,674.422247,1359.305029,669.948033,1455.353380,654.357243,1473.586645,656.688570,1511.396462,634.316801
1309.241129,674.422247,1359.305029,669.643531,1454.397367,660.455838,1473.586645,659.381895,1506.670392,632.992709
1309.241129,678.228287,1358.341003,669.186777,1454.397367,661.599325,1473.586645,660.728558,1501.688859,633.501975
1308.518155,680.702213,1357.376978,668.121019,1454.158364,663.505136,1473.586645,661.401889,1502.838443,636.659424
1308.518155,680.702213,1356.027342,667.207512,1453.680358,664.267460,1473.586645,662.748551,1504.754418,640.733552
1309.000138,681.082817,1354.484901,667.816517,1453.202352,665.029784,1473.586645,663.421882,1506.159466,644.502121
1308.518155,682.605233,1354.484901,668.577773,1452.485342,666.173271,1473.586645,666.115207,1508.330903,648.270689
1308.036173,683.747045,1354.484901,668.730024,1452.007336,666.935595,1473.586645,666.788539,1508.969561,650.307753
1308.036173,684.127649,1352.556850,670.404786,1451.768333,667.126176,1473.586645,666.788539,1510.119146,653.872615
1308.036173,685.650065,1351.978435,671.775046,1451.768333,667.126176,1471.897828,660.728558,1511.268731,657.030064
1308.036173,686.030669,1351.785630,672.384051,1451.768333,666.935595,1471.053420,660.728558,1513.440168,664.567201
1308.036173,686.791877,1352.556850,674.515567,1451.290327,663.314554,1471.053420,660.055226,1513.056973,668.437622
1308.277164,687.743387,1352.942461,675.581325,1450.812320,657.597122,1471.053420,659.381895,1512.418315,671.187659
1308.277164,688.694897,1352.942461,676.190330,1450.812320,656.644216,1471.053420,656.688570,1511.779657,671.798778
1308.518155,689.646407,1352.942461,677.103836,1450.573317,656.263054,1470.209011,653.321914,1511.907389,666.400558
1306.590225,686.411273,1352.942461,678.321846,1450.573317,656.263054,1470.209011,652.648583,1512.673779,659.881954
1306.108242,685.840367,1352.556850,679.387604,1450.573317,654.928987,1466.831378,650.628589,1512.673779,658.456009
1304.662295,685.840367,1352.556850,681.366868,1450.573317,654.547824,1465.142561,651.301920,1512.546047,656.520798
1304.180312,684.888857,1352.556850,682.432626,1450.812320,658.168865,1465.142561,653.995245,1512.162852,654.381881
1303.457338,684.508253,1352.556850,683.193882,1450.812320,662.361649,1465.986969,656.688570,1509.608220,646.029919
1301.770399,683.937347,1351.592825,683.346133,1450.573317,664.267460,1465.986969,657.361901,1507.309050,642.770616
1301.770399,683.937347,1350.821605,683.346133,1450.573317,665.029784,1466.831378,660.055226,1502.199785,639.409461
1299.601478,685.079159,1349.664774,683.041631,1450.573317,665.410946,1466.831378,660.728558,1497.473715,636.150158
1299.360487,687.553085,1349.086359,682.432626,1450.095311,665.982690,1467.675786,663.421882,1495.302277,635.437186
1299.360487,687.553085,1349.086359,682.432626,1450.095311,667.126176,1467.675786,664.768545,1495.813204,637.983516
1299.842469,687.933689,1348.315138,682.432626,1450.095311,667.888501,1467.675786,667.461870,1500.411542,644.094708
1299.842469,688.885199,1347.736723,682.432626,1450.095311,669.222568,1467.675786,670.155195,1501.561127,646.539185
1300.565443,690.217313,1347.736723,682.432626,1450.573317,671.890704,1467.675786,672.848520,1502.199785,647.863276
1300.806434,692.310636,1347.158308,684.564142,1450.573317,674.749420,1467.675786,674.195182,1503.604833,649.900340
1301.047426,694.974864,1346.965503,684.716394,1450.573317,678.370461,1467.675786,676.215176,1504.498954,650.817019
1300.806434,699.732414,1346.965503,684.716394,1451.051323,681.229177,1466.831378,678.235170,1507.692245,654.687441
1300.565443,698.971206,1345.037452,685.173147,1451.290327,681.610339,1466.831378,680.255163,1511.140999,658.863422
1300.565443,699.351810,1344.073426,685.325398,1451.290327,682.182082,1466.831378,681.601826,1514.589753,664.669054
1299.360487,700.683924,1344.073426,685.325398,1451.290327,682.182082,1466.831378,684.295151,1512.801510,679.335915
1298.637513,701.635434,1344.073426,685.325398,1451.290327,682.372663,1466.831378,684.295151,1511.907389,681.678538
1298.637513,702.206340,1344.073426,685.325398,1450.573317,684.469055,1465.986969,684.968482,1511.268731,683.511896
1293.817687,702.586944,1340.667050,692.727655,1446.032258,676.845812,1465.986969,686.988476,1510.502341,684.835988
1293.817687,702.206340,1340.667050,693.154486,1446.032258,676.655231,1463.453744,680.928495,1508.203172,686.465639
1293.817687,700.683924,1340.126527,694.008149,1445.793255,675.702325,1460.920519,672.848520,1506.670392,689.317528
1292.130748,698.209998,1337.964436,694.221564,1445.793255,674.940001,1460.920519,670.828526,1506.031734,688.808262
1292.130748,698.209998,1337.964436,694.221564,1445.076245,673.605933,1460.920519,669.481864,1499.645153,688.502703
1291.407774,698.019696,1337.423913,694.221564,1445.076245,672.843609,1460.920519,669.481864,1504.498954,683.919309
1287.792905,695.165166,1335.261821,692.941071,1445.793255,677.608136,1460.920519,669.481864,1505.137613,678.113676
1287.792905,695.165166,1335.261821,692.941071,1445.793255,677.608136,1460.920519,673.521851,1503.604833,672.206191
1287.792905,695.165166,1333.910514,691.233746,1445.793255,678.370461,1459.231702,674.868514,1503.477101,668.132063
1287.792905,694.974864,1333.910514,691.233746,1445.793255,679.132785,1459.231702,678.235170,1503.477101,665.585733
1287.792905,695.165166,1333.910514,690.806915,1445.793255,680.276271,1459.231702,678.235170,1503.732565,662.326431
1287.792905,695.355468,1333.910514,690.593499,1445.793255,680.657434,1459.231702,679.581832,1503.860296,660.085660
1287.792905,695.355468,1333.910514,690.593499,1445.793255,681.419758,1460.920519,680.928495,1502.199785,657.335624
1287.792905,695.355468,1332.018684,689.526421,1445.793255,682.372663,1460.920519,681.601826,1499.772884,655.400413
1287.551914,698.019696,1332.018684,689.526421,1446.271261,684.087893,1460.920519,682.948488,1499.645153,655.400413
1287.551914,698.400300,1332.018684,689.526421,1446.510264,685.040799,1459.231702,683.621820,1498.751031,656.215239
1287.551914,699.922716,1332.018684,689.526421,1446.271261,683.134988,1458.387294,683.621820,1500.411542,661.817165
1287.551914,700.683924,1332.018684,689.953253,1446.510264,679.513947,1455.876800,682.903174,1501.688859,663.956082
1287.551914,700.683924,1332.018684,690.593499,1446.988270,678.561042,1455.876800,682.903174,1502.838443,665.993146
1287.551914,701.064528,1332.018684,690.593499,1446.988270,677.417555,1455.876800,682.903174,1504.115760,671.798778
1288.515879,702.016038,1333.099730,691.020330,1446.510264,676.464650,1455.460278,678.585430,1505.009881,678.113676
1288.515879,702.016038,1333.910514,692.087408,1445.793255,675.892906,1455.460278,678.585430,1504.243491,681.984098
1288.756870,702.206340,1333.910514,692.087408,1445.315249,673.796514,1455.460278,677.921161,1503.477101,683.919309
1288.756870,702.586944,1333.910514,692.087408,1445.315249,672.843609,1455.460278,676.592624,1500.922469,686.058226
1288.756870,702.586944,1333.369991,692.941071,1446.271261,672.843609,1455.043757,673.935550,1497.090520,687.280464
1288.756870,702.586944,1332.018684,694.221564,1445.076245,669.031987,1455.043757,673.603416,1495.557741,687.484171
1288.756870,702.206340,1331.748423,694.221564,1445.076245,668.841406,1452.961149,671.278477,1492.619913,686.873052
1288.756870,702.016038,1331.478161,694.221564,1443.403224,667.888501,1450.878542,669.617805,1493.641766,683.002630
1288.756870,701.064528,1330.667377,693.794733,1442.686214,667.126176,1449.212456,668.621403,1496.451862,678.826649
1288.033896,699.922716,1330.397115,693.794733,1438.862164,666.173271,1448.795935,668.289269,1498.112373,674.141402
1287.792905,699.161508,1333.842182,693.907073,1438.145155,666.363852,1446.713327,667.292866,1499.389689,670.678393
1287.310922,697.448790,1334.150000,694.010000,1437.906152,669.794312,1446.713327,669.617805,1500.283811,667.113531
1287.310922,697.448790,1334.250000,694.010000,1438.145155,671.128379,1446.713327,670.282074,1501.050200,662.020871
1287.310922,697.258488,1334.020000,693.980000,1438.623161,672.653028,1447.129849,673.935550,1500.283811,657.539330
1286.828940,696.116676,1334.020000,693.960000,1438.623161,673.605933,1447.129849,674.931953,1497.218252,652.955936
1286.587949,695.355468,1334.020000,693.930000,1437.906152,674.940001,1447.129849,675.264087,1494.535887,649.594781
1286.587949,695.355468,1334.030000,693.900000,1437.428145,676.274069,1447.129849,675.264087,1490.065281,645.622506
1286.587949,695.355468,1334.030000,693.890000,1436.472133,677.417555,1448.795935,677.256893,1486.999721,643.178029
1287.551914,697.258488,1334.030000,693.880000,1436.472133,677.417555,1448.795935,678.585430,1484.700552,642.261350
1287.792905,698.019696,1334.030000,693.870000,1436.472133,677.798717,1448.795935,678.917564,1484.061894,642.770616
1287.792905,698.209998,1334.030000,693.870000,1436.472133,678.751623,1449.628977,679.913966,1486.233332,648.779955
1287.792905,698.971206,1334.020000,693.910000,1436.233130,680.276271,1450.878542,680.578235,1492.619913,654.687441
1287.792905,699.351810,1334.020000,693.920000,1436.233130,680.657434,1450.878542,681.906772,1493.641766,655.502266
1287.551914,700.113018,1334.010000,693.950000,1436.233130,681.419758,1451.711585,682.903174,1496.579594,657.743037
1287.310922,700.683924,1334.020000,694.000000,1436.233130,681.610339,1452.961149,683.567443,1497.473715,659.983807
1287.310922,702.016038,1334.010000,694.000000,1436.233130,682.372663,1452.961149,683.567443,1499.261958,663.141256
1287.310922,702.016038,1334.010000,694.070000,1436.233130,683.134988,1452.961149,684.895980,1501.561127,665.993146
1287.310922,702.016038,1334.020000,694.090000,1435.516121,683.134988,1452.961149,685.228114,1505.137613,669.456154
1286.346957,703.538454,1334.020000,694.120000,1434.321105,679.513947,1451.711585,681.906772,1508.203172,674.345108
1285.623983,703.919058,1325.067938,698.727165,1434.082102,678.751623,1451.711585,680.578235,1509.863683,680.150740
1285.382992,704.680266,1325.067938,698.727165,1433.843099,677.226974,1451.711585,680.246101,1508.841830,684.021162
1285.382992,705.441474,1326.399553,699.515812,1433.126089,676.274069,1451.711585,677.921161,1505.393076,685.854520
1285.382992,706.963890,1326.399553,699.515812,1433.126089,675.702325,1451.711585,676.924758,1501.944322,686.465639
1285.142001,707.725098,1326.566005,700.567340,1433.126089,675.702325,1451.711585,675.596222,1498.367836,684.021162
1286.105966,706.392984,1326.566005,700.567340,1432.887086,675.511744,1450.878542,673.603416,1498.367836,681.372979
1285.623983,704.870568,1326.566005,700.567340,1432.648083,674.749420,1450.045499,671.942745,1498.751031,679.437768
1283.696053,702.016038,1326.566005,700.567340,1432.648083,674.749420,1448.795935,670.282074,1499.006494,675.363640
1283.696053,702.016038,1325.567293,700.567340,1432.648083,674.558839,1448.795935,669.617805,1499.134226,673.224723
1283.937044,701.064528,1325.567293,700.567340,1432.648083,673.987096,1447.962892,668.621403,1497.856910,665.993146
1283.214071,699.732414,1326.066649,699.384371,1432.648083,673.796514,1447.546370,669.949940,1496.451862,661.104192
1283.214071,699.351810,1325.900197,698.201401,1432.648083,673.796514,1447.546370,671.942745,1494.663619,655.705973
1282.732088,698.209998,1325.733745,697.675637,1432.648083,673.796514,1447.962892,672.939148,1492.619913,652.854083
1282.732088,698.209998,1325.234390,697.544196,1432.648083,673.796514,1448.795935,673.271282,1490.959402,651.122579
1282.973079,696.497280,1324.735034,696.361227,1431.692071,676.845812,1448.795935,673.603416,1490.065281,649.085515
1283.214071,696.306978,1324.735034,696.229786,1431.692071,676.845812,1450.878542,675.596222,1489.426622,647.252157
1283.696053,695.355468,1325.567293,694.258171,1431.692071,676.845812,1450.878542,675.596222,1490.193012,648.678102
1283.696053,695.165166,1316.954795,694.583959,1431.453067,677.226974,1450.878542,677.256893,1490.703939,650.104047
1283.937044,695.355468,1319.806300,696.109324,1429.541042,679.323366,1451.295063,678.917564,1491.342597,651.835551
1284.178036,697.258488,1319.806300,696.181960,1429.302039,679.704528,1453.377671,682.238906,1491.342597,652.752230
1284.419027,698.019696,1319.806300,696.181960,1429.302039,680.085690,1455.043757,684.563846,1491.598060,653.668909
1284.901010,700.113018,1320.174237,696.908325,1430.258052,681.229177,1455.876800,687.885188,1493.386303,656.520798
1284.901010,700.874226,1320.174237,696.908325,1430.497055,682.563245,1455.876800,688.549456,1495.430009,659.474541
1285.142001,702.206340,1319.990268,697.852598,1429.780046,688.090096,1456.293321,690.210127,1497.729178,663.650522
1282.732088,701.825736,1319.714316,698.215781,1429.302039,690.948813,1457.126364,690.542262,1502.838443,670.067274
1282.732088,701.825736,1319.622332,698.578963,1431.453067,693.807529,1457.126364,691.538664,1506.925855,675.567346
1282.732088,701.825736,1319.622332,698.651599,1431.453067,693.998110,1457.126364,692.202933,1508.969561,679.641474
1282.732088,702.967548,1319.622332,698.724236,1427.301869,687.095840,1457.126364,692.202933,1509.480488,682.900777
1282.732088,702.967548,1319.530348,699.014781,1428.087823,686.218432,1455.460278,687.885188,1508.075440,685.548960
1282.973079,703.538454,1318.334556,699.232691,1428.087823,685.967744,1455.460278,685.560248,1506.031734,687.484171
1282.973079,703.728756,1318.242572,699.232691,1428.087823,684.964993,1455.043757,683.567443,1504.754418,688.400850
1281.768123,703.157850,1318.242572,699.232691,1428.087823,683.962241,1454.210714,682.238906,1502.838443,689.317528
1280.563167,701.825736,1316.494875,699.377964,1427.616250,682.082082,1453.377671,680.578235,1501.050200,689.419382
1280.563167,701.825736,1315.391066,699.377964,1427.616250,680.953986,1452.961149,679.913966,1499.772884,688.910116
1280.081184,701.064528,1314.931146,699.377964,1428.245014,677.945731,1452.128106,678.585430,1497.729178,684.937841
1278.876228,700.113018,1312.171624,697.997871,1428.087823,677.695043,1450.878542,676.924758,1496.835057,683.410043
1278.876228,700.113018,1312.171624,697.997871,1428.087823,677.945731,1450.045499,674.931953,1496.451862,681.780392
1282.732088,697.448790,1311.895672,697.925235,1428.087823,681.580706,1449.628977,672.939148,1496.451862,680.456300
1279.358210,696.497280,1311.711704,697.779962,1426.987487,683.335521,1449.628977,671.942745,1496.196399,676.687732
1277.189289,694.023354,1311.711704,697.198870,1426.830296,683.460865,1449.628977,671.942745,1496.579594,674.752521
1275.502350,694.213656,1311.803688,696.399870,1426.830296,683.586209,1449.628977,671.942745,1496.451862,669.150595
1275.730000,693.780000,1311.711704,695.382959,1426.830296,684.212929,1449.628977,675.264087,1496.451862,668.233916
1275.890000,693.340000,1310.036066,691.272860,1426.830296,684.839649,1449.628977,676.924758,1495.302277,666.909824
1275.870000,693.140000,1309.890000,690.810000,1426.830296,685.341024,1449.628977,678.253295,1495.174546,666.706118
1275.880000,693.150000,1309.840000,690.620000,1426.830296,685.591712,1450.878542,679.581832,1493.258571,666.094999
1275.880000,693.230000,1309.900000,690.480000,1426.987487,687.346528,1452.128106,681.242503,1492.619913,666.094999
1275.860000,693.380000,1309.900000,690.520000,1427.301869,688.599967,1452.961149,683.567443,1491.981255,668.030210
1275.870000,693.640000,1309.920000,690.710000,1426.987487,691.733566,1450.878542,686.888785,1492.619913,669.558008
1275.820000,693.700000,1309.702977,687.480160,1426.987487,691.858910,1450.045499,688.549456,1495.302277,674.141402
1275.790000,693.760000,1309.702977,687.608547,1426.201533,684.212929,1449.628977,690.542262,1497.090520,677.706264
1275.760000,693.820000,1309.702977,687.608547,1426.515915,681.706050,1449.628977,690.542262,1495.302277,682.798924
1275.750000,693.780000,1309.541969,687.223384,1426.515915,681.455362,1449.628977,690.542262,1486.321062,695.227030
1275.710000,693.820000,1309.541969,687.052201,1425.729961,679.324514,1446.713327,690.210127,1487.100764,698.335701
1275.720000,693.830000,1309.541969,686.795426,1425.729961,678.447107,1445.880284,686.224517,1484.336367,700.370468
1275.800000,693.730000,1309.541969,686.795426,1425.415579,677.319011,1445.880284,684.895980,1482.776963,701.444372
1275.860000,693.690000,1309.327292,686.367468,1424.944007,674.812132,1445.463763,681.906772,1482.776963,701.444372
1273.320000,690.420000,1309.434631,685.725530,1424.315243,671.051813,1445.047241,679.581832,1482.776963,701.500894
1271.640000,689.090000,1309.434631,685.725530,1423.372098,668.920966,1443.797677,676.924758,1482.776963,701.500894
1271.340000,688.100000,1309.434631,685.725530,1422.900526,668.294246,1442.964634,675.596222,1483.627547,700.766117
1271.320000,686.970000,1308.844269,684.655634,1422.743335,667.667526,1442.964634,673.935550,1485.257833,699.353085
1271.320000,685.810000,1308.844269,684.655634,1422.586144,667.166150,1442.964634,671.278477,1487.738702,693.022700
1271.230000,685.040000,1308.844269,684.655634,1421.800190,666.038055,1443.381155,668.289269,1491.353683,686.070581
1271.130000,684.570000,1308.844269,684.655634,1421.328618,665.411335,1443.797677,666.628597,1494.118080,682.283655
1270.940000,684.010000,1308.551408,680.036324,1421.328618,665.411335,1444.630720,664.635792,1471.019912,651.208665
1270.740000,683.610000,1307.024816,679.089532,1421.328618,665.411335,1445.463763,659.653779,1470.356892,644.335663
1311.972034,679.991742,1307.024816,679.089532,1420.699854,667.792870,1445.463763,656.996705,1470.356892,644.335663
1270.000000,683.660000,1306.685574,678.954276,1420.699854,670.550437,1444.630720,654.671765,1469.030851,643.278278
1269.900000,684.190000,1305.158982,678.413252,1421.014236,672.305253,1442.548112,652.346826,1467.041790,651.737358
1269.770000,684.970000,1304.819740,678.277996,1420.228282,673.558692,1442.548112,652.346826,1467.704810,658.610360
1269.630000,686.080000,1304.819740,679.089532,1419.127946,674.937476,1438.799419,672.274879,1466.378769,664.954669
1269.030000,687.130000,1304.819740,680.306836,1418.813565,677.068323,1437.549855,676.592624,1463.726688,674.471134
1269.020000,688.430000,1304.819740,682.200420,1418.813565,677.945731,1437.133333,678.585430,1463.063667,677.643289
1269.050000,689.820000,1304.819740,682.470932,1418.813565,678.071075,1436.716812,680.246101,1459.085545,682.930213
1268.910000,690.770000,1304.819740,683.011956,1418.813565,678.071075,1434.634204,676.924758,1456.433463,686.102368
1268.790000,691.570000,1304.819740,684.364516,1418.656374,675.564196,1435.050726,674.931953,1456.433463,686.102368
1268.700000,692.320000,1304.819740,685.581820,1418.184801,673.433348,1434.634204,672.274879,1454.444402,680.815444
1268.420000,693.230000,1304.989361,687.881172,1417.870420,671.427845,1434.217683,670.282074,1455.770443,677.114596
1267.900000,694.120000,1304.989361,688.286941,1417.398847,669.798374,1434.217683,668.621403,1457.096483,672.885057
1267.200000,693.660000,1304.989361,688.422197,1416.770084,668.419590,1434.217683,666.296463,1459.085545,667.598132
1266.980000,693.410000,1305.328603,689.774757,1416.298511,667.667526,1434.217683,662.975121,1459.748565,660.196437
1266.710000,693.210000,1305.667846,690.856805,1416.298511,667.040806,1434.217683,661.978718,1460.411585,653.852128
1266.050000,693.080000,1305.328603,690.856805,1415.826939,666.163399,1434.217683,658.657376,1460.411585,648.565203
1265.400000,692.930000,1304.819740,691.127317,1415.040985,664.909959,1434.217683,658.657376,1455.770443,643.278278
1265.140000,692.870000,1303.971633,691.533085,1414.726603,664.157895,1433.384640,658.657376,1455.770443,643.278278
1264.940000,692.930000,1303.123527,691.803597,1414.255031,663.656520,1432.968118,663.307255,1452.455341,646.979125
1264.740000,693.010000,1302.275420,691.803597,1414.255031,663.656520,1432.968118,667.957134,1451.129300,654.380820
1264.430000,693.210000,1302.275420,691.803597,1414.097840,663.656520,1431.302033,671.610611,1451.129300,659.667745
1263.900000,693.550000,1301.936178,691.803597,1413.626268,663.907207,1430.468990,674.931953,1451.129300,664.425977
1263.290000,694.160000,1300.748829,691.668341,1413.154695,665.285991,1430.052468,676.924758,1451.129300,667.069439
1263.020000,694.940000,1300.239965,691.262573,1413.311886,668.043558,1430.052468,677.921161,1451.129300,670.241594
1262.680000,695.910000,1300.239965,691.262573,1413.626268,670.425093,1430.885511,680.246101,1451.129300,676.057211
1261.870000,696.630000,1300.070344,691.262573,1413.626268,671.678533,1432.135075,683.235309,1452.455341,680.286751
1261.210000,697.630000,1299.391859,691.803597,1413.154695,673.684036,1432.551597,685.228114,1454.444402,686.631061
1261.130000,698.600000,1299.052616,691.938853,1412.525932,676.065571,1433.384640,690.210127,1454.444402,691.389293
1260.940000,699.660000,1298.543752,692.479877,1412.368741,678.572451,1433.384640,691.870799,1454.444402,693.504063
1260.630000,700.520000,1298.204510,693.020901,1411.582787,680.452610,1433.384640,693.199335,1454.444402,697.204910
1260.160000,701.300000,1297.695646,693.832437,1411.111214,681.204674,1432.551597,694.860007,1455.770443,699.319680
1260.060000,702.150000,1297.356403,694.508717,1410.168070,683.962241,1432.135075,695.524275,1455.770443,702.491835
1259.940000,702.640000,1297.186782,695.049741,1409.539306,685.591712,1432.135075,695.524275,1456.433463,703.549220
1259.760000,702.890000,1296.338676,696.267045,1410.010879,687.973248,1430.052468,695.524275,1455.770443,703.549220
1259.660000,702.920000,1295.829812,697.213837,1410.796833,690.354783,1430.052468,695.524275,1453.781381,705.135297
1259.530000,702.960000,1295.490569,698.431141,1410.796833,690.354783,1428.802904,694.860007,1453.781381,706.192682
1259.000000,702.890000,1295.490569,698.701653,1411.111214,690.981503,1427.969861,692.867201,1453.781381,706.192682
1258.880000,702.700000,1295.490569,699.242677,1411.268405,691.232191,1427.969861,691.870799,1453.781381,706.192682
1258.840000,702.460000,1295.151327,699.783701,1411.582787,692.987006,1427.969861,691.206530,1453.781381,704.606605
1258.720000,702.010000,1294.981705,699.918957,1410.954024,694.867165,1427.969861,689.877993,1453.781381,704.077912
1258.760000,701.590000,1294.303220,700.595237,1410.796833,694.992509,1427.969861,688.549456,1454.444402,698.262295
1258.710000,700.960000,1293.963978,701.271517,1410.796833,694.992509,1427.969861,688.217322,1454.444402,693.504063
1258.690000,700.140000,1293.794357,701.812541,1410.796833,694.992509,1427.969861,688.217322,1454.444402,693.504063
1258.580000,699.460000,1293.794357,702.353565,1410.482451,695.493885,1427.136818,688.549456,1453.781381,688.745831
1258.050000,698.770000,1293.963978,703.165101,1409.696497,695.619229,1427.136818,692.867201,1453.781381,688.745831
1258.080000,698.150000,1294.133599,704.382405,1409.224925,694.240446,1426.303775,693.863604,1453.118361,686.631061
1258.090000,697.630000,1293.115871,705.058685,1409.224925,692.234942,1425.054210,696.852812,1452.455341,683.987598
1258.090000,697.080000,1291.250037,705.193941,1409.224925,690.605471,1425.054210,698.181349,1452.455341,689.274523
1258.080000,697.030000,1291.250037,705.329197,1409.224925,689.101343,1425.054210,698.513483,1452.455341,694.032755
1258.080000,696.940000,1290.571552,705.329197,1412.368741,685.341024,1424.221167,700.506288,1453.118361,696.676218
1286.513127,698.749301,1290.401931,705.329197,1413.469077,687.095840,1424.221167,701.834825,1453.118361,699.319680
1258.210000,697.130000,1290.401931,705.058685,1414.097840,688.349279,1424.221167,703.163362,1453.118361,701.434450
1258.230000,697.390000,1290.571552,703.706125,1414.097840,690.480127,1424.221167,705.156168,1453.781381,704.606605
1258.160000,697.730000,1290.741174,702.083053,1413.940649,691.482878,1424.221167,705.488302,1454.444402,707.778760
1258.300000,698.080000,1290.910795,701.406773,1413.940649,692.360286,1422.971603,706.816839,1455.770443,710.422222
1258.390000,698.530000,1291.419659,700.730493,1413.940649,694.115102,1421.722039,706.816839,1455.770443,714.651762
1258.520000,698.990000,1292.098144,699.918957,1413.626268,695.869917,1420.888996,704.824033,1455.770443,714.651762
1259.130000,699.430000,1292.267765,699.242677,1413.469077,697.123357,1420.472474,703.827631,1455.770443,715.180454
1259.730000,699.570000,1292.267765,698.566397,1413.311886,698.000764,1420.472474,703.495496,1455.770443,715.180454
1259.820000,699.430000,1292.437386,697.078581,1413.154695,699.003516,1424.637689,694.527872,1454.444402,713.065684
1259.920000,699.200000,1292.437386,696.267045,1413.154695,699.755580,1424.637689,690.542262,1455.770443,710.422222
1259.990000,699.010000,1292.946250,695.184997,1413.154695,700.256956,1424.637689,688.549456,1457.096483,707.250067
1260.000000,698.440000,1293.455114,694.238205,1412.840313,701.510395,1425.054210,685.560248,1457.759504,706.192682
1260.050000,697.830000,1293.794357,692.479877,1412.683123,703.014523,1425.887253,683.567443,1459.085545,704.606605
1260.070000,697.090000,1293.794357,691.127317,1412.368741,704.017274,1425.887253,681.906772,1459.085545,701.963142
1260.070000,696.530000,1293.794357,690.451037,1412.054359,704.267962,1425.887253,680.246101,1460.411585,696.147525
1260.020000,695.450000,1293.794357,690.180525,1412.054359,704.267962,1427.136818,671.942745,1459.085545,683.458906
1259.820000,694.120000,1293.794357,689.910013,1411.582787,704.142618,1426.720296,665.632195,1454.444402,677.114596
1259.630000,692.970000,1293.963978,689.774757,1411.268405,699.254204,1425.887253,661.978718,1453.118361,670.241594
1259.130000,691.750000,1294.303220,689.639501,1411.268405,697.374045,1425.887253,661.978718,1453.118361,664.954669
1259.080000,690.700000,1294.303220,689.098477,1410.010879,682.708801,1425.054210,663.639389,1452.455341,661.253822
1258.840000,689.640000,1294.303220,688.422197,1410.010879,681.079330,1422.971603,663.971524,1450.466279,657.024282
1258.520000,688.640000,1294.303220,688.422197,1410.168070,679.700546,1422.138560,664.967926,1450.466279,654.380820
1257.980000,687.600000,1294.812084,688.557453,1410.168070,678.948483,1421.722039,665.300061,1449.140239,651.737358
1257.510000,686.860000,1296.338676,689.098477,1410.168070,677.695043,1420.888996,665.632195,1443.173055,649.093895
1257.530000,685.910000,1296.508297,690.451037,1409.696497,676.441603,1420.888996,665.632195,1442.510035,649.093895
1257.610000,685.630000,1296.677918,690.586293,1408.753352,675.438852,1420.472474,665.632195,1442.510035,649.093895
1257.920000,685.650000,1296.677918,690.856805,1407.181444,674.310756,1422.138560,665.632195,1442.510035,651.737358
1257.810000,685.980000,1296.677918,690.856805,1405.766727,674.060068,1421.722039,670.282074,1443.173055,655.966897
1257.700000,686.210000,1296.677918,691.127317,1403.094483,672.681285,1419.639431,673.935550,1444.499096,659.667745
1257.580000,686.770000,1296.677918,691.803597,1402.937292,672.430597,1419.639431,673.935550,1445.825137,665.483362
1257.100000,687.380000,1296.677918,692.615133,1401.836956,672.305253,1418.389867,673.603416,1445.825137,667.598132
1257.100000,688.200000,1300.579208,693.291413,1399.164712,672.305253,1418.806388,673.271282,1445.825137,669.184209
1257.140000,689.130000,1301.088071,692.615133,1398.693140,672.305253,1419.639431,672.939148,1445.825137,670.770287
1257.130000,689.890000,1301.427314,692.479877,1398.221567,672.430597,1419.639431,672.939148,1446.488157,674.999826
1257.210000,690.710000,1299.052616,687.475404,1398.221567,672.681285,1415.474216,668.621403,1446.488157,675.528519
1257.280000,691.240000,1298.882995,687.069636,1399.007521,672.931973,1415.474216,668.621403,1446.488157,677.643289
1257.090000,691.540000,1298.034888,685.852332,1400.107857,672.054565,1414.224652,666.628597,1445.825137,677.643289
1257.110000,691.810000,1297.695646,685.717076,1401.051002,671.177157,1415.474216,664.967926,1444.499096,670.770287
1257.090000,691.620000,1297.526025,685.176052,1401.051002,671.803877,1416.307259,661.978718,1444.499096,664.954669
1256.920000,691.200000,1297.356403,684.770284,1400.736620,673.558692,1416.723781,661.646584,1444.499096,657.552975
1256.720000,690.660000,1297.356403,684.770284,1400.736620,674.310756,1416.307259,656.996705,1444.499096,655.966897
1256.660000,690.140000,1297.356403,683.552980,1402.465719,676.190915,1416.307259,656.332437,1440.520973,649.093895
1256.550000,689.730000,1297.356403,682.470932,1403.251674,675.313508,1416.307259,656.332437,1440.520973,648.036510
1256.070000,689.000000,1297.186782,682.065164,1403.723246,678.948483,1416.307259,657.993108,1440.520973,646.979125
1255.920000,688.150000,1297.186782,682.065164,1403.723246,679.073827,1416.307259,657.993108,1439.194932,643.806971
1255.820000,687.270000,1295.660191,680.306836,1403.723246,679.199170,1416.307259,657.993108,1436.542851,641.163508
1255.720000,686.720000,1295.829812,680.306836,1403.723246,679.951234,1416.307259,657.993108,1436.542851,641.163508
1255.260000,686.420000,1295.490569,681.794652,1403.723246,679.951234,1417.973345,661.978718,1435.879830,641.163508
1254.750000,686.120000,1295.490569,683.011956,1403.723246,679.951234,1419.639431,664.635792,1434.553790,645.921740
1254.270000,686.030000,1295.999433,683.688236,1404.194818,679.073827,1419.639431,665.632195,1434.553790,648.565203
1254.100000,686.240000,1295.999433,683.823492,1404.194818,675.940228,1419.639431,666.960732,1434.553790,649.622588
1254.080000,686.430000,1296.508297,684.770284,1404.194818,674.060068,1419.639431,666.960732,1434.553790,652.266050
1253.970000,686.980000,1296.847540,685.581820,1403.094483,669.798374,1420.472474,669.617805,1435.879830,656.495590
1253.850000,687.380000,1296.847540,685.852332,1402.308529,668.294246,1420.888996,671.942745,1437.868892,660.196437
1253.710000,688.160000,1296.847540,685.852332,1402.151338,666.790119,1421.722039,672.939148,1440.520973,664.954669
1253.430000,688.990000,1296.677918,686.258100,1401.365384,665.285991,1421.722039,676.924758,1443.173055,667.598132
1252.970000,689.630000,1296.338676,686.393356,1399.950666,663.280488,1421.722039,676.924758,1446.488157,672.885057
1252.890000,690.380000,1296.338676,686.934380,1399.164712,661.024296,1421.722039,676.924758,1447.814198,673.413749
1252.820000,691.310000,1295.999433,687.069636,1398.693140,660.146889,1421.722039,677.256893,1449.140239,677.114596
1252.670000,692.310000,1294.642463,685.581820,1397.749995,659.018793,1420.472474,679.581832,1449.140239,678.171981
1252.450000,693.210000,1293.963978,684.364516,1397.749995,659.018793,1419.639431,680.578235,1449.140239,678.700674
1252.000000,693.940000,1293.963978,684.229260,1395.549323,658.016041,1419.639431,681.906772,1447.151177,680.815444
1251.940000,694.350000,1293.963978,683.417724,1394.291797,657.765353,1418.806388,682.903174,1445.825137,682.930213
1251.890000,694.600000,1293.794357,682.470932,1394.291797,658.517417,1418.806388,682.903174,1445.825137,683.458906
1251.900000,694.840000,1293.794357,681.659396,1394.606178,659.770857,1418.389867,680.578235,1445.825137,683.458906
1251.890000,694.820000,1293.455114,681.388884,1394.763369,660.773608,1417.973345,679.913966,1444.499096,682.401521
1251.990000,694.520000,1293.455114,680.442092,1394.606178,662.027048,1417.556824,677.256893,1443.836075,679.758059
1252.010000,694.340000,1293.455114,680.442092,1394.448988,662.904456,1417.556824,677.256893,1443.836075,678.700674
1252.030000,693.970000,1292.946250,680.712604,1394.448988,663.531176,1417.556824,676.924758,1443.836075,678.171981
1252.210000,693.280000,1292.946250,680.847860,1395.077751,664.784615,1416.723781,676.260490,1443.836075,675.528519
1252.350000,692.650000,1292.607008,680.983116,1396.020896,666.664775,1416.723781,676.260490,1443.836075,675.528519
1252.510000,691.830000,1292.098144,681.388884,1396.020896,667.040806,1416.723781,675.596222,1443.836075,675.528519
1253.130000,690.670000,1291.758901,681.659396,1396.020896,667.291494,1416.723781,675.596222,1445.825137,672.885057
1253.710000,689.970000,1291.419659,682.335676,1396.806850,672.305253,1416.723781,675.596222,1447.151177,672.885057
1253.770000,688.960000,1290.571552,684.094004,1397.121232,674.686788,1417.556824,676.924758,1447.814198,672.356364
1253.900000,688.000000,1289.553825,684.499772,1398.221567,676.441603,1417.556824,677.256893,1447.814198,672.356364
1254.010000,686.890000,1289.893067,685.176052,1399.164712,677.695043,1420.888996,678.585430,1447.814198,672.356364
1254.180000,686.070000,1290.571552,686.258100,1400.107857,679.199170,1421.722039,679.913966,1447.814198,672.885057
1254.320000,685.460000,1290.910795,687.204892,1400.579430,679.700546,1421.722039,679.913966,1449.803259,676.057211
1254.350000,685.130000,1291.250037,687.881172,1402.151338,681.079330,1422.138560,681.906772,1449.803259,678.171981
1254.530000,684.800000,1291.250037,688.963221,1404.037628,682.207425,1422.138560,682.238906,1449.803259,678.171981
1255.260000,684.390000,1291.250037,689.774757,1406.867062,683.586209,1423.804646,685.228114,1449.803259,678.700674
1255.920000,684.260000,1291.250037,689.910013,1407.338635,683.586209,1423.804646,688.217322,1451.129300,682.401521
1256.320000,684.430000,1291.250037,690.586293,1407.653016,683.586209,1423.804646,688.549456,1451.129300,687.688446
1256.570000,684.800000,1290.571552,691.127317,1408.438971,683.084833,1423.804646,688.549456,1451.129300,688.217138
1256.700000,684.950000,1290.571552,691.938853,1404.194818,682.207425,1423.804646,688.549456,1449.140239,690.331908
1256.840000,685.130000,1291.419659,694.373461,1404.194818,682.082082,1422.138560,682.903174,1447.814198,691.389293
1256.960000,685.160000,1291.419659,695.049741,1404.194818,682.082082,1421.722039,681.242503,1447.814198,691.389293
1257.060000,685.180000,1291.419659,695.049741,1403.880437,680.452610,1421.722039,680.246101,1446.488157,693.504063
1257.130000,684.920000,1296.338676,680.036324,1401.679765,677.319011,1420.472474,677.256893,1445.825137,689.274523
1257.240000,684.680000,1297.186782,679.630556,1401.679765,677.068323,1419.639431,674.599819,1445.825137,688.217138
1257.290000,683.940000,1297.356403,678.819020,1401.679765,676.692291,1418.389867,671.942745,1446.488157,686.102368
1257.390000,683.340000,1297.356403,678.277996,1401.679765,676.692291,1417.556824,666.628597,1446.488157,686.102368
1257.560000,683.000000,1297.356403,677.736972,1401.365384,678.321763,1416.723781,661.314450,1449.140239,677.114596
1257.960000,682.650000,1297.356403,676.925436,1401.365384,678.321763,1415.474216,658.325242,1445.825137,664.425977
1258.060000,682.000000,1297.356403,676.654924,1401.365384,678.572451,1414.224652,656.664571,1445.825137,664.425977
1257.350000,680.020000,1296.847540,675.031852,1401.836956,679.199170,1413.391609,654.671765,1445.825137,660.196437
1256.600000,678.380000,1296.677918,674.626084,1402.465719,680.452610,1413.391609,653.675363,1446.488157,657.552975
1255.950000,677.390000,1296.338676,673.679292,1402.937292,680.828642,1413.391609,651.350423,1447.151177,648.036510
1255.310000,676.930000,1294.981705,670.117550,1403.094483,681.455362,1413.391609,648.361215,1447.814198,645.393048
1255.260000,676.100000,1294.680157,670.117550,1403.408864,682.332769,1413.391609,647.032678,1444.499096,636.405276
1254.890000,674.510000,1294.680157,670.117550,1403.723246,682.959489,1413.391609,647.032678,1444.499096,634.819199
1254.480000,673.270000,1293.172412,667.232089,1403.880437,683.460865,1413.391609,644.707739,1443.836075,633.233121
1253.980000,672.770000,1293.172412,666.751179,1404.509200,684.212929,1413.391609,643.379202,1443.836075,632.175736
1253.560000,671.780000,1292.870863,666.029813,1404.980773,684.964993,1413.391609,643.379202,1443.836075,632.175736
1252.800000,671.210000,1291.966216,665.067993,1405.766727,684.588961,1413.391609,643.379202,1439.857953,630.589659
1252.150000,670.850000,1291.363118,664.346627,1406.867062,682.082082,1415.474216,647.364812,1439.194932,632.175736
1251.230000,670.490000,1289.855374,664.106172,1407.181444,681.455362,1415.474216,649.689752,1439.194932,636.405276
1250.520000,670.550000,1289.855374,664.106172,1407.810207,679.700546,1415.474216,650.021886,1439.194932,637.991353
1250.430000,671.140000,1287.744531,664.106172,1407.967398,679.199170,1415.474216,650.021886,1436.542851,641.163508
1250.580000,671.860000,1286.839884,664.106172,1407.967398,677.820387,1415.474216,650.021886,1433.890769,645.393048
1250.950000,672.880000,1285.332139,664.106172,1407.024253,675.814884,1415.474216,650.021886,1432.564728,646.450433
1253.513826,676.241676,1288.819657,666.580727,1404.980773,672.430597,1411.725523,648.361215,1431.238688,649.093895
1254.060000,676.180000,1288.819657,666.580727,1404.666391,669.798374,1411.309002,647.032678,1429.249626,651.208665
1254.030000,676.380000,1288.652318,666.714163,1404.509200,667.792870,1410.475959,645.372007,1429.249626,651.737358
1253.960000,676.250000,1288.610484,666.747522,1404.194818,664.032551,1410.059437,645.039873,1423.945463,643.806971
1253.970000,676.130000,1288.484980,666.880957,1404.037628,659.645513,1410.059437,645.039873,1423.945463,643.278278
1253.244041,680.310292,1288.401311,667.047752,1405.295154,657.890697,1409.226394,643.711336,1423.282443,638.520046
1252.920000,680.240000,1288.192138,667.414699,1406.867062,656.135882,1407.143787,640.722128,1423.282443,638.520046
1252.850000,680.130000,1288.108469,667.848365,1408.438971,652.375563,1401.312486,635.407980,1419.967341,635.876584
1252.660000,680.040000,1288.108469,668.315389,1408.124589,650.244716,1398.813357,630.758101,1421.293382,630.589659
1252.160000,679.960000,1288.066635,668.982567,1407.967398,649.116620,1398.813357,630.425967,1421.293382,628.474889
1251.950000,679.840000,1287.773793,669.149361,1407.338635,648.489900,1397.563793,627.436759,1419.304320,624.245349
1251.990000,679.720000,1287.397282,668.982567,1406.867062,646.484397,1397.563793,627.436759,1417.978279,617.372347
1248.710000,677.390000,1287.271778,668.915849,1407.024253,645.732333,1396.730750,625.111819,1416.652239,616.314962
1247.680000,676.070000,1287.229943,668.915849,1407.024253,644.854926,1396.730750,625.111819,1415.989218,613.671500
1246.460000,675.190000,1285.588283,667.809704,1407.024253,644.854926,1396.730750,625.111819,1415.989218,613.671500
1245.890000,673.960000,1285.093026,667.612245,1406.081108,645.356301,1396.730750,625.111819,1410.685055,611.556730
1245.190000,673.210000,1284.597768,667.019867,1405.295154,646.108365,1396.730750,625.111819,1409.359014,611.556730
1244.290000,672.650000,1283.854881,666.230030,1404.666391,647.236461,1396.730750,625.111819,1410.022035,612.085422
1243.580000,672.140000,1283.111994,665.637652,1404.509200,648.489900,1396.730750,625.443954,1412.674116,617.901039
1243.140000,672.030000,1282.369108,664.650356,1404.194818,650.119372,1397.147272,626.440356,1412.674116,617.372347
1242.810000,672.060000,1282.121479,664.057978,1404.037628,651.372812,1397.563793,627.104625,1414.000157,621.601887
1242.100000,672.070000,1282.121479,663.860518,1403.880437,651.372812,1398.813357,632.086638,1415.989218,623.187964
1241.840000,672.110000,1281.130963,663.663059,1403.880437,648.865932,1399.229879,635.075846,1415.989218,623.187964
1241.570000,672.280000,1280.635706,663.860518,1403.723246,646.359053,1399.229879,637.068651,1416.652239,627.946196
1241.350000,672.520000,1280.140448,664.255437,1403.723246,645.230958,1399.229879,638.397188,1416.652239,627.946196
1240.970000,673.470000,1280.140448,665.045274,1403.723246,644.729582,1399.229879,639.061457,1415.989218,627.946196
1240.700000,673.880000,1280.140448,665.637652,1403.723246,643.601486,1399.229879,640.057860,1422.619422,637.991353
1240.590000,674.130000,1280.140448,666.032570,1403.723246,643.476142,1399.646400,641.386396,1422.619422,637.991353
1240.340000,674.710000,1280.140448,666.230030,1401.815508,643.717932,1400.895965,642.050665,1422.619422,638.520046
1240.180000,675.100000,1280.140448,667.019867,1401.815508,643.766784,1401.312486,643.711336,1422.619422,641.692201
1240.010000,675.720000,1280.635706,668.007163,1401.815508,644.011044,1402.978572,647.032678,1422.619422,641.692201
1239.930000,675.940000,1280.635706,668.797000,1401.754243,644.548417,1402.978572,647.032678,1422.619422,641.692201
1239.960000,676.220000,1280.883334,669.784297,1401.815508,645.305625,1402.978572,650.354020,1423.945463,644.335663
1239.910000,676.480000,1281.378592,670.771593,1401.968668,646.038406,1402.978572,650.354020,1424.608484,648.036510
1240.030000,677.150000,1281.378592,671.166512,1401.968668,646.844466,1400.895965,650.354020,1424.608484,648.565203
1240.066391,677.675757,1281.873850,671.956349,1401.999300,648.529863,1400.895965,650.354020,1421.293382,653.852128
1240.020000,678.070000,1282.121479,672.746186,1402.029932,649.335923,1400.895965,650.354020,1421.293382,654.380820
1240.010000,678.150000,1282.369108,673.141104,1397.786635,652.231194,1400.895965,650.354020,1420.630361,654.380820
1240.050000,678.180000,1282.369108,673.141104,1397.786635,652.402553,1402.978572,652.014692,1420.630361,654.380820
1240.050000,678.160000,1283.111994,673.733482,1397.643371,653.373584,1402.978572,653.011094,1420.630361,654.380820
1240.050000,678.130000,1283.359623,673.930942,1397.643371,653.887659,1403.395094,653.343228,1419.967341,654.380820
1240.070000,678.110000,1283.607252,674.128401,1397.643371,654.458854,1403.395094,653.343228,1419.304320,649.093895
1240.080000,678.110000,1284.597768,675.510616,1398.144796,651.431521,1402.978572,653.675363,1417.978279,646.450433
1240.100000,678.070000,1284.845397,675.905534,1398.502957,651.374402,1401.729008,655.336034,1417.978279,646.450433
1240.110000,678.030000,1284.845397,675.905534,1398.932750,652.002716,1400.895965,656.996705,1417.978279,646.450433
1240.140000,678.000000,1284.845397,675.905534,1399.577439,653.259345,1400.895965,657.993108,1419.304320,650.679973
1240.170000,677.940000,1285.588283,675.905534,1399.935600,654.401735,1400.895965,658.657376,1421.293382,659.139052
1240.180000,677.920000,1287.569314,675.905534,1400.508658,656.229558,1401.312486,658.989510,1422.619422,661.253822
1240.210000,677.890000,1287.569314,675.905534,1400.866818,657.943143,1402.145529,660.318047,1422.619422,661.253822
1240.220000,677.880000,1287.569314,675.905534,1400.866818,659.885206,1402.978572,660.318047,1408.032973,658.610360
1240.210000,677.860000,1287.569314,675.905534,1400.723554,661.141834,1403.395094,661.978718,1411.348075,664.954669
1240.210000,677.890000,1288.064572,675.905534,1400.723554,661.827268,1404.228137,664.635792,1412.674116,668.126824
1240.250000,677.890000,1288.064572,675.905534,1395.301960,678.594284,1407.143787,668.621403,1413.337137,670.241594
1240.210000,677.940000,1288.064572,675.905534,1395.301960,679.227514,1410.059437,673.271282,1415.989218,674.999826
1240.170000,677.970000,1288.312201,675.708075,1396.625491,681.865973,1410.059437,673.603416,1416.652239,679.758059
1240.160000,678.050000,1290.540861,675.115697,1397.022550,683.343510,1410.475959,675.264087,1417.315259,686.631061
1240.110000,678.080000,1290.788490,675.115697,1397.022550,683.343510,1411.309002,678.253295,1417.315259,686.631061
1241.546930,681.221433,1291.283748,674.918238,1397.684316,685.665354,1413.391609,681.906772,1417.978279,688.745831
1242.140000,681.300000,1291.779006,674.720779,1397.684316,681.443820,1415.474216,685.560248,1419.304320,694.561448
1242.120000,681.500000,1291.779006,674.720779,1396.360785,677.644439,1417.556824,688.881591,1419.304320,694.561448
1241.960000,681.770000,1291.779006,674.720779,1394.640194,677.011209,1417.556824,688.881591,1419.967341,694.561448
1241.930000,681.820000,1291.779006,674.720779,1394.375488,676.061364,1414.641173,688.217322,1420.630361,694.032755
1241.930000,681.870000,1291.779006,674.720779,1394.640194,674.267212,1412.558566,683.899577,1423.945463,687.688446
1241.950000,681.800000,1292.026634,674.918238,1394.772548,673.211828,1412.142045,681.574638,1426.597545,686.102368
1241.930000,681.740000,1292.026634,675.510616,1394.110782,671.101061,1412.142045,680.246101,1426.597545,686.102368
1241.960000,681.700000,1292.274263,675.510616,1393.978429,670.573369,1412.142045,679.913966,1429.249626,685.573676
1242.040000,681.670000,1292.274263,675.510616,1393.978429,669.201370,1412.142045,676.924758,1434.553790,683.458906
1242.050000,681.530000,1292.274263,675.510616,1393.449017,666.562912,1413.391609,675.264087,1437.205871,682.401521
1242.050000,681.290000,1292.521892,675.708075,1393.449017,665.085375,1415.474216,667.292866,1437.205871,680.815444
1242.130000,681.140000,1293.017150,675.708075,1393.713723,662.763531,1415.474216,667.292866,1439.194932,676.057211
1242.170000,680.990000,1293.512408,675.708075,1393.449017,660.652764,1414.224652,663.971524,1439.194932,674.999826
1242.130000,680.770000,1294.255294,675.708075,1393.449017,660.652764,1413.808131,661.978718,1439.194932,670.241594
1242.060000,680.560000,1294.502923,675.708075,1393.581370,660.230610,1413.808131,661.978718,1437.205871,663.897285
1242.070000,680.360000,1294.502923,674.523319,1396.625491,664.979836,1414.641173,661.978718,1432.564728,657.552975
1242.080000,680.380000,1294.502923,673.930942,1396.890197,666.562912,1413.808131,661.646584,1431.238688,657.024282
1242.050000,676.120000,1294.502923,673.536023,1396.890197,666.562912,1413.391609,661.646584,1431.238688,654.380820
1242.280000,675.240000,1294.255294,672.153808,1397.287256,667.512757,1413.391609,661.646584,1431.238688,654.380820
1242.090000,674.740000,1293.760037,671.758889,1397.551963,669.729062,1413.391609,662.310853,1431.238688,654.909512
1242.090000,674.390000,1293.512408,670.969052,1397.949022,671.734291,1412.558566,665.632195,1433.227749,658.610360
1242.140000,674.360000,1293.512408,669.981756,1397.949022,671.945368,1411.725523,670.282074,1434.553790,661.782515
1242.180000,674.330000,1293.512408,669.191919,1397.419609,671.101061,1411.725523,671.610611,1434.553790,664.425977
1242.200000,674.700000,1294.998181,669.191919,1397.287256,670.362292,1411.309002,674.931953,1432.564728,670.241594
1242.420000,674.990000,1295.493439,669.191919,1397.022550,669.729062,1407.976830,678.253295,1429.249626,672.885057
1243.060000,675.620000,1295.493439,669.191919,1397.022550,669.729062,1407.976830,678.253295,1427.260565,675.528519
1243.770000,676.310000,1295.741068,668.994460,1396.890197,669.517986,1407.976830,678.253295,1425.934524,677.643289
1243.790000,677.260000,1298.217357,668.599541,1395.963725,668.462602,1407.976830,677.921161,1425.934524,677.643289
1243.750000,678.080000,1300.446017,668.599541,1395.699019,667.934910,1407.976830,674.931953,1426.597545,673.413749
1242.550000,680.410000,1300.446017,668.599541,1395.434313,667.090603,1408.393351,673.603416,1427.260565,671.827672
1242.130000,680.780000,1300.941274,668.007163,1395.301960,666.035220,1408.393351,671.278477,1427.260565,670.241594
1242.170000,680.760000,1300.941274,668.204623,1395.037254,665.296451,1409.226394,668.621403,1426.597545,668.126824
1242.200000,680.800000,1300.693646,670.771593,1394.640194,663.818914,1409.226394,665.300061,1426.597545,665.483362
1242.180000,680.790000,1300.446017,670.969052,1392.787251,660.652764,1409.226394,663.639389,1426.597545,663.897285
1242.150000,680.790000,1299.950759,671.956349,1392.654898,659.702918,1409.226394,661.978718,1426.597545,661.253822
1242.140000,680.790000,1298.464986,672.153808,1391.993133,658.225381,1409.226394,660.318047,1426.597545,659.667745
1242.090000,680.760000,1298.464986,672.153808,1390.669602,656.009076,1409.226394,657.328839,1425.934524,654.380820
1242.040000,680.730000,1298.464986,672.153808,1390.140189,654.953692,1409.226394,655.668168,1424.608484,653.323435
1241.980000,680.680000,1298.464986,672.153808,1390.140189,654.531539,1409.226394,651.682557,1423.945463,649.093895
1241.950000,680.670000,1298.464986,672.153808,1390.007836,654.953692,1409.226394,650.354020,1422.619422,646.450433
1241.950000,680.670000,1298.464986,672.153808,1389.743130,656.009076,1409.226394,650.354020,1422.619422,644.335663
1241.930000,680.640000,1298.464986,672.153808,1389.743130,656.536768,1409.226394,650.354020,1421.293382,643.806971
1241.940000,680.620000,1297.474470,671.956349,1389.610777,656.958921,1409.226394,650.354020,1419.304320,640.106123
1241.930000,680.630000,1296.236326,671.166512,1389.610777,658.014305,1409.226394,650.354020,1417.978279,635.876584
1241.950000,680.620000,1295.741068,670.969052,1389.610777,659.069688,1409.226394,650.354020,1417.978279,635.876584
1241.970000,680.610000,1295.493439,670.969052,1389.346071,660.230610,1409.642916,652.014692,1417.978279,635.876584
1242.000000,680.630000,1295.493439,670.969052,1388.949011,661.285994,1409.642916,656.996705,1419.304320,639.048738
1242.060000,680.650000,1295.493439,671.166512,1388.684305,662.130301,1409.642916,658.325242,1429.249626,652.266050
1242.100000,680.580000,1294.750552,671.956349,1388.154893,662.869069,1409.642916,661.314450,1429.249626,653.852128
1242.120000,680.780000,1294.750552,672.746186,1387.625480,663.924453,1409.642916,662.310853,1429.249626,657.024282
1242.170000,681.070000,1294.750552,672.943645,1387.625480,663.924453,1411.309002,664.967926,1429.249626,662.311207
1242.130000,681.360000,1294.750552,673.536023,1387.493127,664.452144,1411.309002,665.300061,1429.249626,667.069439
1242.050000,681.760000,1294.750552,673.536023,1387.360774,664.979836,1411.309002,665.300061,1430.575667,669.712902
1243.650000,685.170000,1294.750552,673.930942,1387.360774,664.979836,1409.226394,663.971524,1431.238688,672.885057
1243.640000,686.310000,1295.741068,675.905534,1386.301950,663.924453,1409.226394,663.971524,1432.564728,676.057211
1244.010000,687.660000,1296.236326,676.497912,1384.978419,661.391532,1409.226394,663.971524,1432.564728,677.643289
1244.120000,688.730000,1296.731583,676.892831,1384.978419,661.074917,1409.226394,663.639389,1432.564728,677.643289
1244.140000,689.350000,1296.979212,678.077586,1385.110772,660.336148,1408.393351,661.978718,1432.564728,675.528519
1244.210000,689.870000,1297.474470,679.657261,1385.110772,660.230610,1407.976830,660.318047,1432.564728,667.598132
1244.220000,689.960000,1297.474470,680.644557,1385.110772,660.230610,1407.560308,658.989510,1432.564728,665.483362
1244.240000,690.050000,1297.474470,681.039475,1385.110772,658.647535,1407.560308,658.989510,1432.564728,664.954669
1244.250000,689.900000,1297.474470,682.421690,1384.978419,658.647535,1407.560308,658.989510,1429.249626,656.495590
1244.280000,689.770000,1297.474470,683.408987,1385.507831,659.597380,1405.894223,658.657376,1429.249626,652.266050
1244.250000,689.520000,1297.474470,683.803905,1386.434303,661.285994,1404.228137,658.657376,1429.249626,649.093895
1244.360000,689.260000,1297.474470,684.791202,1386.831362,662.869069,1404.228137,658.657376,1427.923586,646.450433
1244.400000,688.990000,1297.474470,684.791202,1387.096068,664.979836,1404.228137,658.657376,1427.260565,643.806971
1244.360000,688.700000,1297.474470,684.988661,1387.757834,668.673679,1404.228137,658.657376,1427.260565,643.806971
1244.310000,688.210000,1297.474470,684.988661,1388.022540,669.623524,1404.228137,658.989510,1427.260565,645.393048
1244.260000,688.150000,1297.474470,684.988661,1388.154893,670.045677,1405.477701,661.646584,1427.923586,646.979125
1244.280000,688.240000,1297.474470,684.988661,1388.154893,670.678908,1405.894223,663.639389,1422.283841,655.329740
1244.310000,688.360000,1297.474470,684.988661,1388.154893,671.628753,1406.310744,664.967926,1423.574426,656.701890
1244.360000,688.340000,1297.474470,684.988661,1388.154893,672.156445,1409.226394,672.939148,1426.585791,660.475302
1244.510000,688.690000,1297.474470,684.988661,1388.154893,673.211828,1411.309002,675.264087,1432.178326,665.620865
1244.890000,689.280000,1297.969728,684.988661,1388.287246,673.739520,1411.725523,676.924758,1433.038716,667.336052
1244.910000,689.980000,1298.217357,684.791202,1388.419599,674.478288,1412.142045,677.256893,1435.189691,673.510727
1244.930000,690.870000,1298.217357,684.791202,1388.287246,676.061364,1412.142045,680.246101,1435.619886,677.627177
1244.950000,691.590000,1298.217357,684.791202,1388.022540,678.172131,1411.725523,681.242503,1435.189691,682.086664
1245.030000,692.070000,1298.464986,684.791202,1388.022540,678.277669,1411.309002,680.246101,1433.468911,684.487927
1245.050000,692.760000,1298.464986,684.396283,1387.493127,677.749977,1410.059437,678.917564,1433.038716,687.575264
1245.170000,693.200000,1298.464986,684.396283,1387.096068,675.850287,1409.642916,678.917564,1433.038716,687.575264
1245.240000,693.880000,1298.217357,683.606446,1386.963715,675.005980,1409.226394,676.260490,1433.038716,685.860077
1245.480000,694.760000,1298.217357,683.606446,1386.963715,674.583827,1409.226394,675.596222,1430.887741,681.057552
1245.870000,695.270000,1298.217357,683.606446,1386.301950,672.261983,1408.393351,673.271282,1430.887741,681.057552
1245.800000,696.060000,1297.969728,684.001365,1385.772537,670.573369,1407.560308,671.942745,1429.166961,677.284139
1245.760000,695.950000,1297.969728,684.988661,1385.640184,670.045677,1407.560308,671.610611,1428.736766,675.911989
1245.800000,695.660000,1297.969728,684.988661,1385.640184,669.729062,1405.477701,665.632195,1428.736766,674.196802
1245.780000,695.120000,1297.969728,684.988661,1384.713712,667.618295,1405.477701,663.639389,1427.015986,672.138577
1245.490000,694.440000,1297.969728,684.988661,1384.184300,666.035220,1405.061180,663.307255,1426.585791,669.051239
1245.080000,693.730000,1297.969728,684.988661,1384.184300,665.085375,1405.061180,660.650181,1420.132866,661.847452
1244.950000,692.890000,1297.969728,684.988661,1384.184300,665.085375,1404.228137,660.318047,1416.691306,657.044927
1244.830000,692.180000,1297.969728,684.988661,1384.184300,665.085375,1402.978572,657.993108,1414.540331,652.242402
1244.650000,691.440000,1297.969728,684.988661,1384.184300,665.401990,1401.729008,656.996705,1414.540331,650.527215
1244.060000,690.280000,1297.969728,684.988661,1384.316653,666.140758,1401.729008,656.996705,1413.679941,650.527215
1243.760000,689.270000,1297.969728,683.803905,1384.713712,667.618295,1400.895965,659.653779,1413.679941,650.527215
1243.030000,688.430000,1297.474470,683.014068,1384.713712,668.779217,1400.895965,659.985913,1413.679941,650.527215
1242.420000,687.870000,1297.226841,682.619150,1384.713712,669.623524,1400.895965,659.985913,1414.970526,653.271515
1242.190000,687.400000,1296.979212,682.421690,1384.316653,670.573369,1400.895965,661.978718,1417.981891,658.760115
1242.040000,687.220000,1296.731583,681.434394,1384.184300,671.101061,1401.312486,663.639389,1418.842281,662.533527
1241.890000,687.080000,1296.236326,681.039475,1384.184300,671.628753,1402.145529,666.960732,1418.842281,663.905677
1241.520000,687.070000,1295.741068,679.854720,1384.051947,672.261983,1402.978572,667.957134,1418.842281,664.934790
1241.440000,687.030000,1295.493439,679.657261,1384.051947,672.684136,1402.978572,670.282074,1418.842281,667.336052
1241.250000,687.170000,1295.493439,679.657261,1384.051947,673.000751,1402.978572,671.278477,1418.842281,670.080352
1241.150000,687.340000,1295.493439,679.657261,1384.051947,673.317366,1402.978572,673.271282,1418.842281,670.766427
1241.000000,687.550000,1295.493439,679.064883,1385.375478,671.312138,1402.978572,674.599819,1420.132866,671.109464
1240.890000,687.940000,1294.750552,677.485209,1386.037243,668.990294,1402.145529,674.599819,1422.283841,675.225914
1240.710000,688.070000,1294.750552,676.497912,1385.640184,666.351835,1398.813357,669.949940,1422.714036,676.941102
1240.660000,688.110000,1294.255294,675.905534,1385.507831,665.507528,1397.980314,666.960732,1422.283841,675.568952
1240.370000,687.990000,1294.255294,675.510616,1385.375478,664.768759,1397.563793,665.632195,1415.830916,666.993015
1240.260000,687.970000,1294.255294,675.510616,1385.375478,664.029991,1396.730750,663.639389,1414.110136,663.905677
1240.070000,687.580000,1294.255294,675.510616,1384.713712,662.446916,1395.897707,661.314450,1414.110136,662.190490
1239.930000,687.090000,1294.255294,675.510616,1384.051947,660.758302,1395.481186,659.653779,1414.110136,656.358852
1239.600000,686.570000,1294.255294,677.090290,1383.522535,659.702918,1395.481186,658.657376,1413.679941,655.329740
1239.230000,686.030000,1294.255294,677.485209,1382.728416,656.853383,1393.815100,655.668168,1411.528966,651.899365
1239.050000,685.270000,1293.760037,677.682668,1381.801944,653.792770,1390.482928,650.354020,1409.377991,645.381653
1238.810000,684.790000,1293.017150,677.880127,1381.801944,653.159540,1390.482928,649.689752,1409.377991,645.381653
1238.520000,683.990000,1293.017150,677.880127,1381.404885,650.098928,1390.482928,649.025484,1408.517601,645.038615
1238.120000,683.320000,1293.017150,677.880127,1381.140179,649.465698,1383.402063,646.368410,1405.076041,639.893053
1237.900000,683.020000,1293.017150,677.485209,1382.463710,651.154311,1384.235106,647.032678,1401.204286,636.462678
1237.550000,682.660000,1292.274263,676.102994,1382.993122,651.576465,1384.235106,647.032678,1392.600386,634.747490
1237.060000,682.180000,1291.779006,675.115697,1383.654888,652.315233,1385.068149,649.025484,1403.355261,639.893053
1236.750000,682.010000,1291.779006,674.918238,1384.316653,653.370617,1386.317713,650.686155,1405.936431,643.323428
1236.180000,681.980000,1290.045603,673.536023,1384.713712,654.426000,1386.317713,652.346826,1405.936431,643.666465
1236.040000,681.840000,1290.045603,673.141104,1384.713712,654.848154,1386.317713,653.011094,1406.366626,646.410765
1235.980000,681.880000,1289.550346,672.153808,1384.713712,655.481384,1387.150756,653.675363,1407.227016,647.782915
1235.910000,681.950000,1289.302717,671.956349,1384.846066,655.903537,1387.567278,654.007497,1407.227016,648.468990
1235.930000,682.140000,1289.797974,674.523319,1384.978419,656.325691,1388.816842,655.003900,1407.227016,649.498102
1235.940000,682.380000,1289.797974,675.115697,1385.110772,656.536768,1390.482928,655.336034,1407.657211,650.184177
1235.990000,682.810000,1289.797974,675.905534,1385.507831,657.064459,1391.315971,656.996705,1408.087406,651.213290
1236.020000,683.090000,1289.797974,676.102994,1386.037243,657.592151,1392.565535,658.325242,1409.377991,652.242402
1236.190000,683.440000,1289.797974,676.102994,1386.301950,658.014305,1392.565535,658.657376,1409.377991,652.242402
1236.240000,684.030000,1289.797974,676.497912,1386.301950,658.014305,1391.315971,657.328839,1409.377991,652.242402
1236.340000,684.600000,1289.797974,676.695371,1386.301950,658.014305,1390.899449,656.664571,1409.377991,652.242402
1236.500000,685.120000,1289.302717,677.880127,1386.169596,656.009076,1390.899449,655.668168,1408.087406,648.812027
1236.990000,685.540000,1289.302717,678.472505,1385.640184,653.898309,1390.899449,655.336034,1408.087406,648.812027
1237.080000,685.840000,1290.540861,678.867423,1385.375478,652.420772,1390.482928,653.675363,1407.657211,648.468990
1237.310000,686.010000,1290.788490,678.867423,1384.978419,651.893080,1390.482928,649.689752,1405.936431,646.753802
1237.890000,686.080000,1292.026634,678.867423,1384.713712,651.365388,1390.482928,648.693349,1402.064676,644.352540
1238.060000,685.980000,1293.264779,679.854720,1384.316653,649.676774,1390.482928,648.693349,1401.634481,643.666465
1238.180000,685.880000,1295.493439,681.631853,1384.316653,649.676774,1390.482928,645.372007,1400.774091,642.980390
1238.410000,685.520000,1295.988697,681.829313,1384.713712,650.098928,1390.482928,644.043470,1398.623116,640.236090
1238.950000,684.950000,1297.474470,681.829313,1384.846066,650.521081,1390.482928,644.043470,1398.623116,640.236090
1239.130000,684.180000,1300.446017,682.026772,1385.772537,651.787542,1390.482928,644.043470,1397.332531,639.893053
1239.550000,683.190000,1300.446017,682.026772,1386.301950,652.948463,1393.398578,648.361215,1397.762726,641.265203
1240.720000,681.980000,1300.693646,682.026772,1386.699009,653.898309,1394.648143,652.014692,1402.064676,646.753802
1241.720000,681.250000,1300.693646,681.829313,1387.096068,654.953692,1395.897707,655.668168,1403.785456,648.812027
1241.850000,681.140000,1300.446017,681.039475,1387.360774,656.009076,1397.147272,658.325242,1406.366626,651.899365
1241.830000,681.100000,1300.446017,680.842016,1387.625480,657.064459,1397.147272,658.657376,1407.227016,653.957590
1241.910000,681.040000,1301.684161,678.867423,1388.022540,658.541996,1398.813357,661.978718,1407.657211,655.329740
1241.980000,680.990000,1301.684161,678.867423,1388.419599,660.758302,1399.229879,665.300061,1409.808186,658.074040
1242.060000,680.950000,1301.684161,678.077586,1388.816658,663.291222,1400.062922,666.960732,1413.679941,661.504415
1242.110000,680.910000,1301.931790,677.880127,1389.346071,666.985065,1401.312486,668.953537,1413.679941,661.847452
1242.160000,680.930000,1301.931790,677.682668,1390.007836,669.201370,1403.811615,673.603416,1417.981891,664.248715
1242.220000,680.950000,1302.179419,677.485209,1391.066661,672.261983,1403.811615,674.599819,1420.132866,665.620865
1242.220000,681.010000,1302.427048,677.090290,1391.331367,672.895213,1405.061180,676.592624,1420.563061,667.336052
1242.230000,681.030000,1302.179419,676.102994,1391.596073,673.422905,1405.477701,678.253295,1422.283841,669.051239
1242.210000,681.140000,1301.931790,675.905534,1392.654898,675.533672,1407.143787,679.913966,1423.144231,670.423389
1242.210000,681.190000,1300.446017,674.918238,1393.978429,677.644439,1407.560308,680.578235,1426.585791,675.225914
1242.150000,681.240000,1300.446017,674.918238,1397.287256,680.599513,1407.560308,680.578235,1427.015986,677.284139
1242.110000,681.320000,1300.446017,674.918238,1400.066671,680.599513,1407.560308,680.578235,1428.736766,681.057552
1242.090000,681.310000,1299.950759,674.720779,1402.713733,680.282898,1407.143787,679.581832,1429.166961,682.086664
1242.050000,681.420000,1299.950759,674.720779,1404.169617,680.282898,1407.143787,678.585430,1430.027351,684.487927
1242.040000,681.580000,1299.950759,674.720779,1406.022561,680.282898,1406.310744,673.935550,1430.027351,684.487927
1242.010000,681.680000,1299.703130,674.720779,1408.007857,680.388436,1405.894223,672.939148,1430.887741,686.546152
1242.880000,684.840000,1299.455501,674.720779,1408.272563,680.388436,1405.061180,670.282074,1430.887741,688.261339
1242.380000,684.630000,1298.712614,675.115697,1408.801976,678.066593,1405.061180,668.289269,1430.887741,688.947414
1241.910000,683.920000,1298.712614,675.115697,1407.346092,674.900442,1405.477701,666.628597,1433.468911,682.772739
1241.610000,681.970000,1298.712614,675.115697,1406.684326,673.845058,1405.477701,664.967926,1433.899106,678.656289
1241.720000,681.380000,1298.712614,675.115697,1405.360795,672.684136,1405.477701,663.639389,1433.899106,676.255027
1241.880000,681.290000,1298.712614,675.115697,1404.169617,671.417676,1405.061180,663.307255,1433.899106,675.911989
1241.840000,681.140000,1298.712614,675.115697,1404.037264,670.889984,1403.395094,662.310853,1433.899106,672.481614
1241.750000,680.990000,1298.464986,675.510616,1404.037264,669.729062,1403.395094,662.310853,1434.329301,670.766427
1241.760000,680.870000,1296.979212,675.905534,1403.904911,668.251525,1403.811615,662.310853,1433.899106,668.365165
1241.810000,680.730000,1296.979212,675.905534,1403.904911,667.196142,1403.811615,662.310853,1433.038716,662.190490
1241.830000,680.750000,1295.493439,675.905534,1403.640205,666.562912,1407.143787,665.632195,1431.748131,659.103152
1241.880000,680.760000,1295.493439,675.905534,1403.375499,665.929681,1407.143787,665.632195,1431.317936,658.417077
1241.900000,680.860000,1294.255294,674.128401,1403.243146,664.979836,1407.143787,669.949940,1431.317936,657.044927
1241.920000,680.910000,1294.255294,673.930942,1402.316674,663.713376,1407.976830,672.939148,1431.317936,655.329740
1241.790000,680.920000,1294.255294,673.930942,1401.919615,662.869069,1407.976830,673.603416,1432.178326,658.760115
1241.690000,680.970000,1294.255294,673.930942,1401.257849,662.341377,1407.976830,676.260490,1434.329301,665.963902
1241.650000,681.000000,1293.017150,672.548727,1401.257849,662.341377,1407.976830,678.253295,1434.329301,667.336052
1241.610000,681.050000,1293.017150,672.153808,1401.257849,662.341377,1407.976830,678.585430,1435.189691,676.255027
1241.570000,681.180000,1293.017150,672.153808,1400.860790,662.341377,1407.560308,678.585430,1436.050081,679.342364
1241.650000,681.270000,1293.017150,672.153808,1400.728437,662.763531,1405.894223,673.603416,1437.340666,681.400589
1241.680000,681.290000,1292.274263,672.548727,1400.331378,665.613066,1405.894223,673.603416,1437.340666,683.801852
1241.346296,686.743573,1291.779006,673.733482,1400.066671,667.407218,1405.894223,672.274879,1437.340666,684.144889
1238.520000,685.250000,1291.283748,675.708075,1400.199024,668.251525,1405.894223,671.942745,1436.480276,675.911989
1237.770000,685.350000,1291.036119,676.102994,1400.596084,669.729062,1405.894223,666.296463,1436.480276,674.539839
1237.570000,685.470000,1291.036119,677.090290,1400.596084,670.678908,1405.894223,665.300061,1436.050081,672.481614
1237.320000,685.840000,1291.036119,677.090290,1399.934318,671.628753,1405.894223,664.967926,1433.899106,669.051239
1237.190000,685.430000,1290.540861,678.077586,1399.934318,672.895213,1405.061180,658.989510,1433.468911,667.679090
1237.050000,684.930000,1290.045603,678.867423,1399.404906,675.005980,1405.061180,657.993108,1433.038716,665.620865
1236.880000,684.290000,1290.045603,678.867423,1399.272553,675.955825,1404.228137,657.328839,1432.178326,658.074040
1236.580000,683.870000,1290.045603,678.867423,1398.743140,676.694594,1403.811615,656.664571,1432.178326,653.614552
1236.010000,683.180000,1290.540861,678.669964,1398.743140,677.749977,1403.811615,656.664571,1432.178326,651.556327
1235.730000,682.800000,1290.540861,677.880127,1398.743140,677.749977,1402.978572,655.003900,1431.748131,649.498102
1235.040000,682.190000,1290.540861,677.682668,1398.743140,677.749977,1402.978572,654.671765,1431.748131,648.812027
1234.740000,682.150000,1290.540861,676.497912,1398.743140,677.749977,1405.061180,656.664571,1429.597156,643.323428
1234.730000,681.370000,1289.797974,674.918238,1397.419609,679.649668,1405.061180,656.664571,1429.597156,643.323428
1234.720000,681.210000,1289.302717,673.930942,1398.081375,676.589056,1405.061180,656.664571,1428.736766,640.922165
1234.700000,681.240000,1289.302717,672.943645,1398.213728,675.005980,1405.061180,656.664571,1428.736766,640.922165
1234.780000,681.160000,1289.302717,672.943645,1398.610787,671.734291,1405.061180,659.985913,1430.887741,645.381653
1234.780000,681.520000,1289.302717,672.943645,1398.610787,669.517986,1404.228137,661.314450,1431.317936,647.782915
1234.860000,681.810000,1289.302717,672.943645,1397.684316,668.145987,1404.228137,663.307255,1431.748131,649.841140
1234.970000,682.170000,1289.302717,672.943645,1397.287256,666.879527,1403.395094,665.300061,1431.748131,650.527215
1235.060000,682.700000,1289.302717,672.943645,1396.625491,665.507528,1402.978572,666.296463,1432.178326,655.672777
1235.330000,683.110000,1289.302717,673.141104,1396.228432,664.029991,1402.978572,666.296463,1433.038716,661.847452
1235.940000,683.740000,1289.550346,674.720779,1396.096079,662.974607,1402.978572,666.296463,1433.038716,665.620865
1236.140000,684.190000,1290.540861,675.115697,1395.963725,661.813685,1402.978572,665.632195,1433.038716,667.336052
1236.420000,684.970000,1292.521892,677.090290,1390.404895,661.813685,1402.978572,661.646584,1432.178326,675.225914
