pt1_X,pt1_Y,pt2_X,pt2_Y,pt3_X,pt3_Y,pt4_X,pt4_Y,pt5_X,pt5_Y
882.207155,898.591537,938.918091,886.355587,1018.662472,844.812694,1071.303234,833.074798,1096.986967,841.440834
880.530000,898.720000,938.860000,886.160000,1019.190000,846.330000,1071.010000,829.530000,1097.891524,830.647160
878.140000,898.400000,938.840000,885.990000,1019.260000,848.700000,1068.830313,826.194173,1096.383929,824.170955
875.630000,897.580000,938.690000,885.320000,1020.220000,851.350000,1066.769546,824.818048,1096.383929,824.170955
872.940000,896.970000,931.129191,890.644995,1023.283297,854.373044,1066.357392,823.097892,1096.383929,818.774118
870.040000,896.460000,928.790000,891.640000,1024.870000,856.830000,1063.678394,829.634485,1096.986967,816.615383
867.270000,896.400000,925.800000,892.340000,1026.810000,859.750000,1063.060164,832.558751,1080.101896,815.266174
864.710000,896.360000,923.420000,892.730000,1028.980000,862.020000,1062.648011,838.579297,1080.403415,815.805857
862.340000,896.400000,921.230000,892.920000,1030.930000,864.870000,1062.648011,840.815500,1081.911011,820.663011
860.010000,896.710000,919.190000,893.140000,1035.999950,868.885407,1064.090548,844.427828,1083.418606,823.361429
857.920000,897.140000,917.040000,893.550000,1038.244626,871.508541,1065.120932,847.352094,1084.323164,826.599532
855.930000,897.850000,915.000000,894.110000,1041.070000,874.400000,1066.357392,851.136437,1084.323164,830.377318
853.660000,898.370000,912.800000,894.930000,1041.387171,880.127410,1065.734113,858.046929,1084.624683,836.853522
851.380000,899.500000,910.690000,895.660000,1041.960000,883.430000,1069.157696,860.333105,1084.323164,845.488462
849.300000,901.080000,908.670000,896.150000,1043.100000,886.520000,1073.265995,864.905456,1085.227721,851.694825
847.320000,902.670000,906.540000,897.030000,1044.010620,886.324114,1076.900000,867.910000,1088.845950,860.329764
845.480000,904.180000,903.940000,897.970000,1045.020000,888.550000,1077.716652,871.192440,1091.258103,865.996443
843.920000,906.110000,901.350000,899.160000,1046.080000,890.840000,1079.428443,876.907880,1092.765699,870.853597
841.970000,907.970000,899.410000,900.200000,1047.150000,892.970000,1080.940000,881.110000,1093.368737,879.218695
840.180000,909.850000,897.530000,901.280000,1047.570000,895.330000,1079.428443,888.052987,1093.670256,882.996481
838.440000,911.560000,895.990000,902.230000,1044.720000,897.860000,1078.930000,892.080000,1093.670256,888.663160
837.140000,913.130000,894.130000,903.410000,1042.830000,898.660000,1071.554203,897.483463,1093.670256,892.440946
835.990000,914.790000,892.280000,904.940000,1040.930000,898.990000,1069.730000,900.540000,1078.867173,903.584868
834.860000,916.070000,890.740000,905.980000,1039.030000,898.880000,1062.310531,902.341587,1071.839662,905.381784
833.720000,917.180000,889.260000,906.950000,1036.990000,898.820000,1058.970000,903.010000,1071.337697,905.381784
832.600000,918.300000,887.990000,907.950000,1035.020000,898.180000,1057.230000,902.980000,1066.569029,906.954086
830.930000,919.290000,886.800000,908.840000,1033.110000,897.570000,1055.380000,902.570000,1066.569029,906.954086
829.220000,920.140000,885.650000,909.670000,1030.930000,896.860000,1044.507903,902.055815,1063.055273,905.831013
828.090000,920.970000,884.020000,910.720000,1029.120000,895.910000,1036.150000,899.110000,1063.055273,905.831013
827.040000,921.730000,882.830000,911.600000,1027.130000,895.200000,1028.240000,896.890000,1061.549378,903.584868
826.060000,922.140000,881.990000,912.330000,1023.567153,893.561439,1037.660739,898.055007,1061.047413,902.686409
825.060000,922.590000,881.000000,912.830000,1024.141887,892.122220,1042.890000,898.880000,1061.047413,901.563336
824.070000,922.780000,880.150000,913.240000,1024.000000,892.000000,1035.948947,894.625743,1058.788570,899.092576
823.100000,922.820000,879.280000,914.010000,1023.680000,890.880000,1033.950000,893.040000,1057.784640,896.846430
822.050000,922.760000,878.240000,914.730000,1022.970000,889.850000,1031.240000,890.160000,1057.282675,894.824898
821.000000,922.650000,877.610000,914.920000,1022.150000,888.930000,1029.080000,888.310000,1056.529727,891.455680
820.030000,922.150000,877.120000,915.020000,1021.070000,888.120000,1026.980000,887.800000,1056.027762,888.984919
819.050000,921.380000,876.880000,915.090000,1019.970000,887.950000,1028.074708,888.910303,1055.525797,886.738773
818.150000,920.550000,876.650000,915.100000,1016.957712,890.203261,1027.900000,888.890000,1055.023832,884.043398
817.360000,919.740000,875.910000,915.160000,1014.080000,891.550000,1027.980000,888.880000,1054.772849,881.797252
817.030000,918.830000,875.130000,915.300000,1011.070000,893.660000,1027.960000,889.240000,1054.270884,881.123408
816.730000,917.890000,874.620000,915.330000,1008.020000,896.010000,1028.010000,889.710000,1053.517937,881.348023
815.990000,916.890000,874.400000,915.310000,1014.946143,895.240529,1028.090000,890.340000,1049.753199,883.594169
815.280000,915.990000,874.360000,915.250000,1017.220000,895.490000,1028.070000,891.160000,1049.753199,883.594169
815.150000,915.290000,874.140000,915.240000,1018.200000,896.350000,1026.362917,893.196883,1049.251234,883.594169
815.170000,914.850000,874.080000,915.240000,1019.310000,897.540000,1025.100000,895.090000,1048.498286,883.369554
815.200000,914.180000,874.140000,915.000000,1020.000000,898.920000,1028.074708,896.054603,1048.498286,883.369554
815.280000,913.820000,874.060000,915.000000,1021.555584,900.757536,1029.920000,896.880000,1048.498286,883.369554
815.490000,913.490000,874.080000,914.850000,1023.090000,902.330000,1029.786499,896.626147,1047.494356,885.615700
816.120000,913.580000,874.120000,914.740000,1024.429254,904.115715,1030.140000,899.350000,1047.494356,887.861846
816.980000,913.700000,874.200000,914.590000,1026.440823,906.514414,1030.160000,902.090000,1048.498286,890.781836
817.560000,914.100000,874.620000,914.060000,1027.877658,909.152983,1037.318380,903.484675,1049.753199,894.600284
817.980000,914.760000,875.260000,913.670000,1029.780000,911.050000,1042.780000,902.490000,1051.008111,896.846430
818.310000,915.700000,876.170000,913.060000,1033.860000,912.630000,1042.111396,905.485079,1051.259094,899.092576
818.980000,916.600000,876.970000,912.590000,1032.762897,916.349080,1043.260000,909.070000,1051.761059,901.563336
819.760000,917.590000,877.630000,912.620000,1036.200000,918.150000,1045.760000,912.850000,1053.517937,906.954086
820.310000,918.710000,877.640000,913.030000,1040.430000,920.030000,1048.616202,917.773274,1056.278745,913.692524
820.690000,919.790000,877.770000,913.320000,1044.670000,922.430000,1051.249147,922.378764,1057.784640,918.409431
820.810000,920.870000,877.800000,913.710000,1049.080000,924.780000,1055.048836,925.233261,1057.784640,919.757118
820.950000,921.890000,877.940000,914.000000,1052.120000,926.160000,1054.668867,928.404924,1058.537588,924.923254
821.090000,922.770000,877.980000,914.280000,1047.080000,923.570000,1048.589364,929.673589,1058.537588,928.292473
821.130000,923.470000,877.920000,914.820000,1043.600000,921.430000,1044.029736,928.404924,1058.537588,930.538619
821.100000,923.910000,877.980000,915.110000,1034.100000,916.270000,1043.649767,928.087758,1058.035622,931.212463
821.160000,924.180000,878.010000,915.350000,1029.889227,922.105958,1043.649767,928.087758,1058.035622,931.212463
821.080000,924.320000,877.980000,915.960000,1029.889227,919.227519,1043.649767,927.136259,1056.027762,928.292473
821.010000,924.260000,878.000000,916.230000,1031.038695,917.308560,1044.029736,923.964596,1054.270884,923.800181
821.000000,924.040000,877.980000,916.840000,1031.280000,915.870000,1045.169643,921.110099,1054.270884,922.227879
820.840000,923.790000,878.030000,917.000000,1032.475530,910.352332,1046.689519,914.766773,1054.270884,920.430962
820.700000,923.180000,878.010000,917.140000,1032.475530,905.315064,1046.689519,914.766773,1054.772849,918.184816
820.220000,922.330000,877.950000,917.290000,1033.050000,900.850000,1050.489209,913.815274,1056.027762,916.163285
819.340000,920.900000,877.830000,917.290000,1034.080000,896.360000,1047.829426,907.471948,1057.784640,912.569451
818.330000,919.270000,877.710000,917.020000,1016.382978,892.122220,1044.789674,896.371128,1060.043483,906.954086
816.910000,917.520000,877.430000,917.010000,1003.050000,893.710000,1042.129891,893.199465,1062.302326,898.194117
815.840000,915.380000,876.040000,917.260000,1005.463033,890.922870,1037.950232,883.050143,1061.298395,891.231065
814.640000,912.930000,874.650000,916.830000,1004.070000,890.910000,1037.190294,881.464311,1054.772849,883.594169
812.910000,910.730000,872.240000,917.260000,1003.190000,891.560000,1031.870728,879.561314,1049.753199,880.224950
811.300000,908.580000,869.870000,917.680000,992.531518,898.838577,1031.870728,879.561314,1048.498286,878.877262
810.150000,906.560000,867.880000,917.680000,999.428326,903.156235,1029.590914,879.244147,1046.239443,877.304960
808.950000,904.810000,866.250000,917.220000,1000.070000,903.670000,1027.691069,879.244147,1041.470775,875.732658
807.750000,902.970000,864.970000,916.570000,1001.490000,904.510000,1020.471658,884.001642,1036.702107,873.711127
806.510000,901.630000,864.010000,915.630000,1002.620000,905.030000,1014.392154,892.247966,1036.702107,873.711127
804.760000,900.420000,863.120000,914.770000,1004.020000,906.010000,1014.392154,896.371128,1034.192281,873.261897
803.010000,899.500000,862.010000,913.770000,999.140959,910.112462,1015.152092,900.177123,1028.921648,878.203418
801.190000,898.850000,860.890000,912.900000,999.428326,910.832072,1015.152092,902.080121,1029.172630,882.920325
799.370000,898.210000,859.910000,911.980000,1001.152528,911.791552,1016.671968,904.934618,1030.176561,888.984919
798.080000,897.980000,858.750000,911.180000,1003.451464,913.710511,1017.051937,908.106281,1030.176561,889.658763
796.840000,897.980000,857.580000,910.360000,1004.888299,916.588950,1015.152092,912.229443,1030.929508,893.477211
795.420000,898.330000,855.580000,910.040000,1004.888299,920.906608,1015.152092,914.766773,1031.180491,897.969503
793.460000,898.730000,853.470000,909.830000,1004.888299,927.143226,1016.291999,918.572769,1032.435403,907.627930
791.450000,899.150000,850.710000,909.700000,1006.899868,929.302055,1016.291999,924.281762,1028.419683,918.184816
788.850000,900.200000,847.960000,909.480000,1005.463033,932.420363,1016.291999,929.039257,1027.917718,922.003264
786.270000,901.060000,845.540000,908.960000,1004.313565,932.900103,1014.392154,933.162419,1026.662805,928.292473
784.130000,901.910000,843.360000,908.850000,998.566225,934.339323,1012.492309,935.065416,1017.627434,934.132452
781.890000,902.810000,841.250000,908.680000,990.807316,935.298802,1007.552712,939.188578,1018.882346,937.726286
779.910000,903.570000,839.290000,908.330000,984.772609,935.538672,1006.032836,939.822911,1017.627434,938.624744
777.750000,904.090000,837.330000,907.880000,981.324205,934.819062,987.768538,940.693792,1014.615643,941.320119
775.720000,905.060000,835.780000,907.270000,973.565297,930.741274,984.960298,940.303111,1011.101888,941.320119
773.590000,905.910000,833.870000,907.050000,964.082186,927.143226,983.400165,939.651977,1007.086167,941.769348
771.080000,906.420000,831.810000,907.070000,961.208516,926.903356,978.407739,935.484718,1006.584202,941.769348
769.030000,906.840000,829.770000,907.050000,960.346415,926.423616,975.443486,931.968593,1002.568481,941.095505
767.050000,907.350000,827.740000,907.100000,956.035910,923.785047,975.287472,931.838366,1002.066516,940.870890
765.060000,907.990000,825.720000,907.200000,954.599075,922.825567,971.699166,931.057005,1000.811603,940.646275
763.180000,908.560000,823.820000,907.220000,955.827103,922.474423,971.075113,930.015190,994.788022,937.950900
761.630000,909.040000,821.920000,907.360000,955.071106,921.685619,967.486806,925.717704,994.537040,937.726286
760.100000,909.650000,820.150000,907.550000,954.126108,920.581292,965.458633,922.592259,993.533110,936.827827
758.830000,910.160000,818.370000,907.860000,950.346120,917.741596,965.458633,921.941125,992.780162,935.704754
757.400000,910.510000,817.000000,907.900000,948.456126,916.637270,964.678567,921.159764,992.027215,933.907838
755.820000,910.650000,815.760000,907.820000,945.999133,915.217422,965.302620,919.857495,991.274267,930.987848
754.120000,910.760000,814.090000,907.760000,945.432135,914.428617,967.174780,918.685454,989.526100,929.045297
752.410000,910.490000,812.890000,907.720000,942.975142,911.431160,967.954846,915.950690,988.620738,927.533857
751.140000,910.350000,811.780000,907.410000,942.597144,910.642356,967.798833,915.429782,988.620738,927.155997
750.030000,910.020000,810.790000,906.930000,936.360163,908.749225,968.287936,916.576459,988.620738,927.155997
749.000000,909.740000,809.810000,906.390000,932.580174,908.749225,969.211416,914.649348,988.620738,916.198057
748.000000,909.120000,808.820000,906.020000,931.446178,908.275943,969.442287,914.071215,988.620738,914.686617
746.980000,908.740000,807.830000,905.770000,929.934182,907.171616,970.596637,910.409705,989.073419,912.419457
745.990000,907.810000,806.990000,905.190000,928.800186,905.120725,970.596637,907.519038,989.073419,909.018717
745.170000,907.050000,806.000000,904.960000,928.044188,904.805203,970.827508,905.977350,989.526100,908.262997
744.250000,906.100000,805.090000,904.780000,926.532193,904.805203,970.827508,903.086684,989.526100,906.373697
743.400000,905.350000,803.930000,904.880000,926.532193,904.805203,970.827508,902.123128,989.978781,905.617977
743.040000,904.470000,803.120000,904.660000,926.532193,904.805203,968.518806,900.581440,989.978781,904.484397
742.770000,903.470000,802.380000,904.540000,923.886201,905.278486,965.286624,899.232462,989.526100,902.972957
742.010000,902.180000,802.200000,903.890000,922.185206,907.960421,964.594013,898.461618,988.620738,900.705797
741.350000,900.980000,802.110000,903.110000,922.185206,907.960421,960.669221,895.378241,986.357335,897.305057
741.420000,899.840000,802.290000,902.360000,922.185206,907.960421,960.669221,895.378241,984.093931,895.037896
741.460000,898.660000,802.050000,902.200000,921.807207,908.906986,959.976610,895.956374,982.735888,893.904316
741.660000,897.190000,801.920000,901.980000,921.996206,910.484595,959.976610,897.305352,978.661761,892.015016
742.170000,895.980000,801.760000,901.770000,921.807207,911.588921,959.284000,897.690774,977.756400,891.259296
742.830000,895.010000,801.570000,901.610000,921.240209,912.062204,958.360519,899.617884,975.040315,891.637156
742.940000,893.840000,801.160000,900.910000,920.862210,912.693248,959.284000,902.123128,975.040315,893.148596
743.130000,893.110000,801.210000,900.120000,920.862210,912.693248,959.976610,902.508551,975.040315,893.526456
743.300000,892.170000,801.250000,899.400000,921.240209,913.797574,960.669221,903.472106,975.040315,894.282176
743.720000,891.540000,801.270000,898.990000,921.807207,914.428617,960.669221,903.472106,977.303719,895.037896
744.310000,891.020000,800.970000,898.880000,922.374205,915.059661,961.130961,904.242950,980.019804,895.037896
745.000000,890.600000,800.810000,898.700000,922.374205,915.059661,961.361831,905.399217,984.093931,894.282176
745.750000,890.590000,802.810706,895.672133,922.374205,915.059661,961.361831,905.399217,984.093931,894.282176
745.950000,890.760000,803.550000,895.360000,922.752204,915.059661,961.592701,905.977350,984.999292,895.037896
746.190000,891.100000,803.940000,894.980000,922.941204,914.744139,962.747052,907.326327,987.715377,896.927197
746.520000,891.800000,804.200000,894.610000,923.319202,913.639813,962.977922,910.409705,990.884142,899.194357
747.190000,892.800000,805.040000,893.980000,923.697201,913.166530,962.516182,913.300371,991.336823,906.373697
748.000000,894.030000,806.060000,892.990000,924.264200,912.219965,963.670533,916.961881,990.884142,912.419457
748.760000,895.210000,806.930000,892.080000,924.642198,910.800117,963.901403,919.467125,990.884142,913.175177
749.450000,896.520000,807.620000,891.630000,924.642198,910.011312,963.901403,919.659836,990.884142,915.820197
749.760000,898.040000,807.890000,891.480000,925.020197,909.538030,962.977922,920.430680,989.526100,920.732377
749.970000,899.430000,807.880000,891.740000,925.965194,907.960421,962.516182,920.623391,989.073419,922.243817
750.120000,900.920000,807.570000,892.210000,926.532193,906.698334,962.285312,920.816102,987.262696,925.266697
750.310000,902.060000,808.685321,893.710679,926.532193,906.067290,961.130961,921.008814,986.357335,926.400277
750.500000,903.210000,809.050000,894.510000,926.721192,903.227594,960.438351,921.008814,984.999292,926.400277
751.000000,904.520000,809.670000,894.950000,926.910191,899.283572,960.438351,919.659836,984.093931,926.022417
751.110000,905.460000,809.800000,895.420000,926.721192,896.917158,961.592701,917.540014,984.093931,925.266697
751.120000,906.220000,809.810000,896.110000,926.532193,893.919701,963.439663,915.034770,984.093931,918.843077
751.110000,906.660000,809.890000,896.950000,929.367184,891.395527,963.670533,914.263926,984.546611,915.820197
751.120000,907.200000,809.920000,897.740000,931.950000,889.390000,965.979234,910.795127,985.451973,913.930897
751.090000,907.570000,809.970000,898.320000,933.940000,887.430000,965.979234,905.977350,986.357335,912.419457
751.050000,907.660000,810.000000,898.980000,935.900000,885.350000,966.210104,903.086684,986.357335,911.285877
750.940000,907.650000,809.980000,899.630000,937.890000,882.840000,966.902715,899.232462,987.262696,907.507277
750.820000,907.560000,810.010000,900.130000,939.880000,880.270000,966.902715,895.570952,988.620738,903.728677
750.640000,907.030000,809.950000,900.590000,931.523177,880.790489,967.133585,892.487575,990.884142,895.037896
749.940000,906.630000,809.810000,900.950000,931.980000,880.250000,968.749676,888.826064,991.336823,892.015016
749.040000,906.100000,809.580000,901.140000,932.080000,880.270000,960.281270,876.802109,991.789504,889.369996
748.270000,905.730000,808.870000,901.410000,932.370000,880.160000,960.605565,872.922158,991.789504,887.480696
747.780000,904.970000,808.060000,901.820000,932.310000,880.180000,960.605565,872.290538,991.789504,885.969256
747.170000,904.130000,807.270000,902.130000,927.043191,880.790489,960.821762,869.764058,991.789504,881.812796
746.910000,903.510000,806.330000,902.640000,926.130000,882.170000,961.146057,869.042206,987.715377,868.587696
746.620000,902.880000,805.580000,903.090000,923.907201,885.277910,961.254155,867.057115,987.262696,867.076256
745.930000,902.120000,805.100000,903.420000,924.355199,886.399765,959.416484,869.312901,986.357335,865.942676
745.100000,901.340000,804.660000,903.420000,926.147194,887.147669,958.551697,870.666372,982.672297,861.838874
744.370000,900.920000,803.910000,903.360000,924.803198,892.009041,958.335500,872.019844,982.672297,861.838874
744.140000,900.210000,803.070000,903.320000,924.803198,892.009041,958.875992,873.012389,982.672297,861.838874
743.870000,899.910000,802.270000,903.150000,924.803198,893.878800,960.713664,876.170489,981.793077,861.838874
743.440000,899.610000,801.370000,902.920000,924.803198,895.000655,961.362254,878.606738,981.541872,861.943716
742.780000,899.150000,800.550000,902.780000,924.803198,895.748559,961.578450,880.591829,982.044283,863.411515
742.010000,899.020000,800.110000,902.520000,923.907201,899.488076,962.335138,882.847615,983.300311,865.088998
741.140000,898.920000,799.800000,902.040000,923.907201,900.235980,963.416122,884.471781,985.058751,867.605224
740.350000,898.910000,798.950000,901.760000,922.563205,901.357835,963.848515,886.276410,986.817191,873.371574
740.070000,899.000000,798.220000,901.210000,919.875213,901.731787,965.037597,888.712658,986.817191,875.573271
739.710000,899.120000,797.300000,900.890000,919.875213,902.105739,965.902383,891.960990,985.686765,878.194340
738.960000,899.560000,796.530000,900.470000,917.187221,903.975497,968.064350,896.111636,985.561163,880.500880
738.210000,900.280000,796.070000,899.770000,916.291224,905.097353,970.010119,899.630661,985.937971,882.073521
737.410000,901.200000,795.780000,899.070000,913.603232,907.341063,970.983004,903.691076,972.624039,904.972974
737.010000,902.140000,794.930000,898.410000,912.707235,908.088967,962.999782,911.199387,973.146204,905.844694
736.760000,903.090000,794.030000,898.130000,911.811237,908.836870,962.039992,912.089557,974.712700,908.023993
736.000000,903.950000,793.160000,897.740000,910.467242,908.836870,960.120411,916.006303,974.712700,918.048770
735.270000,904.900000,792.380000,897.480000,909.123246,908.836870,960.440341,917.786642,974.712700,918.920490
735.040000,905.410000,792.130000,897.180000,907.331251,906.967111,960.973558,921.436337,973.146204,921.099789
734.930000,906.110000,791.940000,896.950000,907.331251,905.471304,957.667614,924.729964,971.057543,921.971509
734.800000,906.860000,791.690000,896.850000,907.331251,902.479690,956.921110,925.798167,967.924551,921.971509
734.720000,907.370000,790.870000,896.780000,907.331251,901.357835,956.281250,926.955387,963.225064,923.714948
734.610000,907.600000,790.120000,896.820000,908.227248,899.862028,954.788243,928.557693,960.092072,925.458387
734.560000,907.820000,789.530000,896.820000,908.227248,899.488076,953.935096,929.714913,956.436915,925.458387
733.910000,907.770000,789.340000,896.770000,908.227248,898.366221,949.136145,926.065218,953.826089,922.407368
733.150000,907.800000,789.250000,896.730000,908.227248,898.366221,949.989292,924.284879,952.781758,915.869471
732.790000,907.740000,789.160000,896.690000,908.675247,894.252752,950.735795,921.169286,952.781758,913.254312
732.550000,907.550000,789.120000,896.670000,908.675247,893.878800,951.269012,920.279116,952.781758,912.818452
732.340000,907.160000,789.060000,896.580000,908.675247,892.009041,951.908872,918.943862,961.658568,912.382592
732.170000,906.860000,789.030000,896.540000,908.675247,890.139283,952.335446,917.875659,966.880221,914.561891
732.030000,906.470000,789.000000,896.330000,908.227248,887.521620,953.081949,916.273354,966.880221,914.561891
731.920000,905.790000,788.920000,896.240000,908.227248,886.399765,954.468313,914.671048,967.924551,912.382592
731.660000,905.070000,788.880000,896.200000,908.227248,885.277910,957.241040,911.555455,969.491047,908.459853
730.980000,904.230000,788.810000,896.140000,910.467242,882.660248,957.667614,900.962438,971.057543,904.101255
730.330000,903.270000,788.780000,896.150000,910.915240,880.790489,950.752911,889.946316,975.234865,894.948198
730.150000,902.480000,788.780000,896.160000,905.987255,877.798875,954.797459,888.445849,975.757031,886.666860
729.970000,901.830000,788.760000,896.180000,903.747262,879.668634,957.943219,885.069799,975.234865,881.872402
729.930000,900.750000,790.113799,896.059581,899.267276,880.790489,959.291402,880.193282,975.234865,880.128963
729.850000,899.660000,790.170000,896.020000,899.267276,880.790489,960.190190,876.817232,974.712700,877.513803
729.820000,898.550000,789.850000,896.030000,888.515309,885.277910,961.538373,873.441182,973.668369,874.462784
729.820000,897.360000,789.780000,896.050000,888.515309,885.277910,961.088979,868.939782,973.146204,871.411765
729.960000,896.260000,789.750000,896.050000,888.067310,886.399765,955.246853,863.688148,972.624039,869.668326
730.090000,895.510000,789.730000,896.100000,888.067310,886.399765,952.101094,863.313031,968.446717,860.951129
730.290000,894.950000,789.760000,896.120000,888.963307,886.773717,950.303517,862.562798,967.402386,859.207690
730.590000,894.180000,788.257131,897.609373,890.307303,888.269524,943.562603,862.187681,965.835890,856.592530
731.180000,893.720000,787.880000,898.180000,889.411306,891.261138,943.562603,862.187681,964.269394,853.977371
731.980000,893.760000,788.250000,898.200000,889.411306,891.261138,943.562603,862.187681,960.614237,852.669792
732.740000,894.080000,788.590000,897.980000,889.411306,892.009041,944.011997,865.188615,960.092072,852.233932
733.490000,894.440000,789.310000,897.940000,892.547296,893.130897,944.461391,867.064198,960.092072,852.233932
733.800000,894.880000,790.140000,897.990000,892.995295,894.252752,945.360180,867.814431,960.092072,852.233932
734.120000,895.350000,791.040000,897.980000,893.443293,895.000655,948.955334,871.565598,961.658568,853.541511
734.410000,896.090000,791.970000,898.020000,893.891292,895.000655,952.101094,874.566532,966.880221,860.079409
735.180000,897.040000,792.940000,898.010000,897.475281,894.252752,952.999882,875.316765,967.402386,860.515269
736.040000,898.130000,793.890000,898.050000,897.923280,894.252752,952.999882,873.441182,970.923838,859.245556
736.970000,899.450000,794.810000,898.000000,897.923280,894.252752,952.999882,873.441182,970.679349,860.470029
737.810000,900.180000,795.740000,898.000000,897.923280,894.252752,955.246853,877.192349,970.679349,863.531212
738.820000,901.200000,800.634922,897.092776,897.923280,894.252752,957.943219,880.943516,974.102194,872.102525
739.780000,902.080000,802.530000,896.620000,897.923280,893.878800,963.335950,886.570266,975.324639,878.837127
740.700000,903.180000,803.260000,896.630000,902.851265,892.382993,963.335950,886.945383,975.324639,882.714626
741.650000,904.340000,803.900000,896.900000,902.851265,892.382993,968.279286,891.446783,976.547083,887.816598
742.590000,905.410000,804.900000,896.870000,905.091258,892.009041,968.279286,892.197016,978.502994,890.469623
743.610000,906.340000,805.960000,896.780000,906.435254,891.261138,968.279286,897.073533,974.452848,895.687180
744.530000,907.200000,806.910000,896.830000,909.123246,890.139283,967.829892,898.198883,975.063381,897.598262
744.810000,908.090000,807.870000,896.920000,910.915240,889.391379,965.582921,901.950050,975.063381,897.598262
745.120000,908.990000,808.740000,897.070000,912.707235,888.269524,965.582921,902.700284,976.589713,899.254533
745.260000,909.760000,809.480000,897.260000,912.707235,888.269524,964.684133,902.700284,976.589713,899.254533
745.430000,910.220000,809.720000,897.570000,914.051231,885.651862,964.234738,901.950050,976.589713,899.254533
745.970000,910.610000,809.930000,898.010000,915.395227,883.782103,964.234738,897.073533,976.589713,898.872316
746.020000,910.580000,810.010000,898.280000,915.395227,883.408151,964.234738,896.323300,976.742346,897.980478
746.000000,910.480000,810.080000,898.760000,915.395227,882.660248,965.582921,895.197950,977.352879,897.088640
746.030000,910.160000,810.140000,898.970000,915.395227,881.538392,969.178075,893.322366,977.810779,896.324208
745.990000,909.920000,810.290000,899.140000,915.395227,881.164441,972.323835,891.446783,978.268678,895.304964
745.890000,909.560000,810.460000,899.190000,915.843225,881.164441,972.323835,890.696550,978.573945,894.030910
745.900000,908.960000,811.040000,899.380000,915.843225,881.164441,972.773229,887.695616,979.642377,890.208747
745.790000,908.200000,811.520000,899.880000,915.843225,881.164441,972.773229,886.195149,980.405544,886.896205
745.620000,907.350000,811.510000,899.960000,915.843225,881.164441,973.222623,885.069799,980.710810,884.220691
745.000000,906.390000,811.470000,900.000000,915.843225,881.164441,974.570806,883.944449,981.168710,881.672583
744.350000,904.990000,810.970000,900.020000,915.843225,881.164441,974.570806,882.068866,981.473976,880.143717
744.120000,903.630000,810.930000,899.980000,917.187221,884.530006,974.570806,878.317699,982.084509,877.850420
743.990000,902.000000,810.820000,899.910000,917.187221,885.651862,972.323835,871.190482,982.847675,872.244580
743.870000,900.270000,810.770000,899.800000,918.083218,888.269524,972.323835,871.190482,983.000308,868.932039
743.740000,898.690000,810.730000,899.630000,918.531217,890.139283,971.425046,869.690015,981.402301,864.814810
743.630000,896.830000,810.580000,898.880000,919.427214,892.009041,971.425046,868.939782,981.402301,864.814810
743.570000,895.130000,809.870000,898.160000,919.427214,894.626704,970.975652,868.939782,979.687114,860.996958
742.980000,893.290000,809.010000,897.560000,918.531217,896.496462,970.975652,868.939782,979.687114,862.905884
742.950000,891.710000,808.080000,897.150000,917.635220,898.366221,968.279286,874.566532,979.687114,864.098963
742.880000,890.410000,807.030000,896.910000,917.635220,901.357835,968.279286,874.941649,979.687114,864.814810
742.790000,889.160000,806.070000,896.840000,917.635220,901.357835,968.279286,876.442115,979.972978,865.769273
742.690000,888.080000,805.120000,896.700000,917.187221,901.731787,968.728681,878.317699,980.544707,868.155431
742.570000,886.950000,800.634922,891.926804,917.187221,901.357835,968.728681,880.193282,981.974030,872.211899
741.840000,886.140000,800.450000,891.180000,917.187221,901.357835,968.728681,885.820033,982.545759,881.517913
741.110000,885.540000,800.010000,890.520000,913.603232,903.601546,968.728681,889.946316,982.545759,886.051613
740.410000,885.230000,799.890000,889.890000,913.155233,903.601546,970.076863,893.322366,982.545759,887.960539
740.100000,885.010000,799.490000,888.990000,911.363239,905.471304,970.076863,895.948183,982.545759,890.108081
739.770000,884.980000,798.370000,888.060000,909.571244,907.341063,970.526258,897.823767,982.545759,893.687317
738.950000,885.190000,797.000000,887.160000,908.227248,908.836870,970.526258,900.074467,981.402301,897.982401
738.020000,885.550000,796.020000,886.290000,907.331251,908.836870,970.076863,903.075400,979.115385,901.561637
737.040000,886.280000,795.300000,885.370000,905.987255,908.836870,967.829892,906.451451,976.256740,908.004262
736.180000,886.920000,795.020000,884.260000,905.987255,908.836870,959.740796,913.203551,965.405580,920.042714
735.340000,887.890000,791.970468,888.310623,904.195261,906.219208,953.449276,916.204484,965.405580,920.042714
734.790000,888.860000,791.300000,888.050000,904.195261,904.349449,948.056545,916.579601,965.405580,920.042714
734.310000,889.800000,790.700000,887.890000,904.195261,902.479690,944.461391,916.954718,963.977869,924.213780
734.070000,890.730000,790.140000,887.700000,904.195261,900.609932,944.461391,919.580535,963.977869,924.213780
733.900000,891.760000,789.930000,887.540000,903.747262,897.992269,945.360180,923.331702,963.264014,924.213780
733.830000,892.640000,789.550000,887.110000,902.403266,894.626704,945.360180,923.331702,954.935703,929.576579
733.700000,893.590000,788.850000,887.100000,901.507269,892.756945,942.214420,920.705885,954.935703,929.576579
733.590000,894.450000,787.920000,886.860000,901.507269,892.382993,942.214420,920.705885,948.986910,926.398624
732.970000,894.970000,787.019351,885.727638,901.507269,892.009041,942.214420,919.580535,945.417633,922.227558
732.290000,895.680000,786.390000,886.040000,901.507269,886.773717,944.011997,916.204484,947.559199,920.638581
732.140000,896.190000,786.270000,886.200000,901.507269,884.530006,945.360180,913.953784,947.559199,920.439958
732.050000,896.770000,786.160000,886.310000,901.507269,883.782103,945.809574,912.078201,948.273054,919.248225
731.970000,896.940000,786.100000,886.380000,901.507269,880.790489,947.607151,910.577734,949.462813,917.063381
731.850000,897.120000,786.040000,886.500000,901.507269,878.920730,948.505940,909.077267,949.462813,916.070270
731.690000,897.210000,785.910000,886.760000,901.507269,875.929116,950.303517,905.326100,949.938716,914.282671
731.620000,897.290000,785.830000,886.840000,901.507269,875.181213,948.955334,900.824700,949.938716,914.282671
731.450000,897.350000,785.790000,886.870000,901.507269,873.685406,948.955334,898.949117,950.176668,910.310227
730.890000,897.260000,785.760000,886.920000,901.507269,870.319840,948.955334,895.197950,951.128475,907.529516
730.230000,897.110000,785.730000,886.940000,899.267276,868.076129,948.955334,892.572133,956.125462,894.420452
730.090000,897.040000,785.640000,887.000000,897.027283,865.084515,948.955334,888.820966,957.791124,890.646630
729.990000,896.570000,785.660000,887.060000,897.027283,864.336612,950.752911,885.069799,957.791124,889.454897
729.920000,895.790000,785.610000,887.050000,896.131285,864.336612,954.348065,875.316765,960.170641,885.681075
729.840000,895.090000,785.610000,887.050000,896.131285,864.336612,955.696248,869.314898,962.550159,877.537565
729.540000,894.460000,785.580000,887.050000,896.131285,864.336612,956.595036,866.313965,956.688495,861.221208
728.970000,893.780000,785.580000,887.040000,894.787289,864.336612,958.842007,861.812564,957.989716,856.997290
728.540000,893.030000,785.610000,886.970000,890.307303,863.214757,953.758279,856.925851,957.989716,851.928589
728.470000,892.260000,785.640000,886.950000,890.307303,863.214757,953.010134,849.431979,957.845136,849.394239
728.580000,891.700000,785.640000,886.980000,890.307303,863.214757,953.508897,846.934022,957.266815,846.135788
729.040000,891.590000,785.740000,887.030000,889.411306,865.084515,953.508897,845.685043,957.411395,842.515287
729.250000,891.070000,785.780000,887.010000,889.411306,865.832419,953.758279,842.146270,957.700555,839.498203
729.900000,890.850000,785.870000,887.090000,889.411306,867.702178,954.007661,839.231987,956.977655,835.877702
729.970000,890.800000,785.980000,887.100000,889.411306,868.450081,953.508897,837.983008,956.977655,835.877702
730.260000,890.650000,786.120000,887.170000,889.411306,869.571936,950.266933,838.399334,956.977655,835.877702
730.980000,890.770000,786.330000,887.150000,889.411306,871.441695,950.266933,838.399334,956.977655,835.877702
731.790000,890.900000,787.040000,887.250000,890.307303,872.563550,949.768169,839.231987,956.977655,835.877702
732.440000,890.970000,787.770000,887.440000,890.307303,873.685406,949.768169,839.440150,956.977655,835.877702
732.850000,891.190000,788.030000,887.540000,890.307303,875.181213,949.269405,841.729944,959.869257,837.929319
733.300000,891.230000,788.340000,887.580000,890.307303,873.685406,949.020023,844.436065,959.869257,837.929319
734.150000,891.590000,789.260000,887.720000,890.307303,873.311454,949.020023,845.476880,961.025898,839.498203
735.030000,892.000000,790.230000,887.910000,890.307303,871.815647,949.269405,846.517696,961.025898,840.825720
736.020000,892.050000,791.200000,887.930000,890.307303,870.693792,949.768169,847.974838,961.025898,840.825720
736.990000,892.250000,792.200000,887.970000,891.203300,870.693792,949.768169,849.431979,963.483759,844.446221
737.900000,892.690000,793.180000,888.040000,896.131285,871.441695,954.007661,850.889121,965.363301,846.256471
738.860000,893.230000,794.040000,888.130000,899.715274,871.441695,956.750862,850.680958,966.519941,847.463305
739.920000,894.010000,795.080000,888.180000,902.851265,869.945888,957.997771,847.350348,967.098262,847.946038
740.910000,895.030000,795.990000,888.380000,906.883253,869.571936,958.745917,847.350348,968.544063,848.790822
741.860000,896.140000,796.920000,888.750000,907.331251,869.571936,965.977991,847.974838,968.544063,848.790822
742.840000,897.360000,797.790000,889.000000,907.331251,869.571936,970.965629,847.350348,970.134444,850.601072
743.750000,898.960000,798.690000,889.290000,907.331251,869.571936,970.965629,847.350348,971.435665,853.135423
744.650000,900.330000,799.290000,889.950000,906.883253,867.702178,974.706357,851.721774,971.001925,857.600707
745.520000,902.120000,799.640000,890.760000,906.883253,867.702178,974.207593,856.717688,971.146505,861.341891
745.820000,903.620000,799.850000,891.640000,906.883253,865.832419,954.257043,860.048298,971.435665,862.186675
745.970000,904.880000,800.000000,892.280000,906.883253,865.084515,952.261988,861.921766,971.001925,864.238292
746.170000,906.210000,800.100000,893.200000,906.883253,864.336612,953.010134,863.587071,969.989864,866.410592
746.330000,907.560000,800.150000,893.980000,906.883253,862.840805,953.010134,863.587071,968.833223,867.255376
746.420000,908.670000,800.230000,894.970000,906.883253,862.092901,953.010134,863.587071,965.074141,862.065991
746.940000,909.230000,800.260000,895.860000,905.987255,858.727336,954.007661,857.342178,965.941621,858.807541
746.960000,909.810000,800.250000,896.700000,905.091258,857.231529,955.005189,852.554426,966.519941,857.359340
746.860000,910.060000,800.210000,897.500000,903.747262,856.483625,955.005189,852.138100,966.809102,856.152507
746.710000,910.160000,800.230000,897.860000,903.747262,856.483625,955.005189,852.138100,967.821162,854.342256
746.550000,910.010000,800.280000,898.010000,903.747262,856.483625,956.252098,850.056469,968.254903,853.376789
745.800000,909.650000,800.240000,898.130000,902.851265,856.857577,957.249625,847.350348,969.700704,845.532371
745.000000,909.040000,800.210000,898.200000,902.851265,859.101287,956.002716,846.309533,969.989864,843.963487
744.340000,908.230000,800.190000,898.240000,902.403266,860.223143,955.503952,845.685043,969.989864,843.118704
744.120000,907.400000,800.130000,898.220000,902.403266,860.971046,955.503952,845.685043,969.700704,841.670503
743.840000,906.570000,800.110000,898.220000,901.955268,862.466853,954.755807,845.476880,969.266963,839.860253
743.840000,906.410000,800.110000,898.220000,901.955268,864.336612,951.264460,842.770760,968.977803,839.256836
743.570000,905.540000,800.000000,898.040000,901.955268,865.832419,949.768169,841.313618,964.929560,837.929319
742.840000,904.340000,799.900000,897.910000,901.955268,866.954274,948.770642,841.105455,962.760859,835.394969
742.040000,902.710000,799.720000,897.580000,901.955268,868.076129,944.780531,841.521781,959.869257,833.826085
741.430000,901.300000,799.630000,896.950000,901.955268,869.571936,944.032386,842.354434,956.977655,834.067452
741.210000,899.730000,799.560000,896.200000,901.955268,870.693792,944.032386,842.354434,957.122235,834.429502
741.020000,898.190000,798.880000,895.720000,901.955268,872.189599,944.281768,845.476880,956.254754,835.998385
740.790000,896.850000,798.180000,895.160000,901.955268,873.311454,945.528677,848.391164,955.821014,840.705037
740.500000,895.740000,798.020000,894.770000,901.507269,876.303068,946.027441,848.807490,955.965594,842.515287
740.000000,894.530000,797.900000,894.070000,901.507269,878.920730,946.526205,850.472795,956.977655,844.325537
739.860000,893.240000,796.829897,891.926804,901.507269,880.790489,947.523732,852.554426,957.122235,845.894421
739.660000,892.420000,796.660000,891.180000,901.507269,882.660248,948.521260,854.636057,957.700555,847.463305
739.000000,891.640000,796.150000,890.520000,901.507269,883.034199,945.029913,858.174830,958.857196,848.670138
738.600000,891.260000,795.780000,889.940000,902.851265,884.903958,949.020023,861.297277,960.881318,850.963122
738.320000,890.710000,795.070000,888.980000,902.851265,884.903958,948.521260,866.085028,962.905439,853.980206
738.150000,890.200000,794.630000,888.200000,902.851265,886.399765,951.513842,867.125844,964.929560,856.997290
738.030000,889.970000,794.210000,887.430000,901.955268,887.521620,951.513842,867.125844,967.387422,860.255741
737.970000,890.030000,793.890000,886.950000,901.955268,887.521620,953.010134,870.456454,971.001925,864.600342
737.920000,890.330000,793.640000,886.370000,901.955268,887.521620,958.745917,875.868695,972.303145,867.617426
737.900000,891.000000,793.130000,886.180000,899.267276,885.277910,957.499007,877.950326,971.724825,870.875877
737.860000,891.720000,792.870000,885.970000,899.267276,884.530006,955.503952,882.738078,971.580245,873.289544
737.870000,892.410000,792.650000,885.860000,899.267276,883.782103,955.254570,886.901340,971.435665,877.875512
737.860000,893.110000,792.140000,885.890000,898.371278,882.660248,955.254570,887.525829,964.922986,884.870990
737.900000,893.940000,791.860000,885.890000,898.371278,881.912344,955.005189,888.982971,964.922986,887.583303
737.950000,894.570000,791.560000,885.840000,897.923280,880.790489,946.775587,890.648276,962.275341,890.898352
737.970000,895.130000,791.080000,885.980000,897.027283,878.172827,943.783004,891.480928,954.940910,893.196347
738.080000,896.060000,790.960000,885.940000,897.027283,875.929116,943.533622,891.689091,954.940910,893.196347
738.180000,896.610000,790.900000,886.020000,896.131285,874.433309,942.785476,891.480928,954.940910,895.077773
738.230000,897.180000,790.820000,886.210000,895.683287,874.059357,942.286713,890.023787,954.940910,895.077773
738.340000,898.030000,791.170939,887.887881,895.683287,873.311454,943.783004,887.942155,954.264719,893.196347
738.820000,898.730000,791.070000,888.230000,895.235288,872.563550,945.528677,885.860524,954.490116,891.691206
739.140000,899.160000,791.130000,888.490000,894.787289,870.693792,946.526205,883.154404,955.166307,890.562350
739.350000,899.610000,791.200000,888.730000,894.787289,869.571936,946.775587,879.823794,957.194881,888.869066
740.080000,899.920000,791.480000,889.040000,894.787289,868.824033,946.775587,878.782978,958.321867,887.928353
740.830000,899.970000,792.100000,889.190000,894.787289,868.824033,947.274350,877.950326,959.448852,885.670642
741.620000,900.160000,792.890000,889.370000,894.787289,868.824033,947.274350,876.493184,960.125044,881.907789
741.800000,900.160000,793.630000,889.810000,894.787289,864.710564,947.274350,873.370737,960.125044,880.402648
741.960000,900.090000,793.980000,890.110000,893.891292,864.336612,947.274350,872.329922,962.153617,877.204223
742.140000,900.070000,794.270000,890.490000,893.891292,864.336612,948.022496,871.289106,964.418428,878.137371
742.490000,899.740000,795.050000,890.730000,893.891292,863.962660,951.513842,867.125844,965.511638,875.790891
743.140000,899.250000,795.910000,890.820000,895.235288,863.962660,953.508897,861.921766,967.073367,872.531889
743.960000,898.930000,796.780000,890.870000,895.235288,863.962660,953.758279,859.840135,967.385712,869.924689
744.710000,898.550000,797.540000,890.770000,895.683287,863.962660,953.758279,854.011568,967.073367,864.449567
744.940000,897.680000,797.960000,890.810000,897.475281,865.832419,953.758279,853.595242,967.541885,860.799485
745.260000,897.060000,798.290000,890.880000,899.267276,866.954274,953.758279,853.595242,968.181573,855.065467
746.120000,896.300000,799.230000,890.840000,899.267276,866.954274,952.261988,847.766674,968.528232,851.882482
747.060000,895.880000,800.160000,890.840000,902.403266,868.076129,952.261988,847.350348,968.181573,847.831410
747.890000,895.170000,801.110000,890.820000,905.091258,867.702178,952.261988,847.350348,967.141595,845.516512
748.850000,894.950000,802.090000,890.720000,905.987255,867.702178,952.261988,846.725859,968.181573,844.648426
749.850000,894.680000,803.130000,890.790000,908.227248,868.450081,952.511370,844.436065,968.181573,844.648426
750.890000,894.190000,804.230000,890.620000,909.123246,869.571936,952.511370,844.436065,968.181573,841.176079
751.920000,894.070000,805.380000,890.560000,910.467242,870.693792,955.005189,847.350348,968.181573,841.176079
753.100000,893.970000,807.210000,890.270000,911.363239,871.441695,955.005189,847.974838,968.181573,841.176079
754.370000,894.030000,808.810000,890.180000,916.291224,871.441695,956.002716,851.513611,971.648167,841.176079
756.040000,893.940000,809.960000,890.020000,917.187221,871.441695,957.499007,853.595242,971.648167,841.176079
757.750000,894.100000,811.190000,890.010000,917.187221,871.441695,958.496535,855.676873,975.114761,844.937788
758.960000,894.270000,812.360000,890.050000,917.635220,871.815647,958.745917,857.134015,975.461421,844.648426
760.260000,894.640000,814.130000,890.030000,922.563205,871.815647,959.743444,859.840135,979.274674,846.963324
762.100000,895.430000,815.950000,890.020000,926.147194,871.815647,960.242208,860.880951,980.314652,846.963324
763.970000,896.340000,817.790000,890.090000,926.147194,871.815647,961.738499,862.546256,984.821225,848.988860
765.940000,897.430000,819.570000,890.160000,927.491190,872.189599,963.733554,863.587071,985.861203,849.278222
767.970000,898.960000,820.920000,890.570000,934.211169,871.815647,966.476755,865.044213,987.941160,851.303758
769.920000,900.450000,822.200000,891.270000,935.107166,871.815647,969.718719,867.334007,992.447732,855.644191
771.870000,902.200000,824.030000,891.990000,935.107166,871.815647,973.459448,870.872780,994.181029,859.405901
773.960000,904.290000,825.830000,892.850000,935.555165,871.441695,974.706357,872.746248,992.447732,864.614421
776.080000,906.690000,827.600000,893.690000,935.555165,871.441695,974.706357,872.746248,992.447732,866.639957
778.060000,908.940000,828.760000,894.850000,937.347160,869.571936,974.706357,872.746248,992.447732,867.797406
779.900000,910.860000,829.890000,896.000000,937.795158,868.450081,979.693995,871.289106,992.447732,868.954855
781.920000,912.940000,830.990000,897.100000,937.795158,865.832419,982.187813,868.791149,992.447732,870.691029
784.928864,916.603588,832.030000,898.300000,937.347160,863.962660,984.681632,865.044213,993.487710,871.848478
785.850000,917.470000,833.237538,896.510022,937.347160,862.092901,985.928542,864.211560,994.181029,869.533580
790.322741,918.584625,834.160000,898.090000,937.347160,860.597094,988.921124,863.170745,994.874348,865.771870
791.190000,919.770000,835.550000,899.130000,937.347160,860.597094,990.916179,862.546256,994.874348,862.878248
793.559067,921.105945,837.020000,900.190000,930.627180,860.597094,991.165561,861.089114,994.874348,862.010161
795.050000,921.720000,838.160000,901.210000,930.627180,860.597094,992.163089,858.382993,994.874348,860.852712
796.060000,921.940000,839.250000,902.270000,928.835186,860.223143,992.911234,856.717688,996.954304,857.091003
796.640000,922.080000,840.370000,903.220000,928.387187,860.223143,993.409998,855.676873,996.954304,854.486742
796.990000,922.060000,841.360000,904.120000,928.387187,860.597094,993.409998,853.803405,996.260986,851.303758
797.230000,922.010000,842.240000,904.890000,929.731183,862.466853,991.664325,845.893206,995.914326,849.856946
798.640000,922.100000,843.080000,905.420000,930.627180,863.962660,991.414943,843.187086,995.221007,848.410135
800.020000,922.100000,844.000000,905.790000,933.315172,866.580322,991.414943,842.146270,994.527689,845.805875
800.630000,921.960000,844.990000,906.000000,935.107166,868.824033,991.414943,840.064639,993.141051,842.622890
800.710000,921.930000,845.867075,906.183820,937.347160,871.441695,992.163089,835.901377,992.447732,840.597354
793.774822,915.523022,846.710000,906.100000,937.795158,872.563550,991.165561,833.819746,991.754413,839.729267
794.030000,914.930000,847.180000,906.190000,939.587153,875.181213,989.669270,839.023824,990.714435,838.571818
794.040000,914.620000,847.520000,906.140000,940.035151,878.920730,989.669270,840.064639,991.754413,842.044165
794.230000,914.520000,847.750000,906.170000,940.483150,880.790489,990.916179,844.227902,993.141051,845.516512
794.290000,914.190000,847.960000,906.190000,940.483150,884.903958,992.661852,846.517696,994.181029,847.542048
794.390000,913.770000,848.080000,906.230000,940.931149,886.773717,994.906289,849.848306,994.181029,848.410135
792.911802,911.380854,848.100000,906.140000,941.827146,890.513234,997.150726,853.178915,995.221007,851.303758
792.910000,910.510000,848.170000,906.100000,941.827146,894.252752,997.400108,854.011568,997.647623,855.644191
793.100000,910.310000,848.160000,906.020000,940.483150,895.748559,999.644545,857.758504,999.727580,859.116538
793.070000,910.280000,848.070000,906.070000,940.483150,897.618318,1003.385273,862.962582,1001.114217,862.299523
793.090000,910.150000,848.000000,905.900000,940.483150,897.618318,1003.634655,863.587071,1003.194174,868.086768
793.060000,910.200000,848.040000,905.830000,940.483150,899.488076,1004.881565,865.460539,1005.274130,871.559115
793.110000,910.600000,848.040000,905.830000,950.787119,897.618318,1005.879092,866.501355,1007.007427,876.767636
793.120000,910.990000,847.880000,905.830000,951.940000,898.610000,1007.126001,869.207475,1006.660768,876.767636
793.050000,911.140000,847.690000,905.860000,954.371108,898.366221,1009.619820,872.954411,1008.394065,880.239983
793.030000,911.990000,847.450000,905.900000,958.403095,896.496462,1011.365493,878.574815,1008.740725,880.818708
793.040000,912.990000,846.850000,906.070000,957.507098,898.366221,1010.367966,888.982971,1011.514000,886.027228
792.920000,914.140000,846.250000,906.170000,957.507098,898.366221,1008.622293,893.354396,1011.860659,888.052764
792.970000,915.700000,846.040000,906.500000,957.507098,898.366221,1002.637128,895.436028,1013.940616,895.286820
793.000000,917.590000,845.750000,907.100000,956.163102,897.992269,996.153199,897.933985,1013.940616,900.495341
792.990000,918.860000,845.000000,907.720000,955.715104,895.748559,996.153199,898.350311,1011.514000,906.861311
792.980000,919.640000,844.280000,907.900000,954.371108,893.130897,999.644545,898.350311,1011.514000,906.861311
792.950000,920.200000,844.080000,907.900000,954.371108,893.130897,998.451328,906.166587,1011.514000,906.861311
792.940000,920.780000,843.950000,907.940000,953.027112,892.756945,998.451328,906.166587,1010.820681,907.729398
792.890000,920.890000,843.830000,907.930000,948.995124,890.887186,999.763463,900.690285,1009.780703,904.835775
792.810000,920.900000,843.700000,907.910000,948.547125,888.643476,998.013950,898.499764,1009.087384,902.810239
792.630000,920.990000,843.550000,907.810000,948.547125,888.643476,996.264437,896.309244,1008.047406,902.520877
791.940000,920.870000,843.040000,907.800000,948.547125,884.530006,995.827058,895.213983,1008.047406,901.942152
791.120000,920.390000,842.950000,907.590000,948.547125,883.782103,995.389680,892.658376,1008.394065,899.916617
790.440000,919.920000,842.930000,907.090000,947.651128,881.538392,995.389680,891.928202,1009.087384,897.601719
790.100000,919.090000,842.840000,906.860000,947.651128,880.790489,995.389680,890.832942,1010.474022,895.576183
789.910000,917.830000,842.800000,906.440000,948.995124,879.294682,995.389680,887.912248,1010.820681,894.997458
789.966339,916.082986,842.650000,905.820000,948.995124,879.294682,995.827058,885.356640,1012.207319,893.550647
789.930000,914.760000,842.720000,905.010000,948.995124,879.294682,997.576571,878.054905,1015.673913,890.657024
789.810000,913.250000,842.640000,904.070000,948.995124,879.294682,996.701815,872.578603,1019.140507,885.159142
788.350001,910.461387,842.670000,903.210000,948.995124,879.294682,995.389680,867.832475,1018.793848,882.554881
787.210000,907.870000,842.570000,902.170000,948.995124,879.294682,995.389680,864.546694,1018.447188,879.661259
786.520000,905.190000,841.990000,901.070000,948.995124,879.294682,995.389680,861.625999,1016.713891,873.295289
786.140000,902.910000,841.860000,899.980000,948.995124,879.294682,995.389680,859.800566,1015.673913,870.112304
785.950000,900.700000,840.254506,898.936482,949.443123,881.538392,995.389680,857.975132,1015.673913,868.954855
785.740000,898.430000,839.560000,897.910000,949.443123,883.034199,994.077545,862.356173,1013.940616,865.193146
785.510000,896.620000,839.290000,896.780000,949.443123,884.530006,993.640167,864.546694,1012.553978,862.010161
785.060000,895.040000,839.120000,895.660000,950.787119,887.147669,993.202788,865.276867,1011.860659,859.984625
785.020000,893.170000,839.010000,894.580000,950.787119,887.147669,992.328032,867.102301,1010.474022,858.537814
785.100000,891.960000,839.090000,893.280000,950.787119,887.147669,992.328032,867.832475,1003.194174,856.512278
785.230000,891.140000,839.020000,892.340000,950.787119,887.147669,993.640167,870.753169,1004.580812,856.512278
785.320000,890.300000,839.100000,891.280000,950.787119,887.147669,999.763463,868.927735,1004.927471,856.222916
785.590000,889.880000,839.230000,890.390000,949.443123,886.399765,999.763463,866.007041,1004.927471,856.222916
786.210000,889.470000,839.450000,889.410000,949.443123,885.651862,999.763463,866.372128,1008.394065,859.405901
786.900000,889.270000,839.960000,888.540000,950.787119,884.903958,1002.387733,870.753169,1010.820681,860.563350
787.800000,889.400000,840.300000,887.870000,952.131115,883.782103,1003.262489,871.848429,1010.820681,860.852712
788.690000,889.920000,840.940000,887.020000,953.027112,883.782103,1003.262489,871.848429,1012.553978,862.010161
789.490000,890.480000,841.700000,886.210000,953.475110,883.408151,1003.262489,872.578603,1014.980594,864.614421
789.910000,891.230000,842.000000,885.700000,955.267105,882.660248,1003.262489,875.134210,1015.673913,865.771870
790.320000,892.360000,842.260000,885.340000,957.507098,880.790489,1003.262489,876.229471,1018.447188,871.559115
791.360000,893.430000,842.880000,884.940000,959.747091,878.172827,1005.012002,878.419991,1019.487166,873.295289
792.500000,894.820000,843.060000,884.850000,960.195090,875.181213,1005.449381,879.880339,1020.180485,875.899549
794.140000,896.270000,843.320000,885.010000,960.195090,873.311454,1005.012002,885.356640,1020.527145,877.346361
795.810000,897.610000,844.280000,884.800000,959.747091,873.311454,1004.574624,885.356640,1021.220464,879.661259
796.930000,898.700000,845.114414,885.096164,958.851094,869.571936,1004.574624,885.356640,1021.913782,881.108070
798.080000,899.610000,845.990000,885.070000,958.851094,869.571936,1004.137246,878.785078,1021.913782,883.133606
799.240000,900.200000,847.080000,885.210000,958.851094,868.076129,1004.137246,878.054905,1021.913782,883.133606
800.300000,900.780000,848.170000,885.480000,959.747091,862.840805,1004.137246,877.324731,1021.913782,883.133606
801.350000,901.030000,849.180000,886.000000,959.747091,860.223143,1003.262489,874.404037,1020.180485,880.818708
802.380000,901.200000,850.340000,886.170000,959.747091,858.727336,1002.387733,867.832475,1020.180485,878.793172
803.340000,901.390000,851.520000,886.380000,959.747091,858.353384,1002.387733,867.102301,1020.180485,873.295289
804.250000,901.650000,852.820000,886.960000,959.747091,855.361770,1002.387733,864.546694,1020.180485,869.244217
805.140000,901.710000,853.910000,887.150000,958.851094,851.996204,1002.825111,862.721260,1020.180485,863.746335
805.980000,901.550000,854.910000,887.370000,958.403095,850.874349,1004.137246,857.975132,1020.180485,856.512278
806.870000,901.400000,855.800000,887.890000,957.507098,847.508783,1005.012002,854.324264,1020.180485,854.486742
807.620000,901.070000,856.800000,888.000000,957.507098,847.134831,1005.012002,849.578136,1020.180485,852.171844
807.750000,900.740000,857.700000,888.070000,957.507098,847.134831,1004.574624,845.562181,1018.793848,847.542048
807.850000,900.100000,858.600000,888.100000,958.851094,847.882735,1000.638219,832.784144,1016.713891,839.729267
807.920000,899.610000,859.490000,888.210000,961.091087,850.126445,1000.638219,832.784144,1016.713891,836.835645
807.910000,898.870000,859.780000,888.330000,961.091087,850.126445,1001.950354,832.784144,1014.980594,831.048400
807.930000,898.210000,860.060000,888.510000,961.987084,850.874349,1002.825111,828.768189,1013.593956,827.576053
807.930000,897.840000,860.190000,889.140000,964.675076,853.492011,1004.137246,828.038015,1013.247297,826.707966
807.930000,897.180000,860.320000,889.970000,965.123075,854.613866,1004.137246,825.847495,1011.514000,824.393068
807.900000,896.770000,860.280000,890.650000,967.363068,857.231529,1004.137246,825.117321,1009.780703,822.656894
807.930000,896.230000,860.490000,890.860000,969.155063,859.101287,1005.449381,825.117321,1009.087384,823.235619
807.940000,895.840000,861.210000,890.900000,971.395056,860.971046,1006.324137,825.117321,1009.087384,824.393068
807.890000,895.080000,862.010000,890.810000,972.291053,863.214757,1009.385785,829.863449,1008.740725,826.707966
807.900000,894.640000,862.700000,890.800000,973.187050,866.206371,1011.135299,834.974664,1011.514000,829.601588
807.970000,894.290000,862.890000,890.950000,974.083048,868.824033,1011.572677,837.895359,1015.327253,832.495211
808.060000,894.110000,862.920000,891.130000,974.531046,869.571936,1013.322190,842.641487,1019.140507,835.388833
808.050000,894.180000,862.900000,891.430000,975.427044,871.441695,1015.071703,847.387615,1022.607101,838.282456
808.030000,894.350000,862.830000,891.930000,977.667037,873.311454,1017.258595,851.403570,1023.647079,840.018630
808.020000,894.640000,862.860000,892.170000,977.667037,874.433309,1017.258595,853.229003,1025.380377,844.648426
807.970000,895.150000,862.930000,892.200000,978.115035,875.555164,1018.133351,856.514784,1027.460333,850.146309
807.940000,896.190000,862.800000,892.380000,979.907030,881.164441,1019.882865,859.800566,1027.806992,854.486742
807.960000,897.280000,862.590000,893.020000,980.355028,884.530006,1021.632378,863.451433,1028.153652,856.512278
807.810000,898.650000,861.770000,893.950000,980.355028,886.399765,1022.944513,867.467388,1029.193630,860.563350
807.650000,900.160000,860.980000,894.580000,979.907030,890.139283,1024.256648,873.673863,1031.273587,865.771870
807.010000,902.030000,860.230000,894.980000,979.011033,892.382993,1022.069756,881.705772,1032.660224,873.584651
806.240000,904.250000,859.360000,895.430000,979.011033,893.878800,1018.570730,886.451901,1029.430700,884.369389
806.130000,906.340000,858.890000,896.780000,977.667037,895.000655,1018.133351,889.372595,1031.377618,891.068732
806.090000,908.770000,857.850000,898.190000,976.771039,895.748559,1017.695973,892.658376,1031.849012,897.616519
805.920000,911.800000,856.840000,899.890000,974.083048,896.496462,1015.071703,897.404504,1033.027498,900.573585
805.760000,914.120000,855.810000,901.400000,970.947057,894.626704,1013.322190,901.055372,1033.027498,900.996023
805.630000,916.260000,854.870000,902.710000,969.603061,893.130897,1012.010055,904.706240,1033.498892,902.263336
804.920000,918.010000,854.000000,903.870000,969.603061,892.756945,1011.135299,906.531674,1033.734589,905.854058
804.050000,919.990000,853.020000,904.990000,968.707064,892.009041,1009.823164,905.436413,1031.849012,906.910153
803.210000,921.660000,852.150000,906.020000,968.707064,891.261138,1008.948407,901.785545,1028.313555,907.966248
802.400000,922.930000,851.220000,907.100000,967.363068,890.513234,1008.511029,898.864851,1027.135070,907.966248
802.120000,924.140000,850.420000,908.120000,964.675076,889.391379,1008.511029,895.579070,1022.892521,905.431620
801.820000,925.230000,849.960000,909.070000,963.331080,889.017427,1008.511029,892.658376,1021.242641,902.263336
801.500000,926.250000,849.140000,910.040000,960.195090,887.147669,1008.511029,890.832942,1021.242641,902.052117
800.740000,927.000000,848.370000,911.020000,959.747091,886.399765,1008.511029,888.277335,1021.949733,900.151147
799.670000,927.850000,847.880000,911.890000,958.403095,885.651862,1007.636272,886.086814,1022.656824,898.672614
798.600000,928.650000,847.080000,912.810000,957.955097,885.277910,1004.137246,880.245425,1022.892521,898.461395
797.610000,928.990000,846.370000,913.580000,951.683116,882.660248,1003.262489,878.419991,1023.599613,893.814578
796.600000,929.230000,846.070000,913.820000,951.683116,882.660248,1002.825111,878.054905,1023.599613,890.435075
795.730000,929.500000,845.820000,914.010000,951.235117,882.660248,1002.387733,876.229471,1022.656824,888.956543
794.920000,929.400000,845.340000,914.180000,950.787119,882.660248,1001.950354,873.308776,1021.242641,885.999478
793.890000,928.930000,844.660000,914.330000,947.203130,882.660248,1001.950354,873.308776,1021.242641,885.788259
792.900000,928.190000,843.890000,914.490000,946.307132,883.034199,999.763463,868.927735,1020.064156,880.930223
791.860000,927.380000,843.050000,914.970000,945.411135,884.530006,999.763463,867.832475,1018.414276,875.227311
790.920000,926.530000,842.260000,915.070000,944.515138,886.399765,998.888706,866.007041,1017.235790,871.002932
789.960000,925.530000,841.670000,915.170000,944.515138,890.139283,998.013950,864.546694,1015.350213,862.554175
789.060000,924.750000,841.410000,915.190000,944.963136,891.261138,997.576571,863.816520,1015.350213,862.554175
788.110000,923.820000,841.330000,915.340000,944.963136,892.756945,997.576571,863.816520,1014.878819,857.484920
787.300000,922.930000,841.490000,915.360000,944.963136,893.130897,994.077545,861.625999,1014.407425,857.273701
786.760000,922.120000,842.090000,915.370000,944.067139,896.496462,994.077545,861.625999,1011.343362,854.316636
786.600000,921.500000,842.500000,915.610000,943.171142,898.740173,991.890654,861.991086,1011.107665,854.316636
786.590000,921.010000,842.380000,916.120000,943.171142,899.862028,990.141140,862.721260,1010.636271,854.105417
786.940000,920.450000,841.880000,916.710000,942.723143,902.105739,990.141140,866.007041,1008.279300,854.105417
786.950000,920.080000,841.774477,917.227228,942.723143,903.227594,990.141140,869.657909,1008.279300,854.105417
787.060000,919.970000,841.940000,916.960000,942.723143,903.227594,991.015897,872.578603,1007.336511,855.583950
787.130000,919.850000,842.160000,917.000000,942.723143,903.975497,991.890654,874.769124,1007.336511,858.541015
787.260000,919.850000,842.250000,917.090000,942.723143,903.975497,993.202788,877.324731,1007.336511,860.653204
787.510000,920.030000,842.590000,917.160000,942.723143,904.349449,993.640167,878.419991,1008.279300,862.976613
788.120000,920.310000,843.060000,917.170000,946.307132,905.845256,995.389680,880.975599,1009.929179,865.088802
788.940000,920.790000,843.340000,917.350000,948.547125,906.967111,996.264437,883.531206,1011.343362,867.834648
789.820000,921.630000,843.930000,917.610000,957.507098,909.958725,997.576571,885.356640,1015.585910,872.692684
790.640000,922.160000,844.220000,917.820000,957.507098,909.958725,999.763463,887.547161,1017.000093,874.593655
791.020000,922.840000,845.020000,917.960000,957.507098,909.958725,1001.950354,889.372595,1018.885670,876.705844
791.250000,923.380000,845.800000,918.200000,960.195090,910.706629,1001.950354,890.102768,1020.064156,878.395596
792.150000,924.460000,846.580000,918.530000,966.915069,908.088967,1004.574624,892.658376,1022.421127,880.719004
793.010000,925.590000,846.980000,918.970000,966.915069,908.088967,1011.572677,899.229938,1022.892521,882.197537
793.820000,926.780000,847.250000,919.330000,966.915069,908.088967,1012.010055,899.960112,1025.013796,884.732164
794.490000,927.580000,848.010000,919.880000,967.811067,907.341063,1013.322190,901.785545,1028.313555,891.068732
795.110000,927.660000,849.040000,920.160000,967.811067,907.341063,1013.759568,902.880806,1029.020647,895.293111
795.980000,927.390000,849.970000,920.220000,970.051060,905.097353,1013.322190,904.341153,1029.727738,900.151147
796.810000,927.190000,850.910000,920.230000,971.843054,903.227594,1012.884812,907.992021,1030.199132,902.052117
797.710000,927.180000,851.880000,920.290000,973.187050,902.479690,1012.010055,907.992021,1031.377618,905.009182
798.480000,927.140000,852.830000,920.270000,975.427044,901.357835,1008.948407,903.610979,1031.849012,905.431620
799.080000,927.090000,853.800000,920.300000,976.323041,900.609932,1008.948407,903.610979,1030.199132,905.854058
799.770000,927.040000,854.630000,920.270000,977.667037,899.862028,1010.697920,902.150632,1028.784950,905.854058
799.970000,926.930000,854.970000,920.450000,978.563034,899.488076,1013.322190,899.960112,1027.135070,905.431620
800.030000,926.570000,855.130000,920.830000,978.563034,897.618318,1015.071703,898.134678,1026.663675,902.685774
800.050000,926.020000,855.480000,920.920000,978.563034,893.878800,1016.383838,897.039417,1028.313555,898.461395
800.140000,925.630000,856.080000,921.020000,978.563034,893.878800,1017.258595,893.753636,1030.199132,896.349206
800.100000,925.060000,856.650000,921.080000,977.667037,892.009041,1017.258595,890.832942,1031.377618,894.870673
800.040000,924.640000,856.730000,921.340000,975.875042,890.887186,1015.946460,887.547161,1032.320406,893.392141
800.090000,924.030000,856.760000,921.680000,975.875042,890.887186,1015.509082,881.705772,1034.205983,890.012637
800.020000,923.530000,856.840000,921.760000,975.875042,890.887186,1015.071703,878.419991,1034.205983,880.930223
799.900000,923.120000,856.860000,921.840000,975.875042,891.261138,1015.071703,876.959644,1033.263195,876.705844
799.820000,922.740000,856.870000,921.940000,975.875042,892.009041,1012.884812,871.848429,1029.492041,872.270246
799.720000,922.040000,856.850000,922.010000,975.875042,893.878800,1012.010055,870.753169,1028.313555,869.313181
799.540000,921.230000,856.810000,922.120000,975.875042,895.748559,1010.697920,869.657909,1027.135070,867.834648
798.910000,920.510000,856.640000,922.490000,975.427044,898.740173,1009.385785,868.927735,1026.192281,866.778554
798.150000,919.860000,855.990000,922.980000,975.427044,900.235980,1007.636272,868.927735,1021.478339,864.666364
797.570000,919.000000,855.190000,923.410000,972.291053,905.097353,1006.324137,868.197562,1017.942882,862.765394
797.370000,918.130000,854.860000,923.750000,970.947057,908.836870,1006.324137,868.197562,1015.821608,861.709299
797.220000,917.420000,854.640000,923.800000,970.051060,910.706629,1006.324137,868.197562,1014.878819,861.498080
797.130000,917.080000,854.400000,923.850000,970.051060,910.706629,1006.324137,868.197562,1012.521848,860.441985
797.030000,916.890000,854.170000,923.840000,970.051060,910.706629,1006.324137,872.578603,1012.521848,860.441985
796.940000,916.660000,853.890000,923.900000,970.051060,911.080581,1006.324137,872.943690,1012.521848,861.075642
796.740000,916.330000,853.690000,923.940000,970.051060,911.828484,1008.511029,878.054905,1016.528699,867.412210
796.510000,916.330000,852.860000,923.960000,970.051060,914.446146,1010.697920,881.705772,1017.707185,869.524400
795.630000,916.460000,852.030000,923.890000,970.051060,915.568002,1010.697920,883.896293,1018.178579,871.636589
794.730000,916.950000,851.160000,923.870000,969.155063,917.063809,1010.697920,887.912248,1019.357064,875.227311
793.660000,917.230000,850.290000,923.870000,968.707064,918.185664,1011.572677,890.832942,1020.299853,879.451690
792.730000,917.830000,849.360000,923.850000,967.811067,919.307519,1011.572677,895.579070,1020.299853,881.986318
791.750000,918.140000,848.410000,923.730000,967.363068,920.055423,1011.572677,897.039417,1020.064156,885.788259
790.710000,918.770000,847.410000,923.720000,966.915069,920.055423,1011.572677,899.960112,1020.535550,888.534105
789.720000,919.180000,846.410000,923.660000,966.915069,920.055423,1011.135299,901.785545,1020.535550,889.378981
788.690000,919.860000,845.400000,923.830000,960.643089,923.794940,1010.697920,906.531674,1021.242641,891.491170
787.640000,920.400000,844.320000,923.940000,960.195090,923.794940,1009.385785,909.817455,1022.421127,895.715549
786.620000,921.120000,843.340000,923.730000,958.851094,926.412602,1008.948407,910.912715,1022.892521,899.517490
785.660000,921.790000,842.250000,923.920000,958.403095,927.534458,1008.948407,912.738149,1022.892521,900.996023
784.610000,922.460000,841.240000,923.570000,958.403095,928.282361,1008.948407,914.928670,1022.892521,905.009182
784.316734,924.225854,840.140000,923.560000,958.403095,928.656313,1008.948407,918.214451,1023.128218,907.332591
783.630000,924.550000,839.110000,924.230000,958.851094,928.656313,1008.511029,920.039885,1023.128218,908.177467
782.680000,925.040000,837.900000,924.900000,958.851094,928.656313,1007.636272,921.865318,1023.599613,911.768189
781.700000,925.690000,836.650000,925.150000,958.851094,928.656313,1006.324137,923.690752,1023.599613,915.570130
780.690000,926.020000,835.240000,924.930000,958.851094,928.656313,1003.262489,926.611447,1022.892521,918.527195
779.690000,926.230000,834.370000,924.630000,958.851094,929.404216,1001.950354,928.436881,1021.949733,920.639384
778.800000,926.290000,833.650000,924.510000,958.851094,929.404216,997.576571,930.992488,1021.242641,922.117917
777.960000,926.280000,833.180000,924.570000,958.851094,929.404216,995.827058,932.087748,1020.299853,923.385231
777.130000,926.380000,832.930000,924.830000,957.507098,929.404216,992.328032,934.643356,1019.592762,924.441325
776.370000,926.680000,832.800000,924.800000,954.371108,928.282361,991.015897,934.643356,1018.885670,925.919858
776.310000,926.780000,832.680000,924.970000,951.235117,927.534458,988.829005,935.373529,1017.000093,928.243266
776.320000,926.610000,832.780000,924.820000,951.235117,927.534458,987.954249,935.373529,1015.821608,930.355456
776.280000,926.600000,832.800000,924.830000,951.235117,927.534458,987.079492,933.913182,1013.700333,932.678864
776.340000,926.550000,832.800000,924.910000,949.891121,921.925181,987.079492,932.817922,1013.228939,932.890083
776.460000,926.500000,832.880000,924.990000,952.131115,920.055423,987.516871,932.087748,1013.228939,932.678864
777.260000,926.190000,832.870000,924.960000,952.131115,920.055423,989.266384,930.262314,1012.050454,931.200332
778.030000,926.020000,832.980000,925.290000,953.027112,920.055423,991.015897,929.532141,1011.343362,930.566675
778.840000,925.840000,833.610000,926.620000,957.955097,920.055423,991.890654,928.436881,1011.343362,930.355456
777.807761,921.531023,834.219771,926.176583,957.955097,920.055423,992.328032,927.706707,1011.343362,929.510580
777.960000,921.620000,834.180000,926.020000,957.955097,920.055423,993.202788,926.611447,1011.343362,927.609610
778.220000,921.460000,834.060000,926.000000,957.955097,920.055423,993.202788,925.516186,1011.814756,926.131077
778.400000,921.270000,834.070000,925.970000,957.955097,920.055423,993.202788,925.516186,1011.814756,925.497420
778.990000,921.030000,834.110000,925.750000,958.403095,918.185664,993.202788,924.786013,1011.814756,925.074982
779.080000,921.130000,834.150000,925.330000,958.403095,918.185664,993.640167,923.690752,1012.050454,922.962793
777.807761,914.037835,834.070000,924.830000,958.403095,918.185664,995.827058,916.389017,1012.050454,921.695479
778.000000,912.230000,834.070000,923.990000,958.851094,917.063809,995.827058,912.738149,1011.343362,919.794509
778.320000,911.110000,833.970000,922.980000,958.851094,917.063809,995.827058,909.087281,1008.279300,910.078437
778.540000,909.000000,833.900000,921.500000,958.851094,917.063809,995.389680,906.531674,1006.629420,903.741869
778.690000,907.050000,833.910000,919.920000,958.403095,918.185664,995.389680,902.515719,1002.858266,898.461395
778.770000,905.280000,834.304559,920.334220,958.403095,922.673085,995.389680,901.055372,1001.208386,896.349206
778.880000,903.140000,834.380000,918.900000,958.403095,926.412602,994.077545,898.134678,999.558506,894.870673
779.040000,900.950000,834.460000,917.480000,958.403095,926.412602,993.640167,897.404504,999.558506,894.870673
779.020000,898.430000,834.560000,915.970000,958.403095,927.908409,993.640167,897.404504,999.558506,895.293111
779.280000,896.940000,834.750000,914.330000,958.403095,929.778168,993.640167,898.864851,1000.029900,897.827738
779.680000,894.860000,834.870000,913.010000,958.403095,929.778168,993.202788,913.468323,1000.265597,900.573585
780.280000,893.140000,835.130000,911.810000,957.507098,932.021879,993.202788,914.563583,1001.208386,903.108212
780.960000,891.480000,835.440000,910.480000,957.507098,932.021879,993.202788,915.658843,1003.093963,907.543810
781.610000,890.000000,836.140000,909.060000,957.507098,932.395830,993.640167,916.389017,1006.158025,913.457940
781.960000,888.260000,837.060000,908.010000,957.955097,933.143734,996.264437,918.579537,1006.629420,915.358911
782.310000,886.880000,837.900000,906.960000,957.955097,933.143734,997.576571,920.770058,1008.279300,918.738414
783.020000,885.300000,838.760000,906.010000,957.955097,933.143734,997.576571,921.865318,1009.457785,921.061822
783.760000,883.920000,839.610000,905.010000,957.955097,933.143734,997.576571,922.960579,1010.636271,917.471100
784.190000,882.310000,839.960000,903.660000,953.475110,935.387444,997.576571,924.055839,1011.107665,917.893538
785.050000,880.950000,840.250000,901.980000,953.475110,935.387444,997.576571,924.055839,1011.343362,918.104757
786.020000,879.990000,841.210000,900.500000,959.747091,933.891637,999.763463,925.516186,1012.993242,920.850603
787.000000,878.920000,842.210000,899.400000,959.747091,933.891637,1000.200841,927.341620,1014.171728,923.807669
787.980000,877.700000,843.260000,898.230000,958.403095,933.891637,1000.200841,928.071794,1014.878819,925.286201
788.950000,876.800000,844.310000,897.090000,957.955097,933.517686,1000.200841,930.262314,1014.878819,925.286201
789.890000,875.830000,845.410000,895.990000,957.955097,932.021879,1000.638219,930.992488,1015.350213,926.131077
790.980000,874.720000,846.350000,895.030000,957.955097,931.273975,1001.075598,931.722662,1016.528699,928.032047
791.940000,873.750000,847.400000,893.970000,958.851094,930.152120,1001.950354,933.548096,1016.764396,929.299361
793.020000,873.340000,848.310000,892.980000,959.747091,929.778168,1002.387733,934.643356,1017.000093,930.144237
793.810000,872.580000,849.200000,892.070000,959.747091,929.778168,1002.825111,935.738616,1017.235790,931.200332
794.750000,872.350000,850.080000,891.200000,959.747091,929.404216,1003.262489,936.833877,1017.235790,931.833988
795.460000,871.710000,851.060000,890.330000,960.195090,928.282361,1004.137246,937.564050,1017.942882,933.312521
796.010000,871.090000,852.020000,889.580000,961.091087,927.534458,1004.574624,938.294224,1018.885670,932.890083
796.940000,870.650000,852.940000,889.150000,961.987084,926.786554,1004.574624,937.564050,1021.714036,933.312521
797.660000,870.280000,853.950000,888.760000,962.435083,926.412602,1004.574624,934.643356,1027.842161,933.946178
798.300000,870.000000,854.840000,887.930000,964.227078,925.664699,1004.574624,933.913182,1032.556104,933.734959
799.000000,869.970000,855.710000,887.170000,964.227078,925.664699,1005.012002,933.183009,1037.977137,933.523740
799.840000,869.820000,856.380000,886.490000,966.467071,923.794940,1005.449381,932.817922,1037.977137,933.523740
800.510000,869.810000,856.730000,886.100000,966.467071,923.794940,1006.324137,931.722662,1041.276897,933.946178
800.770000,869.620000,857.020000,885.720000,967.363068,922.673085,1006.324137,931.722662,1041.512594,933.946178
800.960000,869.220000,857.130000,885.030000,969.155063,921.925181,1006.324137,931.722662,1041.748291,933.946178
800.930000,869.220000,857.250000,884.460000,970.051060,920.429374,1006.761516,931.357575,1045.990840,934.368616
801.140000,869.200000,857.550000,884.090000,970.947057,920.055423,1007.198894,930.992488,1046.462234,933.946178
801.200000,869.230000,858.170000,883.840000,970.947057,919.307519,1007.636272,930.992488,1046.462234,933.946178
801.260000,869.220000,858.920000,883.680000,972.291053,917.437760,1008.511029,929.897228,1046.462234,933.946178
801.230000,869.500000,859.270000,883.030000,973.635049,916.315905,1008.511029,928.436881,1044.812354,934.579835
801.260000,870.090000,859.360000,882.280000,974.531046,913.698243,1008.511029,928.436881,1042.691080,934.579835
801.210000,870.780000,859.640000,881.980000,975.427044,912.576388,1008.511029,928.436881,1041.276897,934.368616
801.000000,871.110000,859.700000,881.850000,975.427044,911.080581,1008.948407,927.341620,1040.098412,933.312521
800.760000,872.030000,859.790000,881.500000,975.427044,911.080581,1008.948407,926.246360,1039.391320,932.467645
800.300000,872.970000,859.440000,880.610000,975.427044,910.706629,1008.948407,925.881273,1038.919926,932.256426
800.457435,878.189103,859.020000,880.030000,975.875042,909.584774,1008.948407,924.786013,1036.091560,930.144237
799.660000,879.050000,861.722427,880.664910,976.323041,907.341063,1007.636272,924.055839,1036.091560,930.144237
798.890000,880.150000,862.220000,880.930000,976.771039,905.471304,1006.761516,923.690752,1034.205983,929.088142
797.710000,881.160000,862.230000,880.860000,977.667037,905.097353,1006.761516,923.690752,1033.263195,928.454485
796.760000,882.370000,861.740000,880.680000,977.667037,903.227594,1006.324137,922.960579,1029.020647,927.609610
795.740000,883.770000,860.960000,880.460000,977.667037,900.609932,1006.324137,921.865318,1027.606464,928.032047
794.740000,884.690000,860.120000,880.260000,977.667037,897.992269,1006.324137,921.135145,1027.370767,929.088142
793.760000,885.680000,859.260000,880.390000,977.667037,896.870414,1006.324137,920.039885,1027.135070,929.088142
792.820000,886.400000,858.620000,880.570000,977.667037,895.748559,1007.198894,918.214451,1026.427978,928.032047
791.980000,887.120000,858.190000,880.910000,977.667037,892.009041,1008.511029,915.658843,1025.956584,926.342296
791.330000,887.880000,857.880000,881.100000,977.667037,890.513234,1008.511029,913.103236,1025.485190,924.863763
791.000000,888.850000,857.650000,881.340000,977.667037,888.269524,1009.823164,910.182541,1024.778098,920.216946
790.770000,889.690000,856.910000,881.590000,976.771039,885.277910,1011.572677,906.166587,1025.013796,914.936473
790.340000,890.410000,855.960000,881.890000,974.083048,880.790489,1012.884812,901.055372,1025.249493,913.246721
789.730000,890.820000,855.080000,882.050000,973.187050,878.172827,1012.884812,896.674331,1025.956584,911.556970
788.830000,890.850000,854.260000,882.320000,972.291053,877.798875,1012.884812,893.023463,1026.192281,909.022342
788.140000,890.890000,851.212244,884.097831,971.843054,877.050971,1012.884812,890.832942,1027.135070,907.543810
787.450000,890.950000,850.070000,884.350000,970.947057,875.929116,1012.884812,887.547161,1027.606464,905.854058
787.260000,890.940000,849.570000,884.640000,969.603061,873.685406,1012.884812,885.356640,1028.784950,902.263336
787.270000,891.050000,849.380000,884.840000,968.707064,871.815647,1012.884812,882.801033,1029.963435,896.349206
787.060000,890.770000,849.170000,884.950000,968.707064,870.693792,1012.884812,880.975599,1030.199132,894.659454
786.890000,890.690000,848.980000,885.100000,967.363068,868.450081,1012.010055,879.880339,1030.199132,893.180922
786.520000,889.950000,848.860000,885.150000,966.915069,867.702178,1012.010055,878.785078,1030.199132,891.702389
785.870000,889.020000,848.400000,885.230000,966.915069,867.702178,1012.010055,876.229471,1030.670527,889.378981
785.020000,887.790000,847.940000,885.080000,966.915069,867.702178,1012.884812,873.308776,1030.906224,881.563880
784.070000,886.480000,847.230000,885.030000,966.915069,867.702178,1012.884812,872.578603,1029.492041,875.438530
783.080000,884.890000,846.830000,884.910000,966.915069,867.702178,1011.572677,867.102301,1033.498892,866.778554
782.650000,883.280000,846.210000,884.580000,966.915069,867.702178,1011.135299,863.816520,1032.084709,865.722459
782.850000,882.080000,845.810000,884.290000,966.915069,867.702178,1009.385785,860.165652,1030.199132,856.428825
783.100000,881.010000,845.240000,884.040000,966.915069,868.824033,1007.636272,858.705305,1031.849012,861.709299
783.220000,879.790000,844.600000,883.670000,967.811067,870.693792,1006.324137,857.975132,1031.849012,857.273701
783.085851,878.189103,844.050000,883.220000,968.707064,871.441695,1004.574624,856.879871,1031.849012,857.273701
782.920000,877.060000,843.490000,882.870000,968.707064,871.815647,1004.137246,856.879871,1030.670527,853.682979
782.820000,876.130000,842.970000,882.340000,968.707064,873.311454,1003.262489,856.879871,1029.020647,849.247381
782.620000,875.180000,842.440000,881.710000,968.707064,873.685406,1000.200841,856.879871,1027.606464,847.768849
781.670000,873.890000,842.200000,880.980000,968.707064,875.181213,998.888706,857.975132,1027.606464,847.135192
780.910000,872.840000,841.920000,880.250000,968.707064,877.050971,998.013950,860.895826,1027.842161,847.768849
780.180000,871.950000,841.840000,879.760000,967.811067,878.920730,998.451328,863.451433,1027.370767,850.092257
779.870000,871.420000,841.700000,879.120000,966.467071,881.538392,998.888706,864.546694,1027.370767,850.514695
779.830000,871.280000,841.480000,878.540000,966.467071,882.660248,998.888706,867.102301,1027.370767,851.570790
780.050000,871.320000,841.460000,877.980000,964.227078,883.782103,998.888706,867.832475,1027.370767,851.570790
780.020000,871.270000,841.620000,877.250000,963.331080,884.530006,998.888706,869.657909,1027.370767,852.415665
779.940000,871.460000,841.570000,877.060000,961.987084,884.903958,998.888706,871.118256,1027.842161,855.372731
779.910000,871.940000,841.680000,876.650000,961.987084,885.277910,998.888706,874.404037,1028.549252,857.273701
779.810000,872.310000,842.010000,876.080000,961.091087,885.651862,998.888706,877.324731,1029.492041,858.541015
779.820000,872.970000,842.410000,875.850000,961.091087,885.651862,998.888706,879.880339,1029.492041,859.808328
779.920000,873.770000,845.728671,875.324811,960.643089,885.651862,998.888706,880.975599,1029.963435,862.554175
780.040000,874.680000,846.600000,874.820000,960.643089,885.651862,998.888706,883.531206,1030.670527,865.722459
780.160000,875.370000,847.280000,874.650000,961.987084,883.782103,998.888706,884.261380,1030.906224,868.045867
780.680000,876.520000,847.700000,874.720000,961.987084,883.034199,998.888706,885.721727,1031.849012,871.636589
781.370000,877.700000,847.850000,874.970000,962.883082,881.538392,998.888706,886.086814,1033.027498,874.171217
782.190000,878.600000,848.000000,875.280000,964.227078,878.920730,998.013950,885.356640,1033.498892,874.804873
783.010000,879.300000,848.150000,875.650000,965.123075,875.181213,998.013950,885.356640,1034.913075,876.283406
783.810000,879.840000,848.720000,875.850000,966.467071,871.815647,998.451328,880.610512,1036.798652,879.451690
784.570000,880.180000,849.710000,875.980000,966.467071,871.441695,998.888706,879.880339,1036.798652,879.451690
785.040000,880.880000,851.050000,875.990000,967.363068,867.702178,999.763463,878.054905,1036.798652,880.719004
787.210000,882.710000,852.210000,876.080000,967.811067,864.710564,1000.638219,874.404037,1036.798652,880.719004
788.900000,883.930000,853.280000,876.150000,968.707064,863.214757,1001.950354,872.943690,1036.562955,880.507785
790.720000,884.770000,854.240000,876.350000,969.155063,862.092901,1001.950354,872.578603,1036.091560,879.662909
792.620000,885.510000,855.190000,876.840000,969.603061,861.344998,1002.825111,871.483343,1035.620166,877.339501
793.740000,885.920000,856.280000,877.170000,973.187050,857.231529,1004.137246,870.022995,1035.620166,876.283406
794.830000,886.180000,848.927422,878.376296,974.083048,856.483625,1005.012002,868.927735,1037.034349,873.115122
795.920000,886.560000,849.670000,878.640000,974.083048,855.735722,1006.324137,865.641954,1037.270046,867.834648
796.940000,887.000000,850.660000,879.020000,974.531046,854.987818,1007.198894,864.546694,1037.270046,866.778554
797.910000,886.820000,851.660000,879.330000,975.875042,853.118059,1011.572677,860.165652,1037.270046,865.722459
798.900000,886.790000,852.900000,879.860000,975.875042,853.118059,1015.071703,857.975132,1036.798652,863.187832
799.880000,886.370000,853.910000,879.980000,976.323041,852.744108,1017.258595,855.054437,1036.562955,861.709299
800.830000,885.650000,854.910000,880.090000,976.323041,852.744108,1018.133351,852.498830,1036.562955,858.329796
801.720000,884.790000,855.880000,880.160000,978.563034,853.492011,1019.445486,848.847962,1035.620166,852.204446
802.570000,883.860000,856.800000,880.210000,979.907030,854.613866,1020.320243,845.562181,1035.620166,844.600564
802.700000,882.640000,857.860000,880.290000,979.907030,854.613866,1020.320243,843.736747,1037.891243,843.865846
802.760000,881.320000,858.650000,880.190000,982.147023,854.613866,1019.882865,841.546226,1034.490569,838.005271
802.890000,880.160000,859.140000,880.120000,983.491019,855.361770,1017.695973,838.990619,1034.228979,836.129887
803.080000,879.070000,859.570000,880.170000,984.387016,856.483625,1017.258595,837.165185,1034.228979,835.895464
803.170000,877.990000,859.740000,880.090000,984.835015,857.231529,1017.258595,837.165185,1031.874666,831.441426
803.270000,876.940000,857.833669,879.919990,984.835015,865.084515,1017.258595,839.720793,1031.874666,831.207003
803.380000,876.030000,857.980000,879.730000,984.835015,867.702178,1017.695973,840.450966,1031.874666,831.207003
803.360000,875.200000,858.210000,879.110000,984.835015,869.945888,1018.570730,843.371660,1031.874666,833.785657
803.330000,874.330000,858.250000,878.590000,985.731012,873.685406,1018.570730,849.943222,1032.659437,836.833156
803.240000,873.620000,858.250000,878.040000,987.075008,878.920730,1018.570730,852.498830,1034.490569,841.756039
803.170000,873.300000,858.150000,877.400000,987.523007,882.660248,1018.570730,855.419524,1035.536930,845.741230
803.110000,873.090000,858.020000,877.070000,987.523007,886.399765,1018.570730,861.625999,1036.583292,850.429691
802.960000,873.110000,857.750000,876.870000,987.523007,890.513234,1019.445486,867.467388,1039.199195,857.462381
802.850000,873.290000,857.150000,876.550000,987.971005,893.878800,1019.445486,870.753169,1039.199195,860.509881
802.660000,873.880000,856.430000,876.210000,987.971005,895.748559,1019.445486,876.229471,1039.722375,868.714686
800.298479,877.961646,855.470000,876.070000,987.523007,896.496462,1019.445486,880.975599,1038.414424,879.498145
799.060000,878.900000,854.550000,876.000000,986.627009,897.618318,1019.445486,885.356640,1038.152834,882.545644
798.200000,879.890000,853.300000,876.100000,986.627009,897.992269,1019.445486,891.198029,1038.152834,886.296412
797.080000,881.320000,851.890000,876.190000,986.627009,893.878800,1019.445486,891.198029,1037.891243,889.812758
796.080000,883.180000,850.690000,876.310000,987.075008,890.139283,1015.071703,895.579070,1031.351485,899.189678
795.030000,885.040000,848.880000,876.430000,987.075008,888.643476,1012.884812,897.404504,1030.828305,899.189678
793.880000,886.590000,847.170000,877.170000,986.627009,886.399765,1011.572677,898.134678,1027.950811,901.299485
792.730000,887.790000,845.480000,877.870000,985.283013,882.660248,1010.697920,898.134678,1024.026956,902.471601
789.460000,887.430000,843.609378,877.634306,984.387016,881.538392,1008.511029,895.579070,1020.887872,902.471601
787.350000,887.710000,842.340000,878.190000,983.043020,880.790489,1004.137246,890.102768,1018.271969,902.471601
785.780000,888.200000,841.080000,878.700000,979.011033,877.050971,1004.137246,889.007508,1017.225608,902.471601
785.160000,889.740000,839.970000,878.800000,978.115035,875.929116,1002.825111,886.451901,1015.917656,901.533908
784.270000,890.220000,838.880000,878.890000,977.667037,873.685406,1002.387733,884.626467,1013.824934,898.955255
782.620000,890.020000,837.730000,878.950000,976.323041,871.815647,1002.387733,883.896293,1013.040163,897.314294
780.800000,889.580000,836.640000,879.000000,975.875042,870.319840,1001.950354,881.705772,1013.040163,895.673333
779.460000,889.270000,835.570000,879.020000,975.427044,867.702178,999.763463,876.229471,1013.040163,895.673333
779.000000,889.450000,833.960000,879.070000,974.083048,865.832419,998.013950,873.308776,1013.301753,895.438910
778.360000,889.700000,832.410000,879.120000,972.291053,863.214757,995.389680,870.022995,1013.301753,893.563526
778.040000,889.780000,831.430000,879.080000,966.467071,860.223143,994.514923,869.292822,1013.563343,891.922565
777.710000,889.630000,830.470000,878.980000,960.195090,859.101287,994.514923,868.927735,1014.348114,890.750450
776.780000,889.200000,829.470000,878.860000,957.507098,858.353384,994.077545,867.102301,1015.132885,889.578335
775.920000,888.700000,828.380000,878.660000,955.267105,857.605480,992.328032,859.800566,1016.964018,883.952182
774.870000,887.960000,827.640000,877.980000,953.923109,857.231529,992.328032,857.975132,1018.533560,873.871992
773.890000,887.410000,827.150000,877.260000,951.683116,856.857577,992.328032,854.324264,1019.056740,869.652378
773.110000,886.680000,826.720000,876.870000,948.547125,855.361770,991.890654,850.673396,1019.579921,866.136033
772.080000,885.640000,825.870000,876.140000,947.651128,854.987818,991.890654,848.117789,1019.579921,863.322957
771.060000,884.850000,824.960000,875.540000,946.307132,853.865963,991.453275,845.562181,1019.579921,859.337765
770.520000,884.220000,824.080000,875.100000,942.275145,849.378542,991.453275,842.276400,1019.056740,852.070652
770.240000,883.600000,823.180000,874.800000,942.275145,849.004590,991.453275,841.546226,1019.056740,846.444499
769.810000,882.650000,822.600000,874.070000,942.275145,849.004590,991.453275,839.720793,1019.579921,841.756039
769.160000,881.850000,822.270000,873.450000,941.827146,847.508783,991.015897,834.974664,1019.841511,840.349501
768.770000,881.210000,822.040000,873.050000,941.827146,847.134831,990.141140,832.784144,1019.841511,838.005271
768.100000,880.710000,821.890000,872.690000,941.827146,846.386928,989.266384,830.593623,1020.364692,833.316811
767.750000,880.130000,821.820000,872.020000,941.827146,846.386928,988.829005,829.133276,1018.271969,824.174313
767.740000,879.960000,821.750000,871.530000,941.827146,846.386928,988.829005,828.768189,1017.748789,823.939890
768.070000,880.280000,821.750000,871.200000,944.067139,846.386928,987.954249,827.672929,1016.440837,822.767775
768.160000,879.910000,821.810000,870.980000,944.067139,846.386928,987.954249,827.672929,1013.824934,821.126814
768.210000,879.750000,821.890000,870.850000,944.067139,846.386928,987.954249,827.672929,1010.424260,819.720276
768.390000,879.620000,821.960000,870.710000,944.067139,846.386928,987.954249,828.768189,1008.069947,819.485853
768.990000,879.620000,822.150000,870.600000,944.515138,847.134831,988.829005,829.498363,1007.285176,820.423545
769.350000,879.940000,822.550000,870.180000,944.963136,847.134831,988.829005,829.863449,1007.285176,821.830083
769.730000,879.850000,823.330000,870.140000,944.963136,847.134831,988.829005,829.863449,1007.285176,822.767775
770.130000,880.250000,824.130000,870.130000,945.411135,845.265073,988.829005,829.863449,1007.808356,823.002198
771.150000,880.580000,825.050000,870.090000,946.307132,843.769266,988.829005,829.863449,1007.808356,823.939890
771.830000,880.870000,826.090000,870.140000,946.307132,843.395314,988.829005,829.863449,1007.808356,825.112005
773.080000,881.450000,827.140000,870.220000,947.355756,840.197307,988.829005,831.323797,1008.069947,825.580851
774.040000,882.240000,828.210000,870.320000,948.534339,840.689198,988.829005,834.974664,1010.424260,826.987389
775.300000,883.270000,829.290000,870.500000,950.007568,838.844606,991.015897,837.895359,1011.209031,828.159504
777.450000,884.340000,830.340000,871.230000,951.186151,837.614877,993.202788,838.990619,1013.040163,833.551234
779.640000,885.670000,831.240000,872.150000,953.543318,836.508122,993.202788,838.990619,1013.301753,837.536425
781.730000,886.520000,832.190000,873.150000,955.900485,834.909475,994.514923,837.895359,1013.824934,838.239694
783.570000,886.810000,833.120000,874.060000,959.878203,832.450018,995.389680,836.800098,1015.132885,839.411809
789.035335,892.215579,834.200000,874.860000,961.793401,828.145969,996.264437,834.974664,1019.841511,839.880655
791.490000,893.100000,840.759789,869.606537,963.266630,824.210839,997.576571,834.244491,1023.503776,839.177386
793.700000,893.420000,845.390371,868.119913,963.834096,822.448228,998.013950,832.784144,1030.305124,837.302002
795.870000,893.560000,845.390371,866.930614,963.834096,822.302482,998.888706,830.958710,1030.828305,836.833156
797.840000,893.520000,846.470000,866.980000,966.103960,820.262044,999.763463,830.593623,1033.444208,833.316811
799.740000,893.370000,847.990000,867.150000,966.278565,818.950334,1001.950354,826.212582,1033.444208,832.613542
801.670000,892.820000,850.140000,867.150000,967.500800,817.055642,1003.262489,821.831540,1033.967388,829.800465
803.330000,891.930000,852.190000,867.070000,972.215133,811.517310,1005.012002,816.720325,1033.967388,823.939890
804.720000,891.050000,854.030000,866.970000,973.088158,809.039635,1006.324137,810.513850,1032.659437,816.907199
805.810000,890.150000,855.740000,866.820000,973.088158,805.395995,1007.198894,807.593156,1031.613076,812.218739
806.870000,889.210000,856.960000,866.730000,973.088158,805.104504,1007.198894,803.942288,1030.305124,807.530279
807.870000,888.180000,858.120000,866.660000,974.265124,800.722540,1005.565508,794.143057,1029.258763,802.841818
808.830000,887.090000,859.994514,866.633289,974.265124,800.722540,1006.657721,793.535265,1027.099204,792.442236
809.690000,886.000000,861.260000,866.800000,974.265124,800.722540,1008.478075,791.104098,1023.615267,789.059945
810.450000,884.910000,862.080000,866.530000,977.208259,805.021735,1009.206217,787.761244,1022.308790,786.588271
810.680000,883.710000,862.790000,865.940000,977.208259,805.021735,1009.934358,785.330077,1019.405510,783.205980
810.740000,882.650000,863.640000,865.210000,977.208259,809.320930,1012.118783,780.163848,1016.937721,781.775010
810.750000,881.710000,863.810000,865.110000,978.824509,808.377519,1012.118783,778.340473,1014.469932,779.953777
810.700000,880.840000,863.890000,865.000000,978.932047,808.467283,1012.118783,777.732681,1009.244026,777.872367
810.610000,879.990000,863.970000,864.950000,980.437577,810.083027,1012.118783,780.163848,1008.518206,777.872367
810.600000,879.140000,864.000000,864.900000,980.437577,812.416880,1012.846925,784.722286,1008.663370,781.514834
810.520000,878.460000,864.000000,864.840000,980.437577,816.186951,1012.846925,784.722286,1009.969847,783.466156
809.980000,878.090000,864.010000,864.740000,980.437577,818.610567,1013.939137,787.457348,1013.453784,786.328095
809.960000,877.960000,863.980000,864.650000,980.545114,820.495602,1015.395421,790.496307,1015.486080,787.889152
809.930000,877.880000,863.980000,864.490000,980.545114,822.021583,1015.395421,792.623577,1019.550674,789.580298
809.850000,877.890000,864.010000,864.020000,980.760190,822.470401,1016.123562,794.143057,1019.841002,789.580298
809.740000,877.890000,863.950000,863.990000,981.297879,823.278273,1017.215775,796.574223,1020.566822,789.840474
809.650000,877.980000,863.840000,863.960000,981.082804,823.547564,1017.579845,798.397598,1021.728134,791.531619
809.470000,878.150000,863.690000,863.940000,980.545114,824.894018,1017.943916,798.397598,1024.486251,792.832501
808.790000,878.220000,863.520000,863.980000,979.792350,825.791654,1017.943916,801.132661,1025.357235,795.043999
808.010000,878.410000,863.000000,864.020000,979.469736,826.509762,1017.579845,802.652140,1025.792727,796.084704
807.330000,878.990000,862.920000,864.100000,979.147123,827.138107,1019.036129,805.691099,1033.802039,785.983037
807.190000,879.290000,862.820000,864.220000,978.716971,827.766452,1019.764270,808.730057,1035.161417,788.419438
807.030000,879.950000,862.700000,864.400000,977.534055,829.112906,1020.856483,811.161224,1035.977044,793.779521
806.860000,880.720000,862.180000,865.090000,977.318979,829.831015,1020.856483,813.288495,1036.520795,795.728642
806.780000,881.130000,861.710000,865.790000,976.996366,831.267232,1020.128341,814.200182,1037.064546,797.434123
806.640000,882.020000,861.100000,866.040000,976.673752,832.523922,1020.128341,814.200182,1039.239551,799.870524
806.380000,882.970000,860.960000,866.250000,976.566215,832.523922,1020.856483,816.327453,1041.414556,804.499686
805.710000,883.870000,860.800000,866.370000,976.136063,833.242031,1021.584625,818.758620,1041.958307,809.616128
805.040000,884.860000,860.150000,867.120000,975.920988,833.511321,1022.676837,821.493682,1041.958307,812.052530
804.440000,885.780000,859.640000,867.840000,975.383298,833.601085,1022.676837,823.924849,1041.958307,818.143533
804.360000,886.810000,858.830000,868.580000,973.232542,833.152267,1022.676837,824.228745,1042.230182,821.798134
804.230000,887.670000,858.160000,868.820000,973.232542,833.152267,1021.948695,826.052120,1042.230182,822.529055
804.130000,888.540000,857.470000,868.980000,973.017466,833.062503,1021.584625,828.787183,1042.230182,824.721816
803.970000,889.000000,857.190000,869.040000,972.909928,833.062503,1021.220554,831.522245,1041.958307,825.940016
803.930000,889.810000,856.980000,869.110000,972.264701,832.523922,1020.856483,833.041724,1041.142680,827.401857
803.890000,890.330000,856.780000,869.170000,971.081785,832.075104,1019.036129,833.041724,1041.142680,827.401857
803.890000,890.580000,856.720000,869.170000,967.317961,831.895577,1017.943916,832.433933,1039.239551,831.056459
803.900000,890.740000,856.730000,869.130000,966.242583,832.164868,1017.943916,831.826141,1039.239551,831.543739
803.850000,890.930000,856.550000,869.190000,966.027507,832.164868,1017.943916,830.610558,1037.880173,833.249220
803.800000,891.020000,856.010000,869.380000,965.274742,832.523922,1017.943916,829.394974,1036.792671,834.711061
803.730000,891.030000,855.480000,870.070000,964.737053,832.703449,1017.943916,828.483287,1036.520795,835.198341
803.690000,890.990000,854.640000,870.930000,964.091826,833.242031,1017.943916,828.483287,1035.705168,836.172901
803.540000,890.840000,853.900000,871.700000,963.769212,835.486120,1016.487633,830.306662,1035.161417,836.903822
802.820000,890.770000,853.270000,871.860000,963.221235,834.677791,1015.395421,831.522245,1034.617666,836.903822
802.190000,890.480000,853.220000,871.870000,962.655419,835.858530,1014.667279,832.130037,1034.617666,836.903822
802.080000,889.940000,853.140000,871.890000,962.513966,836.330825,1014.303208,834.561204,1033.802039,838.122022
801.980000,889.130000,853.040000,871.880000,962.513966,836.330825,1014.667279,835.168995,1033.802039,838.365663
801.870000,888.200000,852.970000,871.830000,962.513966,836.448899,1014.667279,836.080683,1033.802039,838.365663
801.840000,887.250000,852.890000,871.800000,962.513966,836.448899,1014.667279,836.080683,1031.627034,835.685621
801.740000,886.320000,852.860000,871.680000,962.513966,836.566973,1014.667279,836.080683,1031.083283,827.889137
801.660000,885.340000,852.840000,871.300000,962.513966,838.574229,1014.303208,831.826141,1031.083283,827.158217
801.540000,884.380000,852.860000,870.800000,962.513966,838.574229,1013.575066,827.875495,1030.267656,824.965456
801.060000,883.390000,852.890000,870.080000,963.221235,840.935706,1010.298429,819.974203,1029.723905,821.067214
801.110000,882.360000,859.638316,868.714562,963.221235,840.935706,1009.934358,815.719661,1028.908278,818.630813
801.751788,878.568196,860.290000,868.780000,963.362689,842.706814,1009.934358,813.288495,1028.636403,817.412612
802.010000,878.000000,860.080000,868.270000,964.211412,845.068291,1009.934358,812.376807,1028.364527,816.194412
802.010000,877.180000,859.930000,867.740000,964.352866,845.304439,1009.934358,812.072911,1027.548900,814.976211
801.990000,876.280000,860.020000,867.090000,964.635774,846.367103,1009.934358,813.288495,1027.277025,814.488931
802.050000,875.380000,860.080000,866.480000,964.635774,846.839399,1011.754712,816.631349,1027.277025,814.488931
802.010000,874.810000,860.120000,866.110000,965.060136,848.020137,1012.846925,821.189787,1027.005149,816.438052
802.080000,874.260000,860.080000,865.840000,965.484497,849.200876,1013.575066,824.228745,1027.005149,817.899893
802.150000,873.780000,860.110000,865.560000,966.191767,849.791245,1013.575066,826.052120,1026.461398,818.630813
802.180000,873.450000,860.250000,865.040000,966.191767,849.791245,1013.575066,828.483287,1026.461398,819.361733
806.475043,873.412519,860.300000,864.850000,966.191767,849.791245,1013.575066,830.002766,1026.461398,820.336294
806.890000,872.900000,860.220000,864.820000,967.181944,850.027393,1013.575066,830.914453,1027.005149,821.798134
807.490000,872.510000,860.500000,864.780000,969.020844,850.499688,1016.487633,831.522245,1027.277025,822.772695
807.850000,872.480000,861.140000,864.500000,969.162298,850.499688,1023.769049,830.002766,1030.267656,823.503615
808.100000,872.690000,863.760000,862.590000,973.123007,850.499688,1024.497191,830.002766,1030.267656,823.747255
808.210000,873.170000,865.960000,861.320000,974.961907,849.909319,1024.497191,830.002766,1033.802039,824.965456
808.260000,874.050000,867.540000,860.670000,975.952085,848.256285,1027.409758,834.561204,1035.705168,825.940016
810.834970,876.141995,868.650000,860.330000,978.781162,847.665916,1028.501970,836.080683,1037.336422,826.427297
812.670000,877.350000,869.620000,860.060000,981.610240,846.839399,1032.142678,842.462495,1040.598929,826.670937
814.580000,878.320000,870.600000,859.880000,981.751694,846.249029,1032.142678,842.766391,1047.939570,830.325539
815.970000,878.960000,871.600000,859.830000,982.741871,844.241774,1033.598962,844.589766,1049.027072,834.467421
817.270000,879.940000,872.720000,859.650000,985.146587,840.463410,1037.239670,849.148204,1049.027072,837.391102
819.310000,880.970000,873.960000,859.410000,985.146587,840.109189,1037.239670,850.363787,1049.027072,838.122022
821.370000,881.920000,875.020000,859.840000,985.288041,838.574229,1037.239670,850.363787,1050.930201,842.994825
823.380000,882.900000,876.070000,860.290000,985.995310,834.677791,1037.239670,849.755996,1052.289579,846.649427
825.330000,883.880000,876.379651,859.200169,986.561126,830.663280,1037.239670,848.236516,1052.833331,848.354907
827.420000,884.760000,877.290000,859.090000,986.702580,830.309058,1036.511528,845.197558,1052.833331,850.547669
829.350000,885.650000,878.660000,859.460000,986.702580,826.176473,1036.147457,843.678079,1052.289579,850.547669
831.200000,886.220000,880.210000,860.120000,986.844034,825.940326,1035.783387,840.031329,1050.930201,842.994825
833.000000,886.240000,881.920000,860.670000,987.268395,825.113809,1034.691174,833.953412,1050.930201,838.852943
834.690000,885.630000,883.850000,860.790000,989.673111,823.224627,1034.691174,829.091078,1050.930201,836.903822
835.830000,884.810000,885.560000,860.910000,990.804743,820.863150,1034.691174,827.267703,1050.930201,835.929261
836.950000,883.980000,886.800000,861.110000,990.804743,817.320934,1035.783387,824.532641,1051.745828,833.249220
837.960000,883.230000,887.950000,861.350000,991.566827,813.134824,1036.511528,820.885891,1054.192709,827.401857
838.860000,882.560000,888.880000,861.970000,991.566827,813.134824,1037.239670,818.758620,1052.833331,815.463491
839.650000,882.330000,889.680000,862.680000,991.566827,811.038100,1034.691174,810.249536,1054.192709,807.667008
839.710000,882.180000,890.520000,862.930000,993.450751,809.989739,1030.322324,805.083307,1054.464584,803.037845
839.570000,881.940000,890.627596,866.633289,993.450751,809.989739,1025.589404,799.613182,1053.648957,798.165043
838.750000,881.720000,891.130000,867.240000,993.450751,809.989739,1024.497191,796.878119,1052.289579,793.535881
838.020000,880.860000,891.500000,867.320000,994.078726,809.989739,1024.497191,795.966432,1051.473953,792.074040
837.180000,880.050000,891.530000,867.460000,995.020688,810.513919,1023.404979,793.535265,1045.220814,785.739397
836.370000,879.150000,894.545781,865.146665,998.474550,816.017818,1022.676837,792.015786,1045.220814,785.252117
836.180000,878.330000,896.326774,866.633289,998.474550,816.017818,1022.676837,792.015786,1041.958307,782.572075
835.970000,877.590000,896.326774,866.633289,999.416512,820.211265,1023.404979,796.574223,1039.239551,780.866594
835.680000,877.200000,896.326774,867.227938,999.416512,820.211265,1023.769049,799.005390,1038.423924,780.866594
834.850000,876.930000,896.326774,868.119913,998.788537,822.832169,1024.861262,803.563828,1035.977044,782.328435
833.960000,876.810000,896.326774,868.119913,998.788537,824.928892,1025.225333,805.691099,1035.977044,784.033916
832.970000,876.850000,895.258178,869.606537,999.730500,826.501435,1025.225333,806.602786,1035.705168,784.521196
832.060000,877.000000,895.258178,869.606537,1000.986449,830.170701,1025.225333,808.122265,1036.520795,787.688518
831.180000,877.250000,894.545781,869.606537,1000.986449,832.005334,1025.225333,809.641745,1036.520795,787.688518
830.290000,877.660000,894.545781,869.606537,1000.986449,835.936690,1025.225333,811.769015,1038.152049,788.419438
829.360000,878.270000,894.545781,869.606537,1001.928412,838.819684,1025.589404,813.592390,1041.958307,790.124919
828.570000,879.120000,894.545781,869.606537,1001.928412,840.654317,1026.681616,816.631349,1043.317685,791.343120
828.320000,879.990000,893.477185,869.903862,1002.556387,842.488950,1028.137899,821.189787,1044.948938,792.561320
828.100000,881.190000,893.477185,869.903862,1002.556387,844.847764,1028.501970,822.405370,1047.395819,794.997721
827.910000,882.450000,891.696192,871.390486,1002.556387,848.517030,1029.958253,826.052120,1048.755197,796.215922
827.690000,884.100000,890.271397,872.877109,1002.556387,851.137934,1031.050466,828.787183,1049.570823,797.190482
826.780000,886.000000,888.846603,874.066409,1001.928412,854.283019,1031.778608,833.345620,1051.473953,798.652323
825.920000,887.930000,888.846603,874.066409,1001.300437,856.379742,1032.506749,839.119641,1052.289579,801.576005
825.000000,889.900000,886.353213,875.553033,1000.986449,857.690194,1032.870820,853.402746,1055.823962,826.427297
824.090000,891.880000,886.353213,875.850357,1000.986449,858.476465,1032.870820,855.833912,1054.192709,834.467421
823.100000,893.890000,884.928418,877.634306,999.730500,860.835279,1032.870820,857.657287,1054.192709,836.903822
822.240000,895.880000,884.572219,878.823605,997.218600,863.718274,1032.870820,859.784558,1054.192709,842.994825
821.310000,897.740000,883.503624,880.012904,996.276638,864.504545,1032.506749,861.911829,1054.464584,850.304028
820.340000,899.520000,882.078829,880.904879,993.450751,865.552907,1029.958253,863.431308,1054.464584,855.176831
819.390000,900.700000,881.722630,881.499528,990.938852,865.552907,1024.497191,864.950788,1054.192709,858.831433
818.540000,901.870000,879.229240,883.283477,990.624864,865.552907,1020.128341,866.470267,1052.833331,863.947875
818.240000,902.910000,877.448247,884.472776,986.857015,866.863359,1019.400200,867.078059,1046.948287,874.889734
817.930000,903.850000,876.023452,885.067426,984.345116,867.649630,1019.400200,867.078059,1046.439095,874.889734
817.610000,904.830000,873.173863,886.554050,979.949292,868.960082,1019.400200,867.078059,1043.383944,881.734384
816.870000,905.720000,872.817665,886.851375,979.635304,868.960082,1019.036129,869.509225,1043.383944,881.734384
815.980000,906.580000,870.680473,888.040674,976.809418,869.484263,1019.036129,869.509225,1041.856369,885.384863
815.150000,906.800000,869.255679,888.932648,972.099606,871.056805,1018.307987,869.813121,1041.856369,886.297483
814.440000,906.920000,866.762288,890.419272,979.688160,868.017549,1017.579845,869.813121,1041.856369,886.297483
814.070000,906.920000,865.337494,891.013922,979.688160,868.017549,1016.487633,869.509225,1041.856369,886.297483
814.030000,906.810000,864.981295,891.311246,978.180766,867.514251,1017.215775,870.420913,1041.856369,884.015934
813.570000,906.550000,864.981295,891.311246,978.180766,867.514251,1017.215775,872.548184,1041.856369,884.015934
812.870000,905.680000,864.268898,891.311246,977.879287,866.256004,1017.215775,873.155975,1041.856369,884.015934
812.030000,904.760000,864.268898,891.311246,977.276329,866.256004,1016.487633,872.852079,1041.856369,884.015934
811.200000,903.610000,864.268898,891.013922,977.276329,865.752706,1020.856483,865.558579,1041.347177,874.889734
810.430000,902.250000,864.268898,890.419272,977.276329,865.752706,1023.404979,861.000142,1041.347177,874.889734
810.170000,900.540000,864.268898,889.527298,977.276329,865.752706,1024.861262,858.265079,1042.874753,868.957704
810.050000,898.640000,864.268898,888.932648,975.768935,865.249407,1025.589404,855.833912,1043.383944,864.850914
809.830000,896.630000,864.268898,888.932648,975.467456,866.507654,1025.589404,853.706642,1045.420712,859.831505
809.760000,894.640000,864.268898,888.932648,975.467456,868.772497,1026.681616,851.883266,1045.929903,857.549955
809.570000,892.670000,864.268898,888.040674,975.467456,871.288990,1027.409758,849.755996,1046.439095,854.355785
808.820000,890.830000,864.268898,888.040674,975.768935,872.798886,1028.137899,847.324829,1046.439095,849.792685
808.050000,888.930000,864.981295,885.067426,976.673372,876.321976,1029.958253,845.197558,1046.439095,847.967445
807.310000,887.020000,865.510000,883.780000,976.673372,876.573625,1031.050466,843.678079,1046.948287,847.511135
807.210000,885.140000,865.610000,882.690000,977.276329,877.580223,1031.778608,842.462495,1046.948287,847.511135
807.460000,883.490000,865.710000,881.650000,978.180766,878.083521,1031.778608,847.020933,1046.948287,847.511135
808.170000,882.240000,865.810000,880.490000,978.482245,878.335171,1029.230112,859.480662,1046.948287,847.511135
808.890000,881.350000,866.040000,879.040000,978.482245,879.593417,1028.866041,861.000142,1047.966670,847.511135
809.780000,880.460000,866.450000,877.850000,978.482245,879.593417,1028.501970,864.342996,1048.475862,847.511135
810.590000,879.770000,867.020000,876.590000,978.482245,879.593417,1029.230112,867.989746,1052.040205,850.705305
810.870000,879.000000,867.980000,875.020000,978.482245,881.606611,1029.958253,869.509225,1055.604547,853.443165
811.050000,878.210000,868.850000,873.730000,977.879287,882.613209,1030.686395,871.636496,1056.622931,855.268405
811.220000,877.630000,869.780000,872.350000,977.879287,882.864858,1030.686395,872.852079,1058.659698,858.918885
811.510000,877.390000,870.600000,871.250000,977.276329,882.864858,1030.686395,874.067663,1059.168890,861.656744
812.440000,877.470000,870.980000,870.110000,976.371893,882.613209,1030.322324,876.194934,1059.678081,862.569364
813.750000,877.960000,871.540000,869.210000,976.371893,881.354962,1029.230112,878.626100,1061.714849,866.676154
815.230000,878.280000,872.390000,868.370000,976.371893,878.838469,1028.501970,880.145580,1063.242424,870.326634
816.940000,878.840000,873.240000,867.690000,977.879287,875.063730,1027.409758,882.272851,1064.260807,877.171284
818.710000,878.950000,874.260000,866.830000,978.783723,872.043938,1026.317545,883.184538,1070.880301,889.947963
819.810000,878.990000,875.290000,865.920000,979.386681,870.534042,1022.734713,887.980120,1070.880301,894.511063
820.990000,879.130000,876.320000,865.110000,981.497033,866.256004,1022.734713,887.980120,1069.861917,899.074163
822.120000,879.060000,877.260000,864.230000,982.401470,862.732914,1023.491484,884.979597,1068.843534,902.724643
823.120000,878.940000,878.430000,863.300000,982.401470,857.951577,1024.437447,881.979075,1068.334342,902.724643
824.270000,878.980000,880.060000,862.410000,981.497033,854.176838,1025.761796,878.031019,1066.297575,895.879993
825.330000,878.910000,881.710000,861.770000,981.497033,853.673539,1027.842916,873.135429,1066.297575,894.054753
826.390000,878.750000,882.800000,861.100000,984.210343,847.633956,1030.302422,865.871006,1066.297575,890.860583
827.410000,878.500000,884.158853,861.079556,984.511821,846.375710,1031.059193,859.238271,1068.334342,885.384863
828.420000,877.720000,884.720000,860.790000,988.431046,841.594373,1032.383542,854.816448,1068.334342,883.103314
829.400000,876.870000,884.840000,860.680000,992.953229,839.077880,1032.951120,853.553070,1068.843534,879.909144
830.370000,875.860000,884.850000,860.500000,994.460623,838.071283,1033.140312,851.658003,1069.861917,877.171284
831.280000,874.840000,884.870000,860.130000,994.762102,838.071283,1033.897083,849.605014,1069.861917,875.346044
832.230000,873.680000,884.780000,860.270000,995.968018,836.813037,1034.275469,848.499558,1070.880301,873.064494
833.070000,872.440000,888.555933,857.022053,1001.093158,834.044894,1034.843047,845.025269,1070.880301,871.239254
833.830000,870.890000,889.280000,856.610000,1005.916819,831.528401,1035.410625,838.234612,1071.389492,868.045084
834.540000,869.090000,888.980000,856.380000,1008.027171,828.005311,1035.221432,833.496945,1073.935451,836.103385
834.610000,867.040000,888.740000,855.990000,1009.534566,824.985520,1035.392632,815.766140,1073.935451,831.996596
834.810000,865.330000,888.570000,855.830000,1009.534566,824.985520,1035.392632,815.766140,1073.935451,829.258736
834.930000,864.100000,887.980000,855.640000,1009.534566,824.985520,1035.392632,815.766140,1076.481410,816.938366
834.980000,862.860000,887.040000,854.630000,1008.027171,824.733870,1035.392632,814.519766,1077.499794,806.443237
834.990000,861.480000,886.776948,851.453501,1008.027171,824.733870,1035.392632,814.519766,1073.426260,801.880137
834.870000,859.690000,886.230000,850.100000,1007.122735,824.733870,1033.899461,809.534273,1071.389492,799.598587
834.540000,857.780000,886.020000,849.470000,1007.122735,824.733870,1033.899461,808.287899,1071.389492,799.598587
833.780000,856.330000,885.870000,849.040000,1006.519777,825.488818,1033.152876,808.287899,1070.880301,800.054897
832.900000,855.650000,885.700000,848.740000,1006.519777,825.992117,1033.152876,808.287899,1067.315958,800.054897
832.020000,855.170000,884.997964,846.627423,1006.519777,826.243766,1032.406291,812.650206,1067.315958,800.054897
831.160000,854.920000,884.210000,846.370000,1005.615341,827.250363,1032.406291,817.635700,1062.224040,797.317037
